"","smiles","AR_true","AR"
"1","['CN1[C@@H](CCC1=O)C2=CN=CC=C2']",4.79999999999999,19.1530343556581
"2","['CCCC1CCC(=O)O1']",10.6,15.017057218149
"3","['CCCCCC1CCC(=O)O1']",13.3,20.9604058307422
"4","['O=C1CCCO1']",11.3,5.511507202139
"5","['CCC1CCC(=O)O1']",54,11.1035473664742
"6","['CC(C)OC1=CC=CC(NC(=O)C2=C(C)C=CC=C2)=C1']",59.8,60.3206614736026
"7","['IC1=C(C=CC=C1)C(=O)NC2=CC=CC=C2']",73.6,67.2442797314722
"8","['CC(C)OC1=CC(NC(=O)C2=C(C=CC=C2)C(F)(F)F)=CC=C1']",75.6,59.0137796127936
"9","['ON=C1CCCCC1']",11.1,16.1190126133391
"10","['C1=CC=C(C=C1)C(=O)OCCOCCOC(=O)C2=CC=CC=C2']",29.2,51.0532191805517
"11","['O(CC(OC(=O)C1=CC=CC=C1)C)CC(OC(=O)C2=CC=CC=C2)C']",34.7,48.2172779323164
"12","['COC1=NN(CSP(=S)(OC)OC)C(=O)S1']",73.9,68.5009643616091
"13","['FC1=CC=CC(F)=C1C(=O)NC(=O)NC2=C(F)C=C(OC3=C(Cl)C=C(C=C3)C(F)(F)F)C=C2']",20,76.5433965339355
"14","['S(C(CC1CC(O)=C(C(=O)C1)\\C(=N\\OCC)\\CCC)C)CC']",55.5,44.7155634920635
"15","['CC(=C)[C@@H]1CC=C(C)C(=O)C1']",24,17.080002883099
"16","['NS(=O)(=O)C1=CC2=C(NCNS2(=O)=O)C=C1Cl']",-6.70000000000001,48.5349196398671
"17","['OC(=O)CCC([O-])=O.CO[C@@H]1COCC[C@@H]1[NH2+][C@@H]2CC[C@](C2)(C(C)C)C(=O)N3CCC4=C(C3)C=C(C=N4)C(F)(F)F']",20.9,18.7090466952418
"18","['CC(=O)C1=CC(=CC2=C1CCC2(C)C)C(C)(C)C']",6.2,43.7725598890119
"19","['O=C(OCCCCCCOC(=O)C1=CC=CC=C1)C2=CC=CC=C2']",26.8,52.4243587013526
"20","['OC(=O)C1C2CCC(O2)C1C(O)=O']",-3.4,14.7352013205974
"21","['CCCCCCCCCC=CCC1CC(=O)OC1=O']",98.4,33.9746469235457
"22","['[C@H]1(O[C@@H]2O[C@H](CO)[C@H](O)[C@H](O)[C@H]2O)[C@H](O)[C@@H](O)[C@H](O)O[C@@H]1CO']",7.2,-1.30713511846688
"23","['CCC1=NN(C)C(C(=O)NCC2=CC=C(C=C2)C(C)(C)C)=C1Cl']",24.5,49.4599589915459
"24","['CC1=CC=C(C=C1)S(O)(=O)=O.CCN(C(C)C)C(=O)C1=CC(OC[C@H](C)NC2=CC=NC=C2)=CC(C)=C1']",5.89999999999998,47.2725092582617
"25","['CN1C=C(C(=O)C(=C1)C2=CC(=CC=C2)C(F)(F)F)C3=CC=CC=C3']",23.8,68.0551922217893
"26","['CNC(=O)OC1=CC=CC2=C1OC(C)(C)O2']",24.2,63.0529662375578
"27","['C[Si](CN1C=NC=N1)(C2=CC=C(F)C=C2)C3=CC=C(F)C=C3']",52.2,57.0277633797763
"28","['CCC(C)(C)C1CCC(=O)CC1']",19.8,14.1149460212572
"29","['CCC(C)C1CCCCC1=O']",9.89999999999999,16.203112765816
"30","['CCCC1CCC(=O)CC1']",34.9,17.4066981993881
"31","['O=C1CCCCC1']",1,13.3469747534493
"32","['CC(C)(C)C1CCC(=O)CC1']",7.2,11.9171322021725
"33","['CCCCN(CCCC)SN(C)C(=O)OC1=C2OC(C)(C)CC2=CC=C1']",67.5,53.7972750475398
"34","['CCOC1OC2=C(C=C(OS(C)(=O)=O)C=C2)C1(C)C']",82.6,57.1687110103102
"35","['CC1=NC(NC2=CC=CC=C2)=NC(=C1)C3CC3']",91,47.0349356763494
"36","['[Na+].COC1=CC(OC)=NC(SC2=C(C([O-])=O)C(Cl)=CC=C2)=N1']",66.3,81.8866330332005
"37","['CC1=C2C=CC=CC2=CC=C1']",24.8,59.0865102696592
"38","['OC(=O)CC1=C2C=CC=CC2=CC=C1']",63,64.926800822975
"39","['OC1=CC=CC2=CC=CC=C12']",90.3,68.5634145801463
"40","['CCCCC1=CC2=C(C=CC=C2S(=O)(=O)[O-])C=C1.[Na+]']",101.1,66.9141247994768
"41","['CCOC(=O)CC1=CC=CC2=C1C=CC=C2']",84,59.6719813418028
"42","['CC1=CC=C(C)C2=C1C=CC=C2']",55,62.6452892340239
"43","['C1=CC2=CC=CC=C2C=C1']",34.8,54.5837755971933
"44","['C12CC[C@@](O)(C#C)[C@@]1(C)CCC3C4CCC(=O)C=C4CCC23']",15.8,13.1887312312457
"45","['CCC(=O)O[C@H]1CC[C@H]2[C@@H]3CCC4=CC(=O)CC[C@]4(C)[C@H]3CC[C@]12C']",31.3,4.65702585991463
"46","['C12CC[C@@](O)(C#C)[C@@]1(CC)CCC3C4CCC(=O)C=C4CCC23']",18,13.8410393671269
"47","['C12CC[C@H](C(C)=O)[C@@]1(C)CCC3C2CCC4=CC(=O)CC[C@]34C']",16.5,7.24929710165785
"48","['CCCCCC(=O)O[C@@]1(CC[C@H]2[C@@H]3CCC4=CC(=O)CC[C@]4(C)[C@H]3CC[C@]12C)C(C)=O']",29,9.64693981100658
"49","['C[C@]12C[C@H](O)[C@H]3[C@@H](CCC4=CC(=O)CC[C@]34C)[C@@H]1CC[C@@H]2C(=O)CO']",12.6,3.03590723571099
"50","['CC(=O)[C@@]1(O)CC[C@H]2[C@@H]3CCC4=CC(=O)CC[C@]4(C)[C@H]3CC[C@]12C']",13.9,3.14372828045506
"51","['CNC1=C(Cl)C(=O)N(N=C1)C2=CC=CC(=C2)C(F)(F)F']",48,54.2057491622779
"52","['NC1=C(Cl)C(=O)N(N=C1)C2=CC=CC=C2']",63.9,56.1019411314963
"53","['CCOC(=O)COC1=CC(N2N=CC(=C(C)C2=O)C(F)(F)F)=C(F)C=C1Cl']",24.7,62.4172454500537
"54","['NC1=NC(NC2CC2)=NC(N)=N1']",24.2,20.4515405349531
"55","['CSC1=NC(NC(C)(C)C)=NC(NC2CC2)=N1']",86,31.3858588062754
"56","['CN1C(=O)N(C(=O)C=C1C(F)(F)F)C2=CC(C(=O)OC(C)(C)C(=O)OCC=C)=C(Cl)C=C2']",40.9,52.2535308816887
"57","['S(=O)(=O)(C1=C(C(=C(C=C1)C(=O)C=2C(=O)N(NC2)C)C)C3=NOCC3)C']",7.5,60.0098143463298
"58","['CO/N=C(/C1=NOCCO1)\\C2=C(OC3=NC=NC(OC4=CC=CC=C4Cl)=C3F)C=CC=C2']",88.2,82.8592836512197
"59","['CN1C(COC(N)=O)=NC=C1[N+]([O-])=O']",9.7,43.858301828146
"60","['N1C=CN=C1']",3.59999999999999,0.524322454840679
"61","['COC(=O)C(CC1=CN=CN1)N.Cl']",85.7,19.3021695975729
"62","['CC1=CC2=CC=CN=C2C=C1']",43.1,56.876699325565
"63","['OC(=O)C1=C(Cl)C=CC2=CC(Cl)=CN=C12']",18.7,77.6997370005546
"64","['C1=CC2=C(C=C1)N=CC=C2']",34.3,52.1605958066747
"65","['CCOC(=O)C1OC1C2=CC=CC=C2']",40.1,38.3784116019118
"66","['COCC1=NN=C(N1C2=C(Cl)C(Cl)=CC3=C2NC(=O)C(=O)N3)C4=C[N+]([O-])=CC=C4']",-0.800000000000004,67.451670790581
"67","['[O-]C(=O)C1=CC=CC=C1.CC[N+](CC)(CC(=O)NC1=C(C)C=CC=C1C)CC2=CC=CC=C2']",12.7,51.1031069702488
"68","['[Cl-].CCNC1=CC=C(C(C2=CC=C(C=C2)N(CC)CC)=C3C=CC(C=C3)=[N+](CC)CC)C4=C1C=CC=C4']",110.3,67.308387591416
"69","['CC1=NNC(=O)N(C1)/N=C/C2=CC=CN=C2']",3.09999999999999,33.4356286275904
"70","['CN(C)C1=NC(=O)N(C2CCCCC2)C(=O)N1C']",21.6,9.96098194368197
"71","['CCC1=CN=C(C2=NC(C)(C(C)C)C(=O)N2)C(=C1)C(O)=O']",8.2,42.9359156868057
"72","['CC1=CC=C(C=C1)S(=O)(=O)NC(=O)NN2CCCCCC2']",12.8,28.0794847220026
"73","['O.ClCCN(CCCl)P1(=O)NCCCO1']",63.3,5.15033163247332
"74","['O=C1N(C2CCC(=O)NC2=O)C(=O)C3=CC=CC=C13']",-9.00000000000001,42.3754705168361
"75","['O=C1NC(=O)C(N1)(C2=CC=CC=C2)C3=CC=CC=C3']",24.1,55.1640484983295
"76","['NC1=CC2=C3N(CCC3=C1)C(=O)[C@H](NC(=O)C4=CC=CN=C4)N=C2C5=CC=CC=C5']",40.1,57.23869934221
"77","['CSC1=N[C@](C)(C(=O)N1NC2=CC=CC=C2)C3=CC=CC=C3']",35.3,48.0740532317103
"78","['CCC(C)N1C(=O)NC(C)=C(Br)C1=O']",22.6,26.0749403005707
"79","['FC1=CNC(=O)NC1=O']",14.1,14.8515904907128
"80","['CC1=C(Cl)C(=O)N(C(=O)N1)C(C)(C)C']",14.6,21.0796116791318
"81","['[K+].CC1=CC(=O)[N-]S(=O)(=O)O1']",24,48.06394446205
"82","['C12CC(C=C1)C3C2[C@]4(Cl)C(Cl)=C(Cl)[C@@]3(Cl)C4(Cl)Cl']",-15,21.6395205211924
"83","['NC1=CC=C(C=C1)S(=O)(=O)C2=CC=C(N)C=C2']",25,61.9526597363265
"84","['OC1=CC=C(C=C1)S(=O)(=O)C2=CC=C(O)C=C2']",87.7,68.9104083496504
"85","['NN1C=NN=C1']",4.59999999999999,12.5042302996547
"86","['O=C(C1CCC1)C2=CC=CC=C2']",30.8,38.2538326335535
"87","['CC1(C)C2CCC(C)(C2)C1O']",3.59999999999999,11.8940608079236
"88","['CC(=O)O[C@@H]1C[C@@H]2CC[C@@]1(C)C2(C)C']",11.8,2.11442918882211
"89","['CC1(C)[C@@H]2CC[C@@]1(C)[C@H](O)C2']",-7.80000000000001,1.86317186457203
"90","['CC(=O)O[C@H]1C[C@@H]2CC[C@@]1(C)C2(C)C']",12.6,2.81368706528437
"91","['O([C@H]1[C@]2(C(C(C1)CC2)(C)C)C)C(=O)CC']",10.6,4.95372617681807
"92","['CC(CC1=CC=C(OCC(O)=O)C=C1)NCC(O)C2=CSC(=N2)C(F)(F)F']",22.3,57.5383519228325
"93","['CN1COCN(CC2=CN=C(Cl)S2)C1=N[N+]([O-])=O']",1,42.9686940148198
"94","['CC(C)[C@]12CC[C@](C)(O1)[C@@H](C2)OCC3=C(C)C=CC=C3']",45.9,16.4241913942712
"95","['OC(=O)C1C(C(O)=O)C2(Cl)C(Cl)=C(Cl)C1(Cl)C2(Cl)Cl']",69.6,49.3661546388814
"96","['CC(C)(C)C(O)/C(=C\\C1=C(Cl)C=C(Cl)C=C1)/N2C=NC=N2']",82.7,64.8736557023079
"97","['CC(C)(O)C1=CC=C(CNC(=O)C2=CC=CN=C2OC3=CC4=NON=C4C=C3)C=C1']",5.09999999999999,67.2672089796902
"98","['C[C@]12CC[C@H]3[C@@H](CCC4=C3C=CC(O)=C4)[C@@H]1C[C@@H](O)[C@@H]2O']",29.7,17.3468044225455
"99","['C[C@]12CC[C@H]3[C@@H](CCC4=C3C=CC(O)=C4)[C@@H]1CC[C@H]2O']",46.8,19.0874503638547
"100","['C12CC[C@@](O)(C#C)[C@@]1(C)CCC3C4=C(CCC23)C=C(O)C=C4']",87.9,27.7999009740837
"101","['C12CC[C@H](O)[C@@]1(C)CCC3C4=CC=C(O)C=C4CCC23']",55.8,24.7201333587223
"102","['C1=C(C=C(C(=C1O)O)O)C(=O)OC2=CC(=CC(=C2O)O)C(=O)OCC3C(C(C(C(O3)OC(=O)C4=CC(=C(C(=C4)OC(=O)C5=CC(=C(C(=C5)O)O)O)O)O)OC(=O)C6=CC(=C(C(=C6)OC(=O)C7=CC(=C(C(=C7)O)O)O)O)O)OC(=O)C8=CC(=C(C(=C8)OC(=O)C9=CC(=C(C(=C9)O)O)O)O)O)OC(=O)C%10=CC(=C(C(=C%10)OC(=O)C%11=CC(=C(C(=C%11)O)O)O)O)O']",94,97.283807400566
"103","['ONC(=O)C1(CCOCC1)NS(=O)(=O)C2=CC=C(OC3=CC=C(F)C=C3)C=C2']",48.4,43.123765561089
"104","['CCCCN(CCCC)SN(C)C(=O)OC1=C2OC(C)(C)CC2=CC=C1']",67.5,52.7083434018703
"105","['CCOC1OC2=C(C=C(OS(C)(=O)=O)C=C2)C1(C)C']",82.6,52.8912470089407
"106","['CCOC1=CC=C(C=C1)C(C)(C)COCC2=CC(OC3=CC=CC=C3)=CC=C2']",51.7,65.3075683254856
"107","['ClC1=C(Cl)C(=O)SS1']",106.6,96.3789935770547
"108","['[Cl-].CN(C)C1=CC2=[S+]C3=C(C=CC(=C3)N(C)C)N=C2C=C1']",49.3,77.2424764933689
"109","['CO/N=C(/C1=NOCCO1)\\C2=C(OC3=NC=NC(OC4=CC=CC=C4Cl)=C3F)C=CC=C2']",88.2,78.143946987199
"110","['[Na+].CC1=NN(C(=O)C1N=NC2=CC=CC=C2)C3=CC=C(C=C3)S([O-])(=O)=O']",108.3,41.6619246854301
"111","['[Na+].[Na+].CC1=NN(C(=O)C1N=NC2=CC=C(C=C2)S([O-])(=O)=O)C3=CC(Cl)=C(C=C3Cl)S([O-])(=O)=O']",102.2,53.3922056929007
"112","['[Na+].CC1=NN(C(=O)C1/N=N/C2=CC=CC=C2)C3=CC(=CC=C3Cl)S([O-])(=O)=O']",109.6,51.647156520829
"113","['FC1=CC=CC(F)=C1C(=O)NC(=O)NC2=C(F)C=C(OC3=C(Cl)C=C(C=C3)C(F)(F)F)C=C2']",20,70.1944698835298
"114","['CCOC(=O)C1OC1C2=CC=CC=C2']",40.1,31.6904799716177
"115","['COC1=C(OC)C(=CC=C1)[C@H](O)C2CCN(CCC3=CC=C(F)C=C3)CC2']",-16.9,47.5448213492995
"116","['CC(=O)C1=CC(=CC2=C1CCC2(C)C)C(C)(C)C']",6.2,42.7287774298415
"117","['OC1N=C(C2=CC=CC=C2)C3=CC(Cl)=CC=C3NC1=O']",23.5,50.8394045597946
"118","['CC(C)(C1=CC=CC=C1)C2=CC(=C(O)C=C2)C(C)(C)C3=CC=CC=C3']",97.6,64.276453861288
"119","['CC1COC(=O)O1']",11.4,3.3286418908766
"120","['CCC1COC(=O)O1']",15.2,10.2156728804094
"121","['OCCOC(=O)C(C)=C.C12C3C(C(C1)CC2)C=CC3']",75.5,15.3376627271456
"122","['CN1C=CNC1=S']",60.3,13.2435142141957
"123","['ClC1=C(Cl)C(Cl)(Cl)C(Cl)=C1Cl']",98.4,62.9892236707381
"124","['C1C=CC=C1']",10.9,6.11915946815905
"125","['CNC(NCC1CCOC1)=N[N+]([O-])=O']",7.39999999999999,9.61084391949372
"126","['OCC1CCCO1']",7.8,11.0062562731465
"127","['O=C1N(C2CCC(=O)NC2=O)C(=O)C3=CC=CC=C13']",-9.00000000000001,31.0545551927452
"128","['COC1=CC(OC)=NC(NC(=O)NS(=O)(=O)C2=NC=CC=C2C(=O)N(C)C)=N1']",17.7,42.1350129651235
"129","['CC1CC(OC(C)=O)OC(C)O1']",-24.1,-4.26496584868857
"130","['CC1=CC=C(C=C1)S(=O)(=O)NC(=O)NN2CCCCCC2']",12.8,24.6137572530552
"131","['ClN1C(=O)N(Cl)C(=O)N(Cl)C1=O']",27.1,3.72062316435218
"132","['OP(=O)(OC1=CC=CC=C1)OC2=CC=CC=C2']",45.8,67.8439007079902
"133","['CCCCC(CC)COP(=O)(OC1=CC=CC=C1)OC2=CC=CC=C2']",53.1,57.8826166505928
"134","['COP(=S)(OC)OC1=CC=C(SC2=CC=C(OP(=S)(OC)OC)C=C2)C=C1']",101.6,85.1906855887995
"135","['O(P(OC1=CC=CC=C1)OC2=CC=CC=C2)C3=CC=CC=C3']",26.9,79.057180560918
"136","['ClC1=CC=C(C=C1)C2=C(NC(=O)C3=C(Cl)N=CC=C3)C=CC=C2']",29.3,70.5692452943481
"137","['C12NC[C@@H](C)C[C@H]1O[C@]3(CCC4C(C[C@H]5C4CC=C6C[C@@H](O)CC[C@]56C)=C3C)[C@@H]2C']",-3.7,5.00110526953507
"138","['COC(=O)N(C(=O)N1CO[C@]2(CC3=C(C=CC(Cl)=C3)C2=N1)C(=O)OC)C4=CC=C(OC(F)(F)F)C=C4']",37.9,44.2515269880089
"139","['CCC(C)(C)C1CCC(=O)CC1']",19.8,16.1394870787321
"140","['CCC(C)C1CCCCC1=O']",9.89999999999999,16.8796835973763
"141","['CCCC1CCC(=O)CC1']",34.9,20.7034304484447
"142","['O=C1CCCCC1']",1,15.8332674766653
"143","['CC(C)(C)C1CCC(=O)CC1']",7.2,13.9443937022976
"144","['O=C1[N-]S(=O)(=O)C2=C1C=CC=C2.CC[N+](CC)(CC(=O)NC1=C(C)C=CC=C1C)CC2=CC=CC=C2']",21.5,54.638223421908
"145","['FC1=CC=C(C=C1)[C@@]2(CN3C=NC=N3)O[C@@H]2C4=C(Cl)C=CC=C4']",62.2,39.3219366190807
"146","['CC(CC1=CC=C(OCC(O)=O)C=C1)NCC(O)C2=CSC(=N2)C(F)(F)F']",22.3,53.9199066267385
"147","['CNC1=C(Cl)C(=O)N(N=C1)C2=CC=CC(=C2)C(F)(F)F']",48,43.5494938427574
"148","['NC1=C(Cl)C(=O)N(N=C1)C2=CC=CC=C2']",63.9,47.941174838034
"149","['CCOC(=O)COC1=CC(N2N=CC(=C(C)C2=O)C(F)(F)F)=C(F)C=C1Cl']",24.7,54.9331559956219
"150","['CN(C)C1=NC(=O)N(C2CCCCC2)C(=O)N1C']",21.6,5.56032322821864
"151","['ClC(Cl)C(=O)N1CCOC12CCCCC2']",10.5,11.3044049369606
"152","['Cl.S1C(CC2=CC=C(OCCC3=NC=C(CC)C=C3)C=C2)C(=O)NC1=O']",88.7,53.1558746245076
"153","['CC(C)(C)C(O)/C(=C\\C1=C(Cl)C=C(Cl)C=C1)/N2C=NC=N2']",82.7,58.6186515574225
"154","['CN1CCCC1=O']",7.89999999999999,-4.65779831108562
"155","['CCCCCCCCN1CCCC1=O']",19.5,25.6277952879625
"156","['C=CN1CCCC1=O']",-17.6,10.7373288372547
"157","['O=C1CCCN1']",13.1,-5.33892495112354
"158","['CCCCCCCCCCCCN1CCCC1=O']",29.7,32.4520999062735
"159","['CC(C)CCC[C@@H](C)CCC[C@@H](C)CCC[C@]1(C)CCC2=C(O1)C(C)=C(C)C(OC(C)=O)=C2C']",-3.7,48.5559454881116
"160","['C1=CC=C(C=C1)P(C2=CC=CC=C2)C3=CC=CC=C3']",17.6,82.7025638447949
"161","['C\\1C/C=C/CC/C=C/CC/C=C1']",10.5,43.1748377190462
"162","['CC1=C(O)C(C)=C2CCC(C)(COC3=CC=C(CC4SC(=O)NC4=O)C=C3)OC2=C1C']",99,61.590048974301
"163","['CC(C)(C#N)C1=CC(=CC(CN2C=NC=N2)=C1)C(C)(C)C#N']",9.5,37.4654460722022
"164","['CC(C)C1(C)N=C(NC1=O)C2=NC3=C(C=CC=C3)C=C2C(O)=O']",14.5,40.8843040306791
"165","['OC(=O)CCC([O-])=O.CO[C@@H]1COCC[C@@H]1[NH2+][C@@H]2CC[C@](C2)(C(C)C)C(=O)N3CCC4=C(C3)C=C(C=N4)C(F)(F)F']",20.9,20.3719143013951
"166","['Cl.CCCCC1=C(C(=O)C2=CC(I)=C(OCCN(CC)CC)C(I)=C2)C3=C(O1)C=CC=C3']",48.4,77.7516103204109
"167","['NC1=NC(Cl)=NC2=C1N=CN2[C@H]3C[C@H](O)[C@@H](CO)O3']",6.29999999999999,18.9883264536357
"168","['CC(C)(C)C1=CC=C(OC2CCCCC2OS(=O)OCC#C)C=C1']",50.1,39.1412377668198
"169","['CCCCCC1C(CC(=O)OC)CCC1=O']",20.9,22.6108120973895
"170","['O[C@H]([C@H](CC1=CC=CC=C1)NC(=O)C2=CC3=CC(Cl)=CC=C3N2)C(=O)N4C[C@H](O)[C@H](O)C4']",52.2,32.761031027688
"171","['CC(C)OC(=O)C(C)(C)OC1=CC=C(C=C1)C(=O)C2=CC=C(Cl)C=C2']",24.8,55.3991183103304
"172","['O=C(C1=CC=CC=C1)C2=CC=CC=C2']",87,62.9181669460833
"173","['CCCCCCCCOC1=CC(O)=C(C=C1)C(=O)C2=CC=CC=C2']",92.7,69.8147255476931
"174","['COC1=C(C=C(C(=O)C2=CC=CC=C2)C(O)=C1)S(O)(=O)=O']",81.2,76.5479414340321
"175","['COC1=CC=C(C(=O)C2=CC=CC=C2)C(O)=C1']",98.3,77.0037136133277
"176","['OC1=CC=C(C(=O)C2=CC=CC=C2)C(O)=C1']",107,81.2784809034756
"177","['[Na+].O1C(=CC(=O)/C(=C(/[O-])\\C)/C1=O)C']",41.7,48.9556790524408
"178","['OC1=CC2=C(CC3=CC=CC=C23)C=C1']",85.3,87.2913452582414
"179","['CC1CCC2(CC1)C(CO2)C.CC1CCC(C(C1)O)C(C)C.CC1CCC(C(C1)OC(=O)C)C(C)C.CC1CCC(C(=O)C1)C(C)C.CC1CCC2=C(C1)OC=C2C.CC1CCC(=C(C)C)C(=O)C1']",37.8,15.3282118975743
"180","['C[C@@H](OC1=CC=C(CNC(=O)C2=CC=CN=C2OC3=CC=C4OCOC4=C3)C(F)=C1)C(O)=O']",11.1,71.5636950151324
"181","['CC(C)NC1=NC(Cl)=NC(N)=N1']",15.8,17.9510364821858
"182","['CCNC1=NC(N)=NC(Cl)=N1']",20.2,20.8698839520935
"183","['CCNC1=NC(SC)=NC(NC(C)C)=N1']",62.1,29.0768073132513
"184","['C=CCOC1=NC(OCC=C)=NC(OCC=C)=N1']",29.3,48.0579571902332
"185","['CCNC1=NC(NC(C)(C)C#N)=NC(Cl)=N1']",30.7,20.8376331058709
"186","['CCNC1=NC(NC(C)C)=NC(Cl)=N1']",6.9,18.5118602921335
"187","['CCNC1=NC(NC(C)(C)C)=NC(Cl)=N1']",61,21.2389379693367
"188","['CC(C)NC1=NC(NC(C)C)=NC(Cl)=N1']",30.1,16.3825717169569
"189","['C12C(NC(=O)N1)NC(=O)N2']",6.5,-24.1005722911982
"190","['CSC1=NN=C(C(=O)N1N)C(C)(C)C']",10.7,32.0152919090179
"191","['O=C(OCCCCCOC(=O)C1=CC=CC=C1)C2=CC=CC=C2']",16.3,52.3136560935117
"192","['CN1C=C(C(=O)C(=C1)C2=CC(=CC=C2)C(F)(F)F)C3=CC=CC=C3']",23.8,65.8606919469944
"193","['FC1=CC2=C(C=C1N3C(=O)C4=C(CCCC4)C3=O)N(CC#C)C(=O)CO2']",85.2,49.0714374550805
"194","['[K+].CCC1=CC(=CC2=C1OCO2)C3=C(N(C4=CC=CC=C4C(F)(F)F)S(=O)(=O)C5=C3C=CC=C5)C([O-])=O']",81.3,69.2780355762118
"195","['CCOP(=S)(OC1=CC=C(C=C1)[N+]([O-])=O)C2=CC=CC=C2']",78.6,77.9554569043851
"196","['ClC1=C(Cl)C2(Cl)C3COS(=O)OCC3C1(Cl)C2(Cl)Cl']",16.4,37.1077407835398
"197","['ClC1=C(Cl)[C@]2(Cl)[C@@H]3COS(=O)OC[C@@H]3[C@@]1(Cl)C2(Cl)Cl']",18.9,18.0448076658426
"198","['CC(C)=C1CCC(C)=CC1']",19,25.8748857792043
"199","['O=C1N(CC2CO2)C(=O)N(CC3CO3)C(=O)N1CC4CO4']",6.29999999999999,7.52558682071562
"200","['CC1(C)CCC(=CC2=CC=C(Cl)C=C2)C1(O)CN3C=NC=N3']",15.9,35.0331367089952
"201","['CC1=C(C=CC=C1COC(=O)[C@@H]2[C@H](/C=C(\\Cl)/C(F)(F)F)C2(C)C)C3=CC=CC=C3']",54.8,48.9221108377972
"202","['CC(COC1=CC=C(OC2=CC=CC=C2)C=C1)OC3=NC=CC=C3']",44.7,66.2827741565301
"203","['CS(=O)(=O)C1=CC=C(C=C1Cl)[C@@H](C[C@H]2CCC(=O)C2)C(=O)NC3=NC=CN=C3']",8.9,41.7597923387324
"204","['CC1=C(SCCO1)C(=O)NC2=CC=CC=C2']",36.7,53.5143466852069
"205","['[Ca].[Ca+2].FC1=CC=C(C=2N(C(C(C)C)=C(C2C3=CC=CC=C3)C(=O)NC4=CC=CC=C4)CC[C@@H](O)C[C@@H](O)CC([O-])=O)C=C1.FC1=CC=C(C=2N(C(C(C)C)=C(C2C3=CC=CC=C3)C(=O)NC4=CC=CC=C4)CC[C@@H](O)C[C@@H](O)CC([O-])=O)C=C1']",63,57.6382872133711
"206","['FC1=CC=CC(F)=C1C(=O)NC(=O)NC2=C(F)C=C(OC3=C(Cl)C=C(C=C3)C(F)(F)F)C=C2']",20,68.7999874338596
"207","['O[C@@H]1[C@H](CC2=CC=CC(=C2)C(O)=O)COC3=C1C=C(OCC4=NC5=C(S4)C=CC(F)=C5)C=C3']",64.6,75.417743942409
"208","['CCOCN1C(=C(C#N)C(Br)=C1C(F)(F)F)C2=CC=C(Cl)C=C2']",94.6,61.9323017045694
"209","['C\\1C/C=C/CC/C=C/CC/C=C1']",10.5,37.0172116839684
"210","['[Na+].CC(C)C1=CC=CC(C(C)C)=C1NC(=O)[N-]S(=O)(=O)C2=CC(=CO2)C(C)(C)O']",37.3,51.8525197971839
"211","['COC1=NN(CSP(=S)(OC)OC)C(=O)S1']",73.9,72.3570432169046
"212","['OC1=CC2=CC=C(SSC3=CC4=CC=C(O)C=C4C=C3)C=C2C=C1']",100.1,98.4912758151577
"213","['CCN1CN(CC)CN(CC)C1']",0.200000000000003,-10.0924002304925
"214","['COC1=CC=CC(C(=O)NN(C(=O)C2=CC(C)=CC(C)=C2)C(C)(C)C)=C1C']",86,47.6315070688576
"215","['CC(C)(C)C1=CC=C(OC2CCCCC2OS(=O)OCC#C)C=C1']",50.1,39.2996583842199
"216","['CC1=C(C2=C(O1)C(NC(=O)C3=C(Cl)C=CC=C3Cl)=CC=C2)C(C)(C)O']",102.1,72.0699014898648
"217","['Cl.CC1=NC(=NO1)C2=CC3=C(CCN(CCC4CCC(CC4)NC(=O)/C=C/C5=CC=C(F)C=C5)CC3)C=C2']",-24,48.0161030838706
"218","['CC/C(=C(/CC)\\C1=CC=C(O)C=C1)/C2=CC=C(O)C=C2']",103.2,84.7156373374046
"219","['ClC1=C(Cl)[C@]2(Cl)[C@@H]3[C@@H]4C[C@@H]([C@H]5O[C@@H]45)[C@@H]3[C@@]1(Cl)C2(Cl)Cl']",25.9,18.5182212026541
"220","['C1=CC=C(C=C1)C(=O)OCCOCCOC(=O)C2=CC=CC=C2']",29.2,51.1456124595926
"221","['O(CC(OC(=O)C1=CC=CC=C1)C)CC(OC(=O)C2=CC=CC=C2)C']",34.7,45.39166890728
"222","['CC1CC(C)(C)C2=C(C=C(C)C(=C2)C(C)=O)C1(C)C']",29.1,36.4425239722262
"223","['C1CCC2=C(C1)C=CC=C2']",8.9,48.1005187621419
"224","['COC1=CC2=C(C(=O)N(COC3=CC(=O)N4C=CC=C(OCCN5CCCCC5)C4=N3)S2(=O)=O)C(=C1)C(C)C']",22,53.3660736235536
"225","['Cl.O1C(N2C=CC(=NC2=O)N)C(O)[C@H](O)C1CO']",8.7,15.6373798294542
"226","['C12CC[C@H](O)[C@@]1(C)CCC3C2CCC4CC(=O)CC[C@]34C']",20.9,11.1274999574971
"227","['[K+].CC1=CC(=O)[N-]S(=O)(=O)O1']",24,49.4125639656626
"228","['CCC(C)(CC)C1=NOC(NC(=O)C2=C(OC)C=CC=C2OC)=C1']",79.6,58.9974031171587
"229","['CS(O)(=O)=O.CCOC1=CC=CC(=C1)[C@]2(CC[C@H](C)CC2)N3CCN(CC3)C4=CC=CC=C4']",15.5,31.841582119479
"230","['COC1=CC2=C(C(OC)=C1OC)C3=CC=C(OC)C(=O)C=C3[C@H](CC2)NC(C)=O']",41.7,67.476360809395
"231","['NC1=CC=C(N)C2=C1C(=O)C3=CC=CC=C3C2=O']",69.5,83.111297695432
"232","['CC(C)(O)C1=CC=C(CNC(=O)C2=CC=CN=C2OC3=CC4=NON=C4C=C3)C=C1']",5.09999999999999,64.5075494654348
"233","['ClC1=CC=C(C=C1)C(C(=O)C2C(=O)C3=C(C=CC=C3)C2=O)C4=CC=CC=C4']",90.4,60.4096347007229
"234","['CC(=O)C1=CC(=CC2=C1CCC2(C)C)C(C)(C)C']",6.2,44.4191974033035
"235","['ClC1=C(C(=O)N[C@H]([C@H]2NCCCC2)C3=CC=CC=C3)C=CC=C1C(F)(F)F']",4.4,34.1867462348223
"236","['NC1=C(C(=NN1C2=C(Cl)C=C(C=C2Cl)C(F)(F)F)C#N)S(=O)C(F)(F)F']",57.4,60.9726482065872
"237","['C12[C@@H]3O[C@@H]3[C@H](Cl)C1[C@@]4(Cl)C(Cl)=C(Cl)C2(Cl)C4(Cl)Cl']",-20.2,36.177204495313
"238","['OC(=O)C1C2CCC(O2)C1C(O)=O']",-3.4,17.7065769177222
"239","['O=C1N(C2CCC(=O)NC2=O)C(=O)C3=CC=CC=C13']",-9.00000000000001,38.9261037763605
"240","['C12CCC(=O)[C@@]1(C)CCC3C2CC=C4C[C@@H](O)CC[C@]34C']",37.5,11.1534468948106
"241","['S(=O)(=O)(C1=C(C(=C(C=C1)C(=O)C=2C(=O)N(NC2)C)C)C3=NOCC3)C']",7.5,56.7702833340947
"242","['CC1=CN([C@H]2C[C@H](N=[N+]=[N-])[C@@H](CO)O2)C(=O)NC1=O']",1.99999999999999,7.36771429385732
"243","['COC(=O)NC1=CC(OC(=O)NC2=CC=CC(C)=C2)=CC=C1']",40.7,53.3963220594623
"244","['ClC1=C(Cl)C2(Cl)C3COS(=O)OCC3C1(Cl)C2(Cl)Cl']",16.4,54.3380634122383
"245","['ClC1=C(Cl)[C@]2(Cl)[C@@H]3COS(=O)OC[C@@H]3[C@@]1(Cl)C2(Cl)Cl']",18.9,35.7336853942374
"246","['CCN(CC1=C(Cl)C=CC=C1F)C2=C(C=C(C=C2[N+]([O-])=O)C(F)(F)F)[N+]([O-])=O']",61.1,66.2042864796232
"247","['CC(C)(C#N)C1=CC(=CC(CN2C=NC=N2)=C1)C(C)(C)C#N']",9.5,34.6592191619596
"248","['COP(=O)(OC)SCN1C(=O)OC2=CC(Cl)=CN=C12']",34.3,60.1703951802323
"249","['CCCCCCCCN1SC=CC1=O']",40.3,52.0443826187164
"250","['CC1(C)C(C=C(Cl)Cl)C1C(=O)OC(C#N)C2=CC=C(F)C(OC3=CC=CC=C3)=C2']",48.1,53.717979781974
"251","['CC1(C)C(C=C(Cl)Cl)C1C(=O)OCC2=CC(OC3=CC=CC=C3)=CC=C2']",30.4,50.8579222340045
"252","['CC1(C)[C@H](/C=C(\\Cl)/C(F)(F)F)[C@@H]1C(=O)O[C@@H](C#N)C2=CC(OC3=CC=CC=C3)=CC=C2']",57.4,45.859359167934
"253","['CC(C)(C)C(O)/C(=C\\C1=C(Cl)C=C(Cl)C=C1)/N2C=NC=N2']",82.7,54.7095491076594
"254","['O=NC1=CC=C(NC2=CC=CC=C2)C=C1']",108.9,48.1055439284823
"255","['N(C1=CC=CC=C1)C2=CC=CC=C2']",83.8,45.461266366288
"256","['O=NN(C1=CC=CC=C1)C2=CC=CC=C2']",86.7,50.9534660829223
"257","['NC1=CC=C(NC2=CC=CC=C2)C=C1']",90.1,50.7309398934455
"258","['C[C@@H](OC1=CC=C(CNC(=O)C2=CC=CN=C2OC3=CC=C4OCOC4=C3)C(F)=C1)C(O)=O']",11.1,71.6627097432393
"259","['NC(=O)CN1C(=O)C=C(CCN2CCN(CC2)C3=NC=CC4=C3C=CS4)C5=C1C=C(F)C=C5']",-4.20000000000001,59.4285383034064
"260","['OC1=CC=C(C=C1)C2(OC(=O)C3=C2C=CC=C3)C4=CC=C(O)C=C4']",100.2,80.0224429007311
"261","['COC(=O)C1=C(CC(C)C)C(C2=NCCS2)=C(N=C1C(F)F)C(F)(F)F']",26.2,56.2660193873072
"262","['OC1=CC2=C(CC3=CC=CC=C23)C=C1']",85.3,83.9471350360919
"263","['COS([O-])(=O)=O.CN1C(=CC(C2=CC=CC=C2)=[N+]1C)C3=CC=CC=C3']",91,57.1515204797542
"264","['OC[C@H]1O[C@@](CO)(O[C@H]2O[C@H](CO)[C@@H](O)[C@H](O)[C@H]2O)[C@@H](O)[C@@H]1O']",8.1,1.96322562601389
"265","['OC(=O)C1=C(C=CC=C1)C(C2=CC=C(O)C=C2)C3=CC=C(O)C=C3']",97.3,73.0916590370473
"266","['CC(C1=CC=C(O)C=C1)(C2=CC=C(O)C=C2)C3=CC=C(O)C=C3']",100.2,74.3646749012532
"267","['CN1COCN(CC2=CN=C(Cl)S2)C1=N[N+]([O-])=O']",1,40.0684658802244
"268","['OC1=CC=C(C=C1)C(=O)OC2=CC=CC=C2']",105.3,68.678336805736
"269","['CC(C)(C)C1=CC=C(OC(=O)C2=C(O)C=CC=C2)C=C1']",45.7,64.2083298222582
"270","['OC1=C(C=CC=C1)C(=O)OC2=CC=CC=C2']",96,71.693821982251
"271","['OC(=O)C1C(C(O)=O)C2(Cl)C(Cl)=C(Cl)C1(Cl)C2(Cl)Cl']",69.6,63.3559127170971
"272","['ClN1C(=O)N(Cl)C(=O)N=C1[O-].[Na+]']",13.8,41.4544915873992
"273","['ClN1C(=O)N(Cl)C(=O)N=C1[O-].[Na+].O.O']",15.9,38.9258902889016
"274","['CC1CC(OC(C)=O)OC(C)O1']",-24.1,2.55990446193687
"275","['O=C(OC1CCCCC1)C2=C(C=CC=C2)C(=O)OC3CCCCC3']",37.8,46.5445241763448
"276","['C[C@H]1CCCC(=O)CCC/C=C/C2=C(C(O)=CC(O)=C2)C(=O)O1']",28.1,51.4065948566675
"277","['Cl.CCCCC1=C(C(=O)C2=CC(I)=C(OCCN(CC)CC)C(I)=C2)C3=C(O1)C=CC=C3']",48.4,79.0929425904067
"278","['O=P(OC1=CC=CC=C1)(OC2=CC=CC=C2)OC3=CC=CC=C3']",79.5,68.6832327847936
"279","['P(OC=1C(=CC=CC1)C)(OC=2C(=CC=CC2)C)(OC=3C(=CC=CC3)C)=O']",63.7,73.0689439714194
"280","['OC1=CC=C(C=C1)C2(OS(=O)(=O)C3=C2C=CC=C3)C4=CC=C(O)C=C4']",103.1,75.0372654983342
"281","['C[C@@H](OC1=CC=C(OC2=NC=C(Cl)C=C2F)C=C1)C(=O)OCC#C']",57.3,64.1719209046506
"282","['O=C1NC(=O)C(N1)(C2=CC=CC=C2)C3=CC=CC=C3']",24.1,40.71781588698
"283","['CCOC(=O)C1CC(=O)C(=C(O)C2CC2)C(=O)C1']",14.8,32.9112500842668
"284","['CCCCCCCCCC=CCC1CC(=O)OC1=O']",98.4,31.8296098522641
"285","['COC(=O)N(C(=O)N1CO[C@]2(CC3=C(C=CC(Cl)=C3)C2=N1)C(=O)OC)C4=CC=C(OC(F)(F)F)C=C4']",37.9,48.5455158533176
"286","['CCCCN(CCCC)SN(C)C(=O)OC1=C2OC(C)(C)CC2=CC=C1']",67.5,51.1654854049983
"287","['CCOC1OC2=C(C=C(OS(C)(=O)=O)C=C2)C1(C)C']",82.6,53.6324140084434
"288","['CC1CCC2(CC1)C(CO2)C.CC1CCC(C(C1)O)C(C)C.CC1CCC(C(C1)OC(=O)C)C(C)C.CC1CCC(C(=O)C1)C(C)C.CC1CCC2=C(C1)OC=C2C.CC1CCC(=C(C)C)C(=O)C1']",37.8,15.5240694447252
"289","['CC(=O)C1C(=O)C=C(C)OC1=O']",41,28.05581503209
"290","['CC(C)(OOC(C)(C)C1=CC=CC=C1)C2=CC=CC=C2']",80.7,37.0724994617884
"291","['CN1C(COC(N)=O)=NC=C1[N+]([O-])=O']",9.7,41.7829442325454
"292","['N1C=CN=C1']",3.59999999999999,-1.62507596255551
"293","['COC(=O)C(CC1=CN=CN1)N.Cl']",85.7,15.4790531506975
"294","['CC1=C2C=CC=CC2=CC=C1']",24.8,59.8700610230393
"295","['OC(=O)CC1=C2C=CC=CC2=CC=C1']",63,64.5121826906969
"296","['OC1=CC=CC2=CC=CC=C12']",90.3,70.6127105422619
"297","['CCCCC1=CC2=C(C=CC=C2S(=O)(=O)[O-])C=C1.[Na+]']",101.1,67.1495301215328
"298","['CCOC(=O)CC1=CC=CC2=C1C=CC=C2']",84,60.9030622430577
"299","['CC1=CC=C(C)C2=C1C=CC=C2']",55,63.3668301373034
"300","['C1=CC2=CC=CC=C2C=C1']",34.8,55.6908469495525
"301","['OP(=O)(OC1=CC=CC=C1)OC2=CC=CC=C2']",45.8,64.1199044115856
"302","['CCCCC(CC)COP(=O)(OC1=CC=CC=C1)OC2=CC=CC=C2']",53.1,54.6783547580866
"303","['CC(C)[C@]12CC[C@](C)(O1)[C@@H](C2)OCC3=C(C)C=CC=C3']",45.9,22.652225201189
"304","['OC[C@@H]1CC[C@@H](O1)N2C=NC3=C2N=CNC3=O']",1.7,16.8201884778181
"305","['CC1(C)NC(=O)N(C1=O)C2=CC(=C(C=C2)[N+]([O-])=O)C(F)(F)F']",3,41.9701923201623
"306","['CCOC1=CC=C(C=C1)C(C)(C)COCC2=CC(OC3=CC=CC=C3)=CC=C2']",51.7,56.1115325476311
"307","['O=C1NC(=NC1(C(C)C)C)C2=C(C=CC(=C2)C)C(OC)=O']",12.2,38.0101175181267
"308","['Cl.O1C=2C(=C(C3=C1C=C(NCC)C(=C3)C)C=4C(=CC=CC4)C(OCC)=O)C=C(\\C(=N\\CC)\\C2)C']",91.8,79.6015648757344
"309","['C1CCC(CC1)SSC2CCCCC2']",22.7,49.8883187939389
"310","['NC(=O)N1C2=CC=CC=C2C=CC3=C1C=CC=C3']",56.6,66.4678708763443
"311","['CCSC(=O)N1CCCCCC1']",11.8,21.7428369547385
"312","['COC1=CC2=C(C(=O)N(COC3=CC(=O)N4C=CC=C(OCCN5CCCCC5)C4=N3)S2(=O)=O)C(=C1)C(C)C']",22,49.4566619781672
"313","['C12CC[C@@]3(O)C[C@]1(CC3=C)[C@@H](C(O)=O)C4[C@@]5(C)[C@@H](O)C=C[C@@]24OC5=O']",-5.4,16.5226317751896
"314","['Cl.ClC1=CC2=C(CN3CCCCCC3=N2)C(Cl)=C1']",8.2,37.8608284366254
"315","['OC1=CC=C(C=C1)C2(OS(=O)(=O)C3=C2C=CC=C3)C4=CC=C(O)C=C4']",103.1,74.2188126486474
"316","['CC(C)[C@H](C(=O)O[C@H](C#N)C1=CC=CC(OC2=CC=CC=C2)=C1)C3=CC=C(Cl)C=C3']",47.1,54.6837394950701
"317","['O1C(C1)C.O1CC1']",13.7,-4.0688213935638
"318","['CCCCCCCCN1SC=CC1=O']",40.3,44.9898217675955
"319","['ClC(=C(C1=CC=C(Cl)C=C1)C2=CC=C(Cl)C=C2)Cl']",23.8,75.6795282807914
"320","['CCC(C)(C)C(=O)OC1=C(C(=O)OC12CCCCC2)C3=CC=C(Cl)C=C3Cl']",42.6,45.8500644666939
"321","['ClC(Cl)(Cl)C(NC=O)N1CCN(CC1)C(NC=O)C(Cl)(Cl)Cl']",-4.8,9.71608935361903
"322","['COC1=NN(CSP(=S)(OC)OC)C(=O)S1']",73.9,66.5144485958937
"323","['CN(C)C(=O)OC1=C(C)C(C)=NC(=N1)N(C)C']",23.3,28.3600177655777
"324","['S=P(OC1=NC(=NC(=C1)C)C(C)C)(OCC)OCC']",39.1,47.5771606952862
"325","['CC(C)(C)C1=CC=C(OC2CCCCC2OS(=O)OCC#C)C=C1']",50.1,33.4232810999728
"326","['C12NC[C@@H](C)C[C@H]1O[C@]3(CCC4C(C[C@H]5C4CC=C6C[C@@H](O)CC[C@]56C)=C3C)[C@@H]2C']",-3.7,14.529514181002
"327","['CC(C)C1(C)NC(=NC1=O)C2=NC=C(C)C=C2C(O)=O']",12.5,38.1132650889717
"328","['OC1=CC=C(C=C1)C(=O)OC2=CC=CC=C2']",105.3,63.6457620294478
"329","['CC(C)(C)C1=CC=C(OC(=O)C2=C(O)C=CC=C2)C=C1']",45.7,60.6735230750178
"330","['OC1=C(C=CC=C1)C(=O)OC2=CC=CC=C2']",96,67.4721405800782
"331","['S([O-])(=O)(=O)C=1C=C2C(=C(O)C1/N=N/C3=CC=C(/N=N/C4=CC=C(S([O-])(=O)=O)C=C4)C=C3)C=CC(NC(=O)C5=CC=CC=C5)=C2.[Na+].[Na+]']",103.4,80.4987204557918
"332","['O=C(OCCCCCCOC(=O)C1=CC=CC=C1)C2=CC=CC=C2']",26.8,46.4703764422486
"333","['CCOC(=O)C1OC1C2=CC=CC=C2']",40.1,30.6214273045673
"334","['COCC1=NN=C(N1C2=C(Cl)C(Cl)=CC3=C2NC(=O)C(=O)N3)C4=C[N+]([O-])=CC=C4']",-0.800000000000004,66.7207584780593
"335","['S(C(CC1CC(O)=C(C(=O)C1)\\C(=N\\OCC)\\CCC)C)CC']",55.5,41.9019167568164
"336","['CC(=C)[C@@H]1CC=C(C)C(=O)C1']",24,16.5739439171678
"337","['C12C[C@@H](C#N)[C@H](C(C)=O)[C@@]1(C)CCC3C2CC=C4C[C@@H](O)CC[C@]34C']",-24.9,18.1058287499361
"338","['CC[C@@H]([C@@H](CC)C1=CC=C(O)C=C1)C2=CC=C(O)C=C2']",102,49.7087481347571
"339","['O[C@H]([C@H](CC1=CC=CC=C1)NC(=O)C2=CC3=CC(Cl)=CC=C3N2)C(=O)N4C[C@H](O)[C@H](O)C4']",52.2,30.6231208214462
"340","['OC(=O)C1C(C(O)=O)C2(Cl)C(Cl)=C(Cl)C1(Cl)C2(Cl)Cl']",69.6,49.0879699234143
"341","['Cl.CCCCC1=C(C(=O)C2=CC(I)=C(OCCN(CC)CC)C(I)=C2)C3=C(O1)C=CC=C3']",48.4,75.5540224109455
"342","['Cl.S1C(CC2=CC=C(OCCC3=NC=C(CC)C=C3)C=C2)C(=O)NC1=O']",88.7,48.7088170443812
"343","['CC(CC1=CC(O)=C(O)C=C1)C(C)CC2=CC=C(O)C(O)=C2']",108.6,62.1503462255358
"344","['ClC1=CC=C(C=C1)C2=C(NC(=O)C3=C(Cl)N=CC=C3)C=CC=C2']",29.3,68.264365810642
"345","['C[C@@H](OC1=CC=C(CNC(=O)C2=CC=CN=C2OC3=CC=C4OCOC4=C3)C(F)=C1)C(O)=O']",11.1,67.9195347644997
"346","['NC1=NC(NC2CC2)=NC(N)=N1']",24.2,16.0685115662844
"347","['CSC1=NC(NC(C)(C)C)=NC(NC2CC2)=N1']",86,26.5403005766179
"348","['CCCCCCCCCC=CCC1CC(=O)OC1=O']",98.4,32.3439545316252
"349","['CC(C)NC1=NC(Cl)=NC(N)=N1']",15.8,17.0950928908462
"350","['CCNC1=NC(N)=NC(Cl)=N1']",20.2,21.1273161797413
"351","['CCNC1=NC(SC)=NC(NC(C)C)=N1']",62.1,27.4839432495961
"352","['C=CCOC1=NC(OCC=C)=NC(OCC=C)=N1']",29.3,46.8040888021381
"353","['CCNC1=NC(NC(C)(C)C#N)=NC(Cl)=N1']",30.7,18.3698950916939
"354","['CCNC1=NC(NC(C)C)=NC(Cl)=N1']",6.9,18.2499927864016
"355","['CCNC1=NC(NC(C)(C)C)=NC(Cl)=N1']",61,19.7066094744041
"356","['CC(C)NC1=NC(NC(C)C)=NC(Cl)=N1']",30.1,15.3245957881972
"357","['[K+].CCC1=CC(=CC2=C1OCO2)C3=C(N(C4=CC=CC=C4C(F)(F)F)S(=O)(=O)C5=C3C=CC=C5)C([O-])=O']",81.3,73.9618654107261
"358","['CCCCCC1C(CC(=O)OC)CCC1=O']",20.9,22.4718899657362
"359","['N1C2=C(C=CC=C2)N=C1C3=CSC=N3']",21.8,71.2739866115367
"360","['[Cl-].CCNC1=CC=C(C(C2=CC=C(C=C2)N(CC)CC)=C3C=CC(C=C3)=[N+](CC)CC)C4=C1C=CC=C4']",110.3,63.4483837836907
"361","['CN(C)S(=O)(=O)N1C(=NC(Cl)=C1C2=CC=C(C)C=C2)C#N']",103.3,49.427913682935
"362","['OC(=O)C1C2CCC(O2)C1C(O)=O']",-3.4,14.3384688803757
"363","['FC1=CC2=C(C=C1N3C(=O)C4=C(CCCC4)C3=O)N(CC#C)C(=O)CO2']",85.2,52.0326911393642
"364","['CN1COCN(CC2=CN=C(Cl)S2)C1=N[N+]([O-])=O']",1,36.4643141276312
"365","['O=C1[N-]S(=O)(=O)C2=C1C=CC=C2.CC[N+](CC)(CC(=O)NC1=C(C)C=CC=C1C)CC2=CC=CC=C2']",21.5,52.0753457085938
"366","['C[Si](CN1C=NC=N1)(C2=CC=C(F)C=C2)C3=CC=C(F)C=C3']",52.2,49.9831884957713
"367","['CC1=CC2=CC=CN=C2C=C1']",43.1,52.3468095853966
"368","['OC(=O)C1=C(Cl)C=CC2=CC(Cl)=CN=C12']",18.7,76.402088931143
"369","['C1=CC2=C(C=C1)N=CC=C2']",34.3,49.1818367269532
"370","['CC(COC1=CC=C(OC2=CC=CC=C2)C=C1)OC3=NC=CC=C3']",44.7,57.6831358652399
"371","['NC1=NC(Cl)=NC2=C1N=CN2[C@H]3C[C@H](O)[C@@H](CO)O3']",6.29999999999999,22.5015958459476
"372","['CCCN(CC)CC1COC2(CCC(CC2)C(C)(C)C)O1']",16.4,12.1998813527611
"373","['ClC1=C(C(=O)N[C@H]([C@H]2NCCCC2)C3=CC=CC=C3)C=CC=C1C(F)(F)F']",4.4,33.1017864106937
"374","['ON=C1CCCCC1']",11.1,18.218148991265
"375","['CC1=CC(=O)NC(=S)N1']",16.6,22.3192528854405
"376","['FC1=CC=C(C2(O)CCN([C@H]3[C@@H](O)C4=C(OC3)C=C(O)C=C4)CC2)C=C1']",59.6,33.7175927141653
"377","['CCCCCCCCCCCCN1CCOCC1']",38.8,29.497911519683
"378","['C1COCCN1']",-2.40000000000001,-6.07064351164481
"379","['COS([O-])(=O)=O.CN1C(=CC(C2=CC=CC=C2)=[N+]1C)C3=CC=CC=C3']",91,55.5871111883394
"380","['ClC=1C=C(C2=CC=CC=C2)C=CC1O']",105.7,68.8792249020618
"381","['OC1=C(C=CC=C1)C2=CC=CC=C2']",91.7,66.1690170118511
"382","['OC1=CC=C(C=C1)C2=CC=CC=C2']",100.9,60.7917045662539
"383","['COC1=CC(=CC=C1N)C2=CC(OC)=C(N)C=C2']",102.9,73.2973866023201
"384","['Cl.Cl.COC1=CC(=CC=C1N)C2=CC=C(N)C(OC)=C2']",110.4,67.7775173780561
"385","['CC(C)(C)C1=CC=C(C=C1)C2=CC=C(C=C2)C(C)(C)C']",6.1,46.0254641171861
"386","['CC1=CC(=CC=C1N)C2=CC=C(N)C(C)=C2']",105.7,63.5289213755601
"387","['Cl.Cl.CC1=C(N)C=CC(=C1)C2=CC(C)=C(N)C=C2']",107.7,58.6710218031659
"388","['CC(=O)C1C(=O)C=C(C)OC1=O']",41,33.3014221330125
"389","['COP(=S)(OC)OC1=CC=C(SC2=CC=C(OP(=S)(OC)OC)C=C2)C=C1']",101.6,81.1473712689194
"390","['CC(=O)C1=CC(=CC2=C1CCC2(C)C)C(C)(C)C']",6.2,39.151977347363
"391","['ONC(=O)C1(CCOCC1)NS(=O)(=O)C2=CC=C(OC3=CC=C(F)C=C3)C=C2']",48.4,41.5093571421303
"392","['C12C[C@@]3(CC(C(C)=O)=C1C)[C@H](C)CCC3C2(C)C']",17.7,15.4766956600438
"393","['OC1=CC2=CC=C(SSC3=CC4=CC=C(O)C=C4C=C3)C=C2C=C1']",100.1,93.3325866274031
"394","['CC1(C)[C@@H]2C[C@H]1C(=C)CC2']",12.3,22.7849776703542
"395","['C\\1C/C=C/CC/C=C/CC/C=C1']",10.5,45.869748461236
"396","['COC(=O)N(C(=O)N1CO[C@]2(CC3=C(C=CC(Cl)=C3)C2=N1)C(=O)OC)C4=CC=C(OC(F)(F)F)C=C4']",37.9,45.9019099955162
"397","['COP(=S)(OC)SCN1C(=O)C2=C(C=CC=C2)C1=O']",55.7,68.0303831420293
"398","['O=C1NC(=O)C2=C1C=CC=C2']",15.9,53.7803885476555
"399","['CC1=C(SCCO1)C(=O)NC2=CC=CC=C2']",36.7,49.6981961379048
"400","['C1OC1C2CCC3OC3C2']",8.2,14.5766400278714
"401","['CNC1=C(Cl)C(=O)N(N=C1)C2=CC=CC(=C2)C(F)(F)F']",48,48.3568406891121
"402","['NC1=C(Cl)C(=O)N(N=C1)C2=CC=CC=C2']",63.9,54.0198535813547
"403","['CCOC(=O)COC1=CC(N2N=CC(=C(C)C2=O)C(F)(F)F)=C(F)C=C1Cl']",24.7,56.0167425535563
"404","['CC[C@H]1OC(=O)[C@H](C)[C@@H](O[C@H]2C[C@@](C)(OC)[C@@H](O)[C@H](C)O2)[C@H](C)[C@@H](O[C@@H]3O[C@H](C)C[C@@H]([C@H]3O)N(C)C)[C@](C)(O)C[C@@H](C)C(=O)[C@H](C)[C@@H](O)[C@]1(C)O']",13.4,-3.37425017691584
"405","['CN1C=CNC1=S']",60.3,47.9176641072828
"406","['CCC(C)N1C(=O)NC(C)=C(Br)C1=O']",22.6,52.6134146977132
"407","['FC1=CNC(=O)NC1=O']",14.1,54.5448364366693
"408","['CC1=C(Cl)C(=O)N(C(=O)N1)C(C)(C)C']",14.6,51.0281457195232
"409","['CCC(C)OC(=O)N1CCCCC1CCO']",13.4,17.153640700377
"410","['CC(C)(C)C(=O)C(OC1=CC=C(Cl)C=C1)N2C=NC=N2']",4.7,44.3514031794409
"411","['CC(C)(C)C(O)C(OC1=CC=C(Cl)C=C1)N2C=NC=N2']",10.4,38.9003165989826
"412","['O=C(NC1=CN=NS1)NC2=CC=CC=C2']",46.3,53.6539454867057
"413","['C1=CC=C(C=C1)P(C2=CC=CC=C2)C3=CC=CC=C3']",17.6,67.8530651659184
"414","['C1=CC=C2C(=C1)C(=O)C(C2=O)C3=NC4=C(C=C(C=C4C=C3)S(=O)(=O)[O-])S(=O)(=O)[O-].[Na+].[Na+]']",97.3,65.7374264954199
"415","['ClC(Cl)(Cl)C(NC=O)N1CCN(CC1)C(NC=O)C(Cl)(Cl)Cl']",-4.8,15.2238058967915
"416","['CC(C)NC1=NC(Cl)=NC(N)=N1']",15.8,39.7567203974847
"417","['CCNC1=NC(N)=NC(Cl)=N1']",20.2,44.559144386247
"418","['CCNC1=NC(SC)=NC(NC(C)C)=N1']",62.1,37.3353522271106
"419","['C=CCOC1=NC(OCC=C)=NC(OCC=C)=N1']",29.3,42.3004077777585
"420","['CCNC1=NC(NC(C)(C)C#N)=NC(Cl)=N1']",30.7,33.1367946683149
"421","['CCNC1=NC(NC(C)C)=NC(Cl)=N1']",6.9,37.5903775968931
"422","['CCNC1=NC(NC(C)(C)C)=NC(Cl)=N1']",61,34.7368183933102
"423","['CC(C)NC1=NC(NC(C)C)=NC(Cl)=N1']",30.1,34.0460976000062
"424","['O=C(C1CCC1)C2=CC=CC=C2']",30.8,43.721695526498
"425","['O=C1CCCCCN1']",-0.20000000000001,12.819338367401
"426","['CC/C(=C(/CC)\\C1=CC=C(O)C=C1)/C2=CC=C(O)C=C2']",103.2,59.9613746174651
"427","['C12C[C@@]3(CC(C(C)=O)=C1C)[C@H](C)CCC3C2(C)C']",17.7,6.32852550134735
"428","['S=C1N([O-])C=CC=C1.[Na+]']",3.49999999999999,54.3167525503392
"429","['CC(C)C1(C)NC(=NC1=O)C2=NC=C(C)C=C2C(O)=O']",12.5,38.8167354277937
"430","['[Na+].CC1=NN(C(=O)C1N=NC2=CC=CC=C2)C3=CC=C(C=C3)S([O-])(=O)=O']",108.3,47.2414453429817
"431","['[Na+].[Na+].CC1=NN(C(=O)C1N=NC2=CC=C(C=C2)S([O-])(=O)=O)C3=CC(Cl)=C(C=C3Cl)S([O-])(=O)=O']",102.2,51.7259282648696
"432","['[Na+].CC1=NN(C(=O)C1/N=N/C2=CC=CC=C2)C3=CC(=CC=C3Cl)S([O-])(=O)=O']",109.6,49.2258489829664
"433","['CC1CC(C)(C)C2=C(C=C(C)C(=C2)C(C)=O)C1(C)C']",29.1,38.0021089720317
"434","['C1CCC2=C(C1)C=CC=C2']",8.9,46.7160019924637
"435","['OC1N=C(C2=CC=CC=C2)C3=CC(Cl)=CC=C3NC1=O']",23.5,55.7990969615285
"436","['COC1=NN(CSP(=S)(OC)OC)C(=O)S1']",73.9,46.5910142784544
"437","['OC(=O)C1=NN(C(=O)C1)C2=CC=C(C=C2)S(O)(=O)=O']",36.9,44.3921988956079
"438","['COCC1=NN=C(N1C2=C(Cl)C(Cl)=CC3=C2NC(=O)C(=O)N3)C4=C[N+]([O-])=CC=C4']",-0.800000000000004,71.3825771731456
"439","['CC(CC1=CC=C(OCC(O)=O)C=C1)NCC(O)C2=CSC(=N2)C(F)(F)F']",22.3,42.9233798529188
"440","['C[C@H]1CCCC(=O)CCC/C=C/C2=C(C(O)=CC(O)=C2)C(=O)O1']",28.1,37.0672660922988
"441","['CCCOC/C(=N\\C1=C(C=C(Cl)C=C1)C(F)(F)F)/N2C=CN=C2']",94.9,51.6254392794844
"442","['[Na+].COC1=CC=C(/C=C/S(=O)(=O)[N-]C(=O)C2=CC=C(C)C=C2Cl)C=C1']",88.8,54.1100922915133
"443","['CSC(=O)C1=CC=CC2=C1SN=N2']",72.2,70.6885544948423
"444","['CCCC1CCC(=O)O1']",10.6,15.8861119391049
"445","['CCCCCC1CCC(=O)O1']",13.3,19.3253010587458
"446","['O=C1CCCO1']",11.3,15.9991507360586
"447","['CCC1CCC(=O)O1']",54,14.1773555519378
"448","['COP(=S)(OC)SCN1C(=O)C2=C(C=CC=C2)C1=O']",55.7,50.4905222537853
"449","['O=C1NC(=O)C2=C1C=CC=C2']",15.9,61.4476024956707
"450","['ClC1CC2C(C1Cl)C3(Cl)C(Cl)=C(Cl)C2(Cl)C3(Cl)Cl']",62.6,27.8962087744223
"451","['CC[C@@H]1C[C@H](N(CC2=CC(=CC(=C2)C(F)(F)F)C(F)(F)F)C(C)=O)C3=C(C=CC(=C3)C(F)(F)F)N1C(=O)OC(C)C']",41.7,41.4456019589606
"452","['COC(=O)NC1=NC2=CC=CC=C2N1']",-20.8,57.1524614899298
"453","['CCCCNC(=O)N1C(NC(=O)OC)=NC2=C1C=CC=C2']",40.4,52.0159798806397
"454","['NC(=O)CN1C(=O)C=C(CCN2CCN(CC2)C3=NC=CC4=C3C=CS4)C5=C1C=C(F)C=C5']",-4.20000000000001,59.0691858677825
"455","['COC1=CC=CC(C(=O)NN(C(=O)C2=CC(C)=CC(C)=C2)C(C)(C)C)=C1C']",86,49.8013183190814
"456","['C[Si]1(O[Si](C)(O[Si](C)(O[Si](C)(O1)C=C)C=C)C=C)C=C']",99.7,15.7733534492334
"457","['C[Si]1(C)O[Si](C)(C)O[Si](C)(C)O[Si](C)(C)O1']",-1.30000000000001,8.02942887592904
"458","['FC1=CC=C(C2(O)CCN([C@H]3[C@@H](O)C4=C(OC3)C=C(O)C=C4)CC2)C=C1']",59.6,35.8755493610407
"459","['OC(=O)C1(CC1)C(=O)NC2=CC=C(Cl)C=C2Cl']",96.4,45.6712070043945
"460","['COP(=O)(OC)SCN1C(=O)OC2=CC(Cl)=CN=C12']",34.3,55.792570441513
"461","['O=C(OCCCCCOC(=O)C1=CC=CC=C1)C2=CC=CC=C2']",16.3,50.449265244861
"462","['CC1=CC(NC(=O)C(O)=O)=CC(C)=C1OC2=CC=C(O)C3=C2CCC3']",105.4,58.584186194222
"463","['CC1=CC(=O)NC(=S)N1']",16.6,53.1071800372329
"464","['CN1C(COC(N)=O)=NC=C1[N+]([O-])=O']",9.7,43.1443567407877
"465","['N1C=CN=C1']",3.59999999999999,41.1938895012677
"466","['COC(=O)C(CC1=CN=CN1)N.Cl']",85.7,33.542639594728
"467","['CSC1=N[C@](C)(C(=O)N1NC2=CC=CC=C2)C3=CC=CC=C3']",35.3,44.4285306663129
"468","['[Cl-].CCNC1=CC=C(C(C2=CC=C(C=C2)N(CC)CC)=C3C=CC(C=C3)=[N+](CC)CC)C4=C1C=CC=C4']",110.3,54.3513870285545
"469","['CCN(CC1=C(Cl)C=CC=C1F)C2=C(C=C(C=C2[N+]([O-])=O)C(F)(F)F)[N+]([O-])=O']",61.1,59.1400859024314
"470","['C[C@]12CC[C@H]3[C@@H](CCC4=C3C=CC(O)=C4)[C@@H]1C[C@@H](O)[C@@H]2O']",29.7,11.8897385543899
"471","['C[C@]12CC[C@H]3[C@@H](CCC4=C3C=CC(O)=C4)[C@@H]1CC[C@H]2O']",46.8,15.0311157456552
"472","['C12CC[C@@](O)(C#C)[C@@]1(C)CCC3C4=C(CCC23)C=C(O)C=C4']",87.9,16.9643738270708
"473","['C12CC[C@H](O)[C@@]1(C)CCC3C4=CC=C(O)C=C4CCC23']",55.8,18.1481525707619
"474","['CCC(C)(CC)C1=NOC(NC(=O)C2=C(OC)C=CC=C2OC)=C1']",79.6,54.4099392051626
"475","['O=P(OC1=CC=CC=C1)(OC2=CC=CC=C2)OC3=CC=CC=C3']",79.5,59.6003203349254
"476","['P(OC=1C(=CC=CC1)C)(OC=2C(=CC=CC2)C)(OC=3C(=CC=CC3)C)=O']",63.7,60.141305278507
"477","['S(=O)(=O)(C1=C(C(=C(C=C1)C(=O)C=2C(=O)N(NC2)C)C)C3=NOCC3)C']",7.5,59.2978987896907
"478","['FC1=CC=CC(F)=C1C(=O)NC(=O)NC2=C(F)C=C(OC3=C(Cl)C=C(C=C3)C(F)(F)F)C=C2']",20,64.1512724531358
"479","['CC1(C)CCC(CC2=CC=C(Cl)C=C2)C1(O)CN3C=NC=N3']",31.7,32.1709083310177
"480","['CC(=O)/C=C/C1C(C)=CCCC1(C)C']",46.2,13.7317092269995
"481","['CC(=O)C(C)=CC1C(C)=CCCC1(C)C']",41.3,15.5788975841936
"482","['CC(C)=CCC[C@](C)(O)[C@H]1CCC(C)=CC1']",41,13.6015805266032
"483","['CC(=O)C=CC1=C(C)CCCC1(C)C']",19.8,18.5106999851212
"484","['CCC(=O)C=CC1C(=CCCC1(C)C)C']",49.8,15.9247126521757
"485","['CC1=CCC(CC1)C(C)(C)O']",3.59999999999999,9.25697746014323
"486","['CCC(=O)OC(C)(C)C1CCC(C)=CC1']",11.6,15.7564621886049
"487","['CC(COC1=CC=C(OC2=CC=CC=C2)C=C1)OC3=NC=CC=C3']",44.7,56.8415457572486
"488","['CN1C=C(C(=O)C(=C1)C2=CC(=CC=C2)C(F)(F)F)C3=CC=CC=C3']",23.8,68.6851534286138
"489","['CCCN(CC)CC1COC2(CCC(CC2)C(C)(C)C)O1']",16.4,10.5671658693216
"490","['CC(C)OC1=CC=CC(NC(=O)C2=C(C)C=CC=C2)=C1']",59.8,54.6761404403826
"491","['IC1=C(C=CC=C1)C(=O)NC2=CC=CC=C2']",73.6,61.8602365920424
"492","['CC(C)OC1=CC(NC(=O)C2=C(C=CC=C2)C(F)(F)F)=CC=C1']",75.6,54.3867763494635
"493","['CC12CC1(C)C(=O)N(C2=O)C3=CC(Cl)=CC(Cl)=C3']",54.3,43.6746215938332
"494","['CS(=O)(=O)C1=CC=C(C=C1Cl)[C@@H](C[C@H]2CCC(=O)C2)C(=O)NC3=NC=CN=C3']",8.9,43.0693161070353
"495","['S(=O)(=O)(N1CCN(CC1)CC)C2=CC(=C(OCCC)C=C2)C=3NC(=O)C4=NN(C(=C4N3)CC)CC=5N=CC=CC5']",18.8,54.6931023295672
"496","['CN1C=NC(=C1SC2=NC=NC3=C2NC=N3)[N+]([O-])=O']",86.8,65.205820803379
"497","['OCC1CO1']",2.9,7.93828713851997
"498","['CCCCOCC1CO1']",5.49999999999999,17.2334156545328
"499","['O1C(C1)COCCCCCCCCCCCC']",57.7,26.0195572736075
"500","['CCCCCCCCN1SC=CC1=O']",40.3,44.7273622944677
"501","['CSC1=NN=C(C(=O)N1N)C(C)(C)C']",10.7,45.4389229261166
"502","['CC(C)[C@H](C(=O)O[C@H](C#N)C1=CC=CC(OC2=CC=CC=C2)=C1)C3=CC=C(Cl)C=C3']",47.1,51.5516390597491
"503","['Cl.O1C(N2C=CC(=NC2=O)N)C(O)[C@H](O)C1CO']",8.7,24.3054198733197
"504","['Cl.ClC1=CC2=C(CN3CCCCCC3=N2)C(Cl)=C1']",8.2,39.5341516081748
"505","['C12CC(C=C1)C3C2[C@]4(Cl)C(Cl)=C(Cl)[C@@]3(Cl)C4(Cl)Cl']",-15,17.3618912052871
