smiles,AR
['CC1(C)[C@@H]2C[C@H]1C(=C)CC2'],0.3733045351973651
['COC(=O)C(C)OC1=CC=C(OC2=CC=C(Cl)C=C2Cl)C=C1'],0.7388906637169952
['CCCCCCCCCCCCCC(=O)OCC(O)CO'],0.5220716638621419
['CC(=O)O[C@@H]1C[C@@H]2CC[C@@]1(C)C2(C)C'],0.3018220960206413
['CCCCCCCCCC=CCC1CC(=O)OC1=O'],0.5059234268004208
['CCC/C=C/C=O'],0.4767256738093055
['CC1=NN(CO)C(C)=C1'],0.467665802884308
['CC/C=C\\CCOC(C)=O'],0.4727718805233705
['CCCCC/C=C\\CCC=O'],0.5358181159742432
['C/C=C/C=C/CCCCCCCO'],0.603258431061978
['OCCOC(=O)C(C)=C.C12C3C(C(C1)CC2)C=CC3'],0.39654492442693945
['C[C@H](CCO)CCC=C(C)C'],0.4730207989363548
['CC/C=C\\CCO'],0.5044072246521283
['CC1=C(C)C(NC2=NC(SCC(O)=O)=NC(Cl)=C2)=CC=C1'],0.719859850775622
['ClC(Cl)C(C1=CC=C(Cl)C=C1)C2=C(Cl)C=CC=C2'],0.7202349655564677
['CC1(C)N(CO)C(=O)NC1=O'],0.30601316593651295
['COC1=CC2=C(C=C1)N(C(=O)C3=CC=C(Cl)C=C3)C(C)=C2CC(O)=O'],0.7573433101284346
['CCO[Si](CCCNC(N)=O)(OCC)OCC'],0.3896904499071213
['CC(O)CN'],0.28629929834285056
['CC1(C)N(Br)C(=O)N(Cl)C1=O'],0.42549670797658856
['FC(F)(F)C1=CC=C(Cl)C=C1'],0.5809688750064952
['[O-][N+](=O)C1=CC=C(Cl)C=C1'],0.6818743377777106
['CCCCCCCCCCN'],0.5147736160439268
['CCCCCCCCCCO'],0.521361156106237
['CCCCCCCCCCCCS'],0.5857575669591686
['CCCCCCCCCCCCO'],0.5375310231910866
['CCCCCCCCCCCCN1CCCC1=O'],0.46921329144895557
['CCOCC(C)O'],0.3352163195381756
['CCCCCCCCCCCCCCCCO'],0.5580824534199683
['CCCCCCO'],0.4594024974986554
['COCC(C)O'],0.31411593099384527
['CCC(C)(C)C1CCC(CC1)OC'],0.3678062933791789
['CN1C=C(C(=O)C(=C1)C2=CC(=CC=C2)C(F)(F)F)C3=CC=CC=C3'],0.7242485087878877
['CC1=C2C=CC=CC2=CC=C1'],0.6667937877620702
['CCCCCCCCCCCC(=O)OCC(O)CO'],0.5110203318071723
['OC(=O)CC1=C2C=CC=CC2=CC=C1'],0.7042075645289876
['OC1=CC=CC2=CC=CC=C12'],0.7275042574000401
['CCCCCCCCO'],0.4976075162458828
['CCCCCC(O)C=C'],0.4922808506339901
['CCCCCCCCN1CCCC1=O'],0.42537119806765533
['CC(O)COC1=CC=CC=C1'],0.5562898386025635
['O=C1C=CC(=O)N1C2=CC=CC=C2'],0.6089663965897532
['NC(=O)NC1=CC=CC=C1'],0.5171412916899665
['CCCOCC(C)O'],0.3712372711397784
['CCCCCCCCCCCCC=C'],0.5641428648234221
['CCCCCCCCCCCCCO'],0.5438161694491198
['CC(C1=CC=C(C)C(C)=C1)C2=CC=C(C)C(C)=C2'],0.6767628945515153
['C[SiH](O[Si](C)(C)C)O[Si](C)(C)C'],0.4025316167959536
['CC(O)CN(CCN(CC(C)O)CC(C)O)CC(C)O'],0.3687861504570358
['C1=CC2=C(N=C1)C3=C(C=CC=N3)C=C2'],0.7073373129044009
['O=CC1=CC=CC=C1C=O'],0.6156306379302651
['CC(C)CCCCCCCOC(=O)C1=CC=CC=C1C(=O)OCCCCCCCC(C)C'],0.5911276510982699
['O(C[C@@H]([C@H](CCC)CC)CCC)C(=O)C=1C(C(OCCCCCCCCCCCC)=O)=CC=CC1'],0.5890738535436368
['OC1=C(O)C=CC=C1'],0.7107634854525029
['BrCCBr'],0.41856638674988744
['FC(F)(F)C1=CC=C(Cl)C(Cl)=C1'],0.6446487278086317
['ClC1=C(Cl)C=CC=C1'],0.6250229020748523
['CC1=CC=CC(=C1C)[N+]([O-])=O'],0.7006994792185759
['[O-][N+](=O)C1=C(C=CC=C1)[N+]([O-])=O'],0.7629934134727774
['C(COC1=CC=CC=C1)OC2=CC=CC=C2'],0.6491518003120526
['O=C(CC1=CC=CC=C1)C2=CC=CC=C2'],0.6508540223228624
['I.I.NCCN'],0.3325625393685897
['CCCCOC(CC)O'],0.39739590934805147
['CC(O)CO'],0.3078713682270485
['O=C1NC(=O)C2CC=CCC12'],0.34979516614286404
['ClC1=CC(Cl)=C(Cl)C=C1'],0.6899679126910245
['CC1=CC(C)=C(C)C=C1'],0.5941629308172021
['ClC1=CC(Cl)=C(Cl)C=C1Cl'],0.7618284926716246
['CC1=CC(C)=C(C)C=C1C'],0.620356837604082
['ClC(=O)C1=CC(=CC=C1)C(Cl)=O'],0.6317437132347941
['CC(O)CCO'],0.35388116581462364
['C1C=CC=C1'],0.37231496962895233
['Cl.ClC1=CC2=C(CN3CCCCCC3=N2)C(Cl)=C1'],0.5460983406816717
['ClC1=CC(Cl)=CC=C1'],0.6140971167034014
['[O-][N+](=O)C1=CC(=CC=C1)[N+]([O-])=O'],0.7290189220204271
['O=C(CC(=O)C1=CC=CC=C1)C2=CC=CC=C2'],0.6511351482680084
['CCN1CN(CC)CN(CC)C1'],0.26203314334342537
['CC(C)C1=CC(=CC(=C1)C(C)C)C(C)C'],0.5294792334004779
['C[Si]1(O[Si](C)(O[Si](C)(O[Si](C)(O1)C=C)C=C)C=C)C=C'],0.5110607067996431
['NC1=CC=C(N)C=C1'],0.5823726765099781
['OC(=O)C1CCC(CC1)C(O)=O'],0.3845008624380386
['NC1=CC=C(N)C2=C1C(=O)C3=CC=CC=C3C2=O'],0.8463256607710878
['ClC1=CC=C(Cl)C=C1'],0.6020466594389756
['CC1=CC=C(C)C2=C1C=CC=C2'],0.6895918873013964
['C\\1C/C=C/CC/C=C/CC/C=C1'],0.532768532692746
['NCCCCCCN'],0.4566903893342215
['CC12CCC(CC1)C(C)(C)O2'],0.3294340658454717
['OC(=O)CCCCCCCCC=C'],0.5359423545332228
['CCCCCC(=O)O[C@@]1(CC[C@H]2[C@@H]3CCC4=CC(=O)CC[C@]4(C)[C@H]3CC[C@]12C)C(C)=O'],0.3500764882191325
['C[C@]12CC[C@H]3[C@@H](CCC4=C3C=CC(O)=C4)[C@@H]1CC[C@H]2O'],0.4105538139901008
['C12CC[C@@](O)(C#C)[C@@]1(C)CCC3C4=C(CCC23)C=C(O)C=C4'],0.46636707862962
['CC(=O)[C@@]1(O)CC[C@H]2[C@@H]3CCC4=CC(=O)CC[C@]4(C)[C@H]3CC[C@]12C'],0.3084159402975981
['C12CC[C@H](O)[C@@]1(C)CCC3C4=CC=C(O)C=C4CCC23'],0.4466376256164144
['CCCCOCCOCCO'],0.4325724254070919
['CC1=C(OCC(O)=O)C=CC(Cl)=C1'],0.6754514638019727
['CCNCCO'],0.3047941269549595
['CC(OC1=CC(Cl)=CC=C1)C(O)=O'],0.6252731163541807
['OCCC(F)(F)C(F)(F)C(F)(F)C(F)(F)C(F)(F)C(F)(F)F'],0.8156466905206278
['CC(=C)C(=O)OCCC(F)(F)C(F)(F)C(F)(F)C(F)(F)C(F)(F)C(F)(F)F'],0.755613839900985
['CCOCCOCCOCCO'],0.41014703804236263
['COCCOCCOCCO'],0.4028941931943353
['OC1=CC=C(C=C1)C(=O)CBr'],0.6735973662556405
['CCC(C)=NO'],0.3478809964356314
['CCCCOCCOC(C)=O'],0.41377466527184215
['OCC#CCO'],0.4148658127522624
['ClC=1C=C(C2=CC=CC=C2)C=CC1O'],0.7726065983126345
['ClCC=O'],0.2776752447810638
['ClCC(=O)C1=CC=CC=C1'],0.5736785235836613
['OCCCl'],0.33343473446964644
['CCCCC(CC)CO'],0.4665476173277362
['CCCC(O)C(CC)CO'],0.454351903953167
['CCCC=C(CC)C=O'],0.45262100477039746
['CCC1=CC=CC(C)=C1N'],0.6211536973401105
['CCCCC(CC)C(O)=O'],0.4677057295770706
['CCCCC(CC)COC(C)=O'],0.44895567833733063
['CCCCC(CC)COP(=O)(OC1=CC=CC=C1)OC2=CC=CC=C2'],0.6524375639906063
['CCCCC(CC)COC(=O)CS'],0.5239740989742779
['CCC1=C(O)C=CC=C1'],0.6435647881469575
['CCCCCC(C)=O'],0.45159848917343115
['COC1=CC=C(C(=O)C2=CC=CC=C2)C(O)=C1'],0.7742019848992313
['CC(=O)C1=CC=CC=C1O'],0.6690967874193466
['OCCOC(=O)C=C'],0.4140441634433065
['CCCCCCCCSCCO'],0.5864678628234146
['SC1=NC2=C(S1)C=CC=C2'],0.8702170372144484
['COC1=CC=C(C)C=C1N'],0.6672915265224776
['COCCO'],0.3273771827280032
['COC1=C(O)C=CC=C1'],0.6910552216051933
['CC(O)CC(C)(C)O'],0.3648342624448607
['CC1=C(N)C=CC=C1'],0.5704766532415189
['Cl.CC1=CC=CC=C1N'],0.5558916661566474
['CCC(C)COC(=O)CC(C)C'],0.4106517954950768
['CC(CCC#N)C#N'],0.34032385415128985
['CC(C)C#N'],0.20506722310258274
['NC1=CC=CC=C1[N+]([O-])=O'],0.7016918746788967
['CCCCCCCCCCC(CO)CCCCCCCC'],0.5558165260471561
['CCCC(C)=O'],0.396146343958242
['OCCOC1=CC=CC=C1'],0.5867711340736781
['OCCC1=CC=CC=C1'],0.5627022081806462
['O=C(OCCC1=CC=CC=C1)C2=CC=CC=C2'],0.6326672596664898
['OC1=C(C=CC=C1)C2=CC=CC=C2'],0.7532460048984085
['CCCOCCO'],0.393064129361265
['O=C1CCCN1'],0.25436780672638015
['CCC(C)C1CCCCC1=O'],0.3920763149635874
['CCC1=CC(=C(O)C=C1)C(C)(C)C'],0.6243728324745313
['CC1=CC(O)=C(C=C1)C(C)(C)C'],0.6227610829485848
['CCCCCCCCCC(C)=O'],0.5122631376779438
['NC(=O)C(Br)(Br)C#N'],0.5075080051612398
['OC1=C(CC2=C(O)C=CC=C2)C=CC=C1'],0.7584090586285115
['CC1=CC(CC2=CC(C)=CC(=C2O)C(C)(C)C)=C(O)C(=C1)C(C)(C)C'],0.7249224853710857
['CCC1=CC(CC2=C(O)C(=CC(CC)=C2)C(C)(C)C)=C(O)C(=C1)C(C)(C)C'],0.7158026683694808
['CC(C)(C1=CC(Cl)=C(O)C(Cl)=C1)C2=CC(Cl)=C(O)C(Cl)=C2'],0.8416855346412473
['CC1=C(C)C(O)=CC=C1'],0.6528218198826897
['CC1=CC=CC(=C1[N+]([O-])=O)[N+]([O-])=O'],0.7914125889503397
['CC(C)(C1=CC=CC=C1)C2=CC(=C(O)C=C2)C(C)(C)C3=CC=CC=C3'],0.7016645984435252
['CC(C)NC1=NC(NC(C)C)=NC(Cl)=N1'],0.4132559404813441
['ClC1=C(OCC([O-])=O)C=CC(Cl)=C1.[Na+]'],0.7089209316236571
['CCCCOCCOC(=O)COC1=C(Cl)C=C(Cl)C=C1'],0.6237233022347968
['C1=CC(=C(C=C1Cl)Cl)OCC(=O)O'],0.7043631105183711
['OC(=O)CCCOC1=CC=C(Cl)C=C1Cl'],0.6673158748003798
['OC1=CC=C(C(=O)C2=CC=CC=C2)C(O)=C1'],0.7929833750904484
['OC1=C(C=C(C=C1)[N+]([O-])=O)[N+]([O-])=O'],0.800347874584552
['CC1=C(C=C(C=C1)[N+]([O-])=O)[N+]([O-])=O'],0.7606640481889118
['OC1=C(Cl)C=C(Cl)C(Cl)=C1'],0.7905773225377468
['OC(=O)COC1=C(Cl)C=C(Cl)C(Cl)=C1'],0.7534260532687188
['OC1=C(Br)C=C(Br)C=C1Br'],0.8965747905399966
['OC1=C(Cl)C=C(Cl)C=C1Cl'],0.802067496227787
['CC1=CC(C)=C(C(O)=O)C(C)=C1'],0.7062781628156543
['CC1=CC(C)=C(O)C(C)=C1'],0.7040144594296757
['C=CCOC1=NC(OCC=C)=NC(OCC=C)=N1'],0.6001993389233885
['OC1=CC(Cl)=CC=C1Cl'],0.7237884692310677
['CC(C)(C)OOC(C)(C)CCC(C)(C)OOC(C)(C)C'],0.3767414669384643
['CC(C)(C)C1=CC=CC(=C1O)C(C)(C)C'],0.5948454636206122
['ClC1=CC=CC(Cl)=C1C#N'],0.7276648887892385
['CCC1=CC=CC(CC)=C1N'],0.6314547980822178
['CN(C)CCCN'],0.34722894451003816
['CCO[Si](CCCN)(OCC)OCC'],0.41499433467486024
['CCC1=CC=CC(O)=C1'],0.6309566530501999
['OC1=CC2=C(CC3=CC=CC=C23)C=C1'],0.8154503352484312
['CC(C)C1=CC=CC(O)=C1'],0.5860110174020156
['CC(C)CCOC(C)=O'],0.36811218788320366
['CC1=CC(=CC=C1)[N+]([O-])=O'],0.6663767429491407
['COCCOCCC[Si](C)(O[Si](C)(C)C)O[Si](C)(C)C'],0.45203549733274184
['OC(=O)C1=CC(OC2=CC=CC=C2)=CC=C1'],0.7435863369825562
['CCCC(CC)C1=CC=CC=C1'],0.566922897398333
['N#CC1=CN=CC=C1'],0.5216614661267872
['CC(C)(C)C1=CC=CC(O)=C1'],0.5797136393258452
['CC1CC(O)CC(C)(C)C1'],0.3611101947406523
['CC1CC(CC(C)(C)C1)OC(=O)C2=C(O)C=CC=C2'],0.5411432471227793
['CC1=CC(=CC=C1N)C2=CC=C(N)C(C)=C2'],0.7522420937393329
['Cl.Cl.CC1=C(N)C=CC(=C1)C2=CC(C)=C(N)C=C2'],0.7194017445112937
['CC(C)(C1=CC(Br)=C(O)C(Br)=C1)C2=CC(Br)=C(O)C(Br)=C2'],0.9019584217359055
['C1COC=CC1'],0.35143131998417626
['NC1=CC(Cl)=CC(Cl)=C1'],0.6720060563945152
['CC(CCO)CC(C)(C)C'],0.415916459155919
['CCCCOCCOCCOCCOCCO'],0.4437089536694997
['CC(C)=CCCC(C)=CC=O'],0.4961669366546192
['CCC(C)(O)CCCC(C)C'],0.4333353054261745
['CCC(C)(CCCC(C)C)OC(C)=O'],0.4462071107981898
['CC1=CN([C@H]2C[C@H](N=[N+]=[N-])[C@@H](CO)O2)C(=O)NC1=O'],0.3252732001224408
['CC(C)(C)C1=CC=C(O)C=C1'],0.5759385284970472
['CC(C)(C)CC(C)(C)C1=CC=C(O)C=C1'],0.5677469107877815
['CCC(C)(C)C1=CC=C(O)C=C1'],0.5877766107793908
['CC(=O)C=CC1=C(C)CCCC1(C)C'],0.4484627307800547
['ClC1=CC=C(CCC(CN2C=NC=N2)(C#N)C3=CC=CC=C3)C=C1'],0.6245167436855501
['CCC(C)C1=CC=C(O)C=C1'],0.6005004982617452
['CCC(C)(C)C1CCC(=O)CC1'],0.3786992057735886
['NN1C=NN=C1'],0.3683807194084222
['NC1=CC=C(C=C1)C(O)=O'],0.6376868434805993
['CCOCN1C(=C(C#N)C(Br)=C1C(F)(F)F)C2=CC=C(Cl)C=C2'],0.719597413324562
['CCCCC1=CC=C(Cl)C=C1'],0.6076467773658528
['CN(C)S(=O)(=O)N1C(=NC(Cl)=C1C2=CC=C(C)C=C2)C#N'],0.6271331118435491
['ClC1=C(C(=C(O[H])C(=C1[H])[H])[H])C([H])([H])[H]'],0.6807210447502394
['ClC1=CC=C(C=C1)C(Cl)(Cl)Cl'],0.6113184290276152
['OC1=CC=C(Cl)C=C1'],0.6386334703425851
['OC(=O)COC1=CC=C(Cl)C=C1'],0.6397238613172478
['NC(=O)NC1=CC=C(Cl)C=C1'],0.5720134666693646
['CC(C)(C1=CC=CC=C1)C2=CC=C(O)C=C2'],0.6707246757347887
['O=C1CCC(CC1)C2CCCCC2'],0.38546700434669734
['CCCCCCCCCCCCN1CCOCC1'],0.4577375684198224
['CCCCCCCCCCCCC1=CC=C(O)C=C1'],0.6256083955031421
['CCOC1=CC=C(N)C=C1'],0.6216320961709183
['CCC1COC(=O)O1'],0.36003158564269605
['CCCCCCOC1=CC=C(N)C=C1'],0.6132041597221082
['CC(=O)C1=CC=C(O)C=C1'],0.6320482978631089
['OC(=O)C1=CC=C(O)C=C1'],0.6724939045426103
['CC(C)C1=CC=C(O)C=C1'],0.5812854726660535
['COC1=CC=C(C=O)C=C1'],0.6082808762890688
['CC(C)CC(C)O'],0.3315864648195209
['CC(C)=CC(C)=O'],0.42628832120509436
['CC1=CC=C(C=C)C=C1'],0.6204568854905255
['OC(=O)C1=CC=C(C=C1)[N+]([O-])=O'],0.6990672059716128
['OC1=CC=C(C=C1)[N+]([O-])=O'],0.7086593627532818
['O=NC1=CC=C(NC2=CC=CC=C2)C=C1'],0.6305301799340322
['CC1=CC=C(C=C1)[N+]([O-])=O'],0.6617684110751686
['CCCCCCCCCC1=CC=C(O)C=C1'],0.6267568342853351
['CC(C)CCCCCCC1=CC=C(O)C=C1'],0.5978155402483899
['CCCCCCCCC1=CC=C(O)C=C1'],0.6273585995920964
['CCCCCC1=CC=C(N)C=C1'],0.5983711727133031
['OC1=CC=C(C=C1)C2=CC=CC=C2'],0.7254782369156088
['CCCC1CCC(=O)CC1'],0.39978666367321025
['CC(C)(C)C1=CC=C(N)C=C1'],0.540147911446794
['CC(C)(C)C1=CC=C(S)C=C1'],0.6333254266802905
['CC(C)(C)C1CCC(=O)CC1'],0.36461968098765224
['CC(C)(C)C1=CC=C(OC(=O)C2=C(O)C=CC=C2)C=C1'],0.7225833415498347
['CC1=CC=C(C=C1)C(C)(C)C'],0.5336033928337283
['CC1=CC=C(C=C1)S(N)(=O)=O'],0.5703248284899477
['C1OC1C2CCC3OC3C2'],0.32597483119388904
['CC(CCC(O)=O)(C1=CC=C(O)C=C1)C2=CC=C(O)C=C2'],0.7031835779486038
['CC(C)(C)C1=CC=C(C=C1)C2=CC=C(C=C2)C(C)(C)C'],0.6342262919486239
['NC1=CC=C(CC2=CC=C(N)C=C2)C=C1'],0.6899653629864341
['O1CCN(CC1)SSN2CCOCC2'],0.4633661183547563
['CN(C)C1=CC=C(CC2=CC=C(C=C2)N(C)C)C=C1'],0.6254249918897031
['CC1=C(N)C=CC(CC2=CC(C)=C(N)C=C2)=C1'],0.7188858776314354
['NC1=CC=C(OC2=CC=C(N)C=C2)C=C1'],0.7446934831588132
['OC1=CC=C(C=C1)S(=O)(=O)C2=CC=C(O)C=C2'],0.7297271795219373
['CC(C1=CC=C(O)C=C1)(C2=CC=C(O)C=C2)C3=CC=C(O)C=C3'],0.8007890295161637
['ClC1=C(Cl)C(=O)SS1'],0.9641612951118765
['CC1=C(O)C(=CC(=C1)[N+]([O-])=O)[N+]([O-])=O'],0.8210367380061103
['CCC1(C)NC(=O)NC1=O'],0.2993899860474
['FC1=CNC(=O)NC1=O'],0.3834182606708061
['COC1=C(N)C=C(C=C1)[N+]([O-])=O'],0.735715342874369
['CC1(C)NC(=O)N(C1=O)C2=CC(=C(C=C2)[N+]([O-])=O)C(F)(F)F'],0.6093658876672329
['CC1(C)NC(=O)NC1=O'],0.26909293912960425
['O=C1NC(=O)C(N1)(C2=CC=CC=C2)C3=CC=CC=C3'],0.6416659096625847
['C12CC[C@H](O)[C@@]1(C)CCC3C2CCC4CC(=O)CC[C@]34C'],0.3335526232835402
['OC1=CC2=CC=C(SSC3=CC4=CC=C(O)C=C4C=C3)C=C2C=C1'],0.9135347810448491
['CC1=CC(=O)NC(=S)N1'],0.46314748819080803
['CC1=CC2=CC=CN=C2C=C1'],0.6526374286089561
['[Na+].CCCCC(CC)CCC(CC(C)C)OS([O-])(=O)=O'],0.5093049234807264
['[K+].CC1=CC(=O)[N-]S(=O)(=O)O1'],0.5961815788728382
['CC(=O)NC1=CC=C(O)C=C1'],0.6040279129947322
['[Na+].CC1=C(OCC([O-])=O)C=CC(Cl)=C1'],0.6821099613024731
['CCC(CC)C(C)CCOC(=O)C'],0.4333306052839212
['CCOCN(C(=O)CCl)C1=C(CC)C=CC=C1C'],0.5923163387886409
['CC(=O)C1=CC=CC=C1'],0.5465532458058961
['C12C[C@@]3(CC(C(C)=O)=C1C)[C@H](C)CCC3C2(C)C'],0.3400830331517851
['CSC(=O)C1=CC=CC2=C1SN=N2'],0.8533514978543697
['S([O-])(=O)(=O)C=1C=C2C(C(/N=N/C=3C(=CC=CC3)C(F)(F)F)=C(N)C=C2)=C(O)C1.[Na+]'],0.8076436721483724
['OC(=O)C1=C(C=CC(OC2=CC=C(C=C2Cl)C(F)(F)F)=C1)[N+]([O-])=O'],0.8048415748221981
['NC(=O)C=C'],0.2983679187501419
['CCCCCCCCCCCC(=O)OCC(C)OC(=O)CCCCC(=O)O'],0.5087809626897302
['CCC1=CC=CC(CC)=C1N(COC)C(=O)CCl'],0.6083008116167182
['CSC(C)(C)C=NO'],0.46544524834524476
['CNC(=O)ON=CC(C)(C)S(C)(=O)=O'],0.3763061258936935
['CNC(=O)ON=CC(C)(C)S(C)=O'],0.3920592375465778
['C12CC(C=C1)C3C2[C@]4(Cl)C(Cl)=C(Cl)[C@@]3(Cl)C4(Cl)Cl'],0.42690275798329547
['O1C(C1)COCCCCCCCCCCCC'],0.5015806039309781
['NC(=O)NC1NC(=O)NC1=O'],0.2982984883328327
['S([O-])(=O)(=O)C=1C(=CC(\\N=N\\C=2C3=C(C=C(S([O-])(=O)=O)C=C3)C=CC2O)=C(OC)C1)C.[Na+].[Na+]'],0.837204302739236
['OCC=C'],0.37841562818941327
['CCCCCC(C=O)=CC1=CC=CC=C1'],0.596445333204291
['CC(=O)/C=C/C1C(C)=CCCC1(C)C'],0.5099014667963553
['CC(=O)C(C)=CC1C(C)=CCCC1(C)C'],0.4532203114334465
['[Na+].CCCCCCCCCCCCOCCOS([O-])(=O)=O'],0.544319207252172
['CCCC(=O)OC(C)(C)CC1=CC=CC=C1'],0.5603606039645123
['CCNC1=NC(SC)=NC(NC(C)C)=N1'],0.4898453503942054
['Cl.CCCCC1=C(C(=O)C2=CC(I)=C(OCCN(CC)CC)C(I)=C2)C3=C(O1)C=CC=C3'],0.7803467589528534
['CN(C=NC1=C(C)C=C(C)C=C1)C=NC2=C(C)C=C(C)C=C2'],0.656355164079786
['[NH4+].NC([O-])=O'],0.34784322718521465
['[NH4+].[S-]C#N'],0.36730540251144816
['[NH4+].[O-]C(=O)C(F)(F)C(F)(F)C(F)(F)C(F)(F)C(F)(F)C(F)(F)C(F)(F)F'],0.8742473356474627
['[NH4+].NS([O-])(=O)=O'],0.4854484163490451
['S(O)(=O)(=O)C1=C(C=C(C=C1)C)C.N'],0.6443040553798467
['CC(C)(C#N)C1=CC(=CC(CN2C=NC=N2)=C1)C(C)(C)C#N'],0.562626918346057
['OC(CCCCCC)CC=CCCCCCCCC(OCCN(CCOC(=O)CCCCCCCC=CCC(O)CCCCCC)CCOC(=O)CCCCCCCC=CCC(O)CCCCCC)=O'],0.5440209373455283
['OC1=CC=C(C=C1)C2=CC(=O)C3=C(O2)C=C(O)C=C3O'],0.8525968133143278
['CC(=O)OC1=C(C=CC=C1)C(O)=O'],0.6977212001070745
['COC(=O)NS(=O)(=O)C1=CC=C(N)C=C1'],0.5660630813232034
['CC(C)NCC(O)COC1=CC=C(CC(N)=O)C=C1'],0.5353517739539473
['[Ca].[Ca+2].FC1=CC=C(C=2N(C(C(C)C)=C(C2C3=CC=CC=C3)C(=O)NC4=CC=CC=C4)CC[C@@H](O)C[C@@H](O)CC([O-])=O)C=C1.FC1=CC=C(C=2N(C(C(C)C)=C(C2C3=CC=CC=C3)C(=O)NC4=CC=CC=C4)CC[C@@H](O)C[C@@H](O)CC([O-])=O)C=C1'],0.6908498583107349
['CCNC1=NC(NC(C)C)=NC(Cl)=N1'],0.427238380361721
['[Na+].[O-]C(=O)C1=CC=C2N(CC3=NOC(=C3)C4=CC=C(Cl)S4)C(=NC2=C1)C(=O)NC5CCN(CC5)C6CC6'],0.6679142988733783
['COP(=O)(OC)SCN1C(=O)OC2=CC(Cl)=CN=C12'],0.6521959094338315
['CN1C=NC(=C1SC2=NC=NC3=C2NC=N3)[N+]([O-])=O'],0.764251468538311
['[Cl-].CCNC1=CC=C(C(C2=CC=C(C=C2)N(CC)CC)=C3C=CC(C=C3)=[N+](CC)CC)C4=C1C=CC=C4'],0.7194643663767843
['CNC(=O)OC1=CC=CC2=C1OC(C)(C)O2'],0.6922034992796787
['CCCCN(CC)C1=C(C=C(C=C1[N+]([O-])=O)C(F)(F)F)[N+]([O-])=O'],0.6867983356884099
['IC1=C(C=CC=C1)C(=O)NC2=CC=CC=C2'],0.7190536818159653
['CCCCNC(=O)N1C(NC(=O)OC)=NC2=C1C=CC=C2'],0.562090384149182
['CC(C)OP(=S)(OC(C)C)SCCNS(=O)(=O)C1=CC=CC=C1'],0.5796771729464554
['ClC(Cl)C1=CC=CC=C1'],0.5333675574173067
['CCOC(=O)C1=CC=C(N)C=C1'],0.6204383791181959
['OC(=O)C1=CC=CC=C1'],0.5934163051648835
['OC(C(=O)C1=CC=CC=C1)C2=CC=CC=C2'],0.6630714992473287
['O=C(C1=CC=CC=C1)C2=CC=CC=C2'],0.6792665083282163
['ClC(Cl)(Cl)C1=CC=CC=C1'],0.5646476117691118
['OC1=CC=C(C=C1)C(=O)OCC2=CC=CC=C2'],0.6950885180425063
['CC(=O)OCC1=CC=CC=C1'],0.5453334870931706
['OCC1=CC=CC=C1'],0.552072783501945
['O=C(OCC1=CC=CC=C1)C2=CC=CC=C2'],0.6508932625566968
['CCCCOC(=O)C1=C(C=CC=C1)C(=O)OCC2=CC=CC=C2'],0.6853016590938148
['O=C(OCC1=CC=CC=C1)C=CC2=CC=CC=C2'],0.628252810411636
['[Cl-].[N+](CCCCCCCCCC)(CC1=CC=CC=C1)(C)C'],0.5673154643467258
['CCCCC(CC)COC(=O)CCCCC(=O)OCC1=CC=CC=C1'],0.5423150905207447
['FC1=CC=C(CC2CCN(CCS(=O)C3=CC=C4NC(=O)OC4=C3)CC2)C=C1'],0.5816447533611115
['CC1=C(C=CC=C1COC(=O)[C@@H]2[C@H](/C=C(\\Cl)/C(F)(F)F)C2(C)C)C3=CC=CC=C3'],0.6173891916012848
['CC(C)OP(C)(=O)OC(C)C'],0.35020084936006346
['CCCCC(CC)COC(=O)/C=C\\C(=O)OCC(CC)CCCC'],0.5157513472005112
['CCCCC(CC)COC(=O)C1=C(Br)C(Br)=C(Br)C(Br)=C1C(=O)OCC(CC)CCCC'],0.7270149662872594
['CCCCC(CC)COC(=O)CCCCC(=O)OCC(CC)CCCC'],0.49837177268516325
['CC(C)(C1=CC=C(O)C=C1)C2=CC=C(O)C=C2'],0.7116528280173988
['CC(C)(C1=CC=C(OCC2CO2)C=C1)C3=CC=C(OCC4CO4)C=C3'],0.6245001776103951
['OC1=CC=C(C=C1)C(C2=CC=C(O)C=C2)(C(F)(F)F)C(F)(F)F'],0.7682741178575541
['CCC(C)(C1=CC=C(O)C=C1)C2=CC=C(O)C=C2'],0.72567546076849
['OB(O)O'],0.2533075779164606
['ClC1=CC=C(C=C1)C2=C(NC(=O)C3=C(Cl)N=CC=C3)C=CC=C2'],0.7539248707502991
['CCC(C)N1C(=O)NC(C)=C(Br)C1=O'],0.45531672197674994
['OC1=C(Br)C=C(C=C1Br)C#N'],0.841220087469197
['CS(=O)(=O)OCCCCOS(C)(=O)=O'],0.4805014640923488
['CCCCOCN(C(=O)CCl)C1=C(CC)C=CC=C1CC'],0.5943941659081023
['CN1C(=O)N(C(=O)C=C1C(F)(F)F)C2=CC(C(=O)OC(C)(C)C(=O)OCC=C)=C(Cl)C=C2'],0.6230206975124197
['CC(C)N(CC1=CC=CC=C1)C(=O)C(C)(C)C'],0.4544100288122097
['CCCCOC(=O)C=C'],0.43262122703314043
['CCCCOC(=O)C1=CC=CC=C1'],0.5831476921422557
['CCCCOCC1CO1'],0.3964421797375638
['CCSC(=O)N(CC(C)C)CC(C)C'],0.4461178151000605
['CCCCC1=CC=CC=C1'],0.5601223449277932
['CCCCC1=CC2=C(C=CC=C2S(=O)(=O)[O-])C=C1.[Na+]'],0.7169386738394541
['CCCCOC(=O)C1=CC=C(O)C=C1'],0.6408947080801685
['CCCC=NO'],0.3780142598569054
['[Na+].[Na+].OC1=C(N=NC2=CC=CC=C2)C3=C(C=C(C=C3C=C1)S([O-])(=O)=O)S([O-])(=O)=O'],0.7876561736203107
['[Na+].CC1=NN(C(=O)C1N=NC2=CC=CC=C2)C3=CC=C(C=C3)S([O-])(=O)=O'],0.6444668722301227
['[Na+].[Na+].CC1=NN(C(=O)C1N=NC2=CC=C(C=C2)S([O-])(=O)=O)C3=CC(Cl)=C(C=C3Cl)S([O-])(=O)=O'],0.7176758466721439
['C1=CC=C2C(=C1)C(=O)C(C2=O)C3=NC4=C(C=C(C=C4C=C3)S(=O)(=O)[O-])S(=O)(=O)[O-].[Na+].[Na+]'],0.7912356786779868
['[Na+].CC1=NN(C(=O)C1/N=N/C2=CC=CC=C2)C3=CC(=CC=C3Cl)S([O-])(=O)=O'],0.6983744568381335
['CC1=C(N)C=C(C=C1)[N+]([O-])=O'],0.6994625642861575
['S([O-])(=O)(=O)C=1C=C2C(=C(O)C1/N=N/C3=CC=C(/N=N/C4=CC=C(S([O-])(=O)=O)C=C4)C=C3)C=CC(NC(=O)C5=CC=CC=C5)=C2.[Na+].[Na+]'],0.8124485764397122
['COC1=CC(=CC=C1N)C2=CC(OC)=C(N)C=C2'],0.8032136304692925
['Cl.Cl.COC1=CC(=CC=C1N)C2=CC=C(N)C(OC)=C2'],0.7672742694145841
['CCCCCCCCCCCCCCCS(=O)(=O)OC1=CC=CC=C1'],0.6191547359458796
['[Ca+2].[O-]C(=O)C(CCCCCC)(C)C.[O-]C(=O)C(CCCCCC)(C)C'],0.47036144303914806
['CC1(C)C2CCC(C2)C1=C'],0.3871470495313166
['COCCOC[C@H](CC1(CCCC1)C(=O)N[C@H]2CC[C@H](CC2)C(O)=O)C(=O)OC3=CC4=C(CCC4)C=C3'],0.47787967430975353
['O=C1CCCCCN1'],0.28571101705075036
['O=C1N(SC(Cl)(Cl)Cl)C(=O)C2CC=CCC12'],0.5069859251276132
['NC(=O)N1C2=CC=CC=C2C=CC3=C1C=CC=C3'],0.7423313499681505
['COC(=O)NC1=NC2=CC=CC=C2N1'],0.549256948241353
['CCCCN(CCCC)SN(C)C(=O)OC1=C2OC(C)(C)CC2=CC=C1'],0.632910154052145
['CC1=C(SCCO1)C(=O)NC2=CC=CC=C2'],0.6544510040644759
['CS(O)(=O)=O.CC(C)C1=CC=C(C=C1S(C)(=O)=O)C(=O)N=C(N)N'],0.5743612104900961
['CC1=CC=C(C=C1)C2=CC(=NN2C3=CC=C(C=C3)S(N)(=O)=O)C(F)(F)F'],0.7006280174432138
['CC(=O)C1=CC(=CC2=C1CCC2(C)C)C(C)(C)C'],0.5686903260026388
['NC1=C(Cl)C(=CC(Cl)=C1)C(O)=O'],0.762718941976425
['CC1=CC=C(S(=O)(=O)[N-]Cl)C=C1.O.O.O.[Na+]'],0.603696878683633
['ClC1CC2C(C1Cl)C3(Cl)C(Cl)=C(Cl)C2(Cl)C3(Cl)Cl'],0.47468343047918327
['OC(=O)C1C(C(O)=O)C2(Cl)C(Cl)=C(Cl)C1(Cl)C2(Cl)Cl'],0.6045237324720139
['CCOP(=S)(OCC)OC(Cl)C(Cl)(Cl)Cl'],0.567294339974147
['NC1=C(Cl)C(=O)N(N=C1)C2=CC=CC=C2'],0.6476741904644224
['ClC1=CC=C(C=C1)C(C(=O)C2C(=O)C3=C(C=CC=C3)C2=O)C4=CC=CC=C4'],0.7565009409673398
['ClC=1C=C(C=CC1)C.C=1C=C(C=CC1Cl)C'],0.5853569586347598
['CC(C)OC(=O)NC1=CC=CC(Cl)=C1'],0.5585969438796287
['CCOP(=S)(OCC)OC1=NC(Cl)=C(Cl)C=C1Cl'],0.7477373681307382
['CCOP(=O)(OCC)OC1=NC(Cl)=C(Cl)C=C1Cl'],0.6757822109210715
['COP(=S)(OC)OC1=NC(Cl)=C(Cl)C=C1Cl'],0.7677277806069034
['COC(=O)C1=C(Cl)C(Cl)=C(C(=O)OC)C(Cl)=C1Cl'],0.8160086925350083
['OC1=CC2=C(C(O)=C1)C(=O)C=C(O2)C3=CC=CC=C3'],0.8225166874178427
['NC1=CC2=C3N(CCC3=C1)C(=O)[C@H](NC(=O)C4=CC=CN=C4)N=C2C5=CC=CC=C5'],0.6549564339667523
['CC(C)[C@]12CC[C@](C)(O1)[C@@H](C2)OCC3=C(C)C=CC=C3'],0.39349257779802205
['OC(=O)CC(O)(CC(O)=O)C(O)=O'],0.5031141076461344
['CCOC(=O)CC(CC(=O)OCC)(OC(C)=O)C(=O)OCC'],0.4913722837167632
['CC(CCO)CCC=C(C)C'],0.4837213627372101
['NC(=O)N(O)[C@H]1C[C@@H](OC2=CC=CC(OC3=CC=C(F)C=C3)=C2)C=C1'],0.625213212305671
['NC1=NC(Cl)=NC2=C1N=CN2[C@H]3C[C@H](O)[C@@H](CO)O3'],0.4490529173459148
['C[C@@H](OC1=CC=C(OC2=NC=C(Cl)C=C2F)C=C1)C(=O)OCC#C'],0.7257506210164448
['CCOC(=O)C(C)(C)OC1=CC=C(Cl)C=C1'],0.5859594979589859
['OC(=O)C1=C(Cl)C=CC(Cl)=N1'],0.6787857629286232
['OC1=C(CC2=CC=CC=C2)C=C(Cl)C=C1'],0.735100892086802
['COC(=O)C(CC1=CN=CN1)N.Cl'],0.4119292955604541
['COC1=CC2=C(C(OC)=C1OC)C3=CC=C(OC)C(=O)C=C3[C@H](CC2)NC(C)=O'],0.7176075370041052
['[Co].[Co].[Co].[Co].[Co].[Co].[Co].[Co].[Co].[Co].[Co].[Co].[Co].[Co].[Co].[Co].[Co].[Co]'],0.46317865902989463
['C[C@]12C[C@H](O)[C@H]3[C@@H](CCC4=CC(=O)CC[C@]34C)[C@@H]1CC[C@@H]2C(=O)CO'],0.30772522252217166
['CN1[C@@H](CCC1=O)C2=CN=CC=C2'],0.41097395487289007
['O[C@@H]1[C@H](CC2=CC=CC(=C2)C(O)=O)COC3=C1C=C(OCC4=NC5=C(S4)C=CC(F)=C5)C=C3'],0.7590749798263275
['CC(CC1=CC=C(OCC(O)=O)C=C1)NCC(O)C2=CSC(=N2)C(F)(F)F'],0.6568760533173128
['FC1=CC=C(C2(O)CCN([C@H]3[C@@H](O)C4=C(OC3)C=C(O)C=C4)CC2)C=C1'],0.5410196494922889
['CCC1=NN(C2CCCCC2)C3=C1C=CC(=C3)[C@]4(CC[C@@H](CC4)C(O)=O)C#N'],0.4962264064127866
['CS(O)(=O)=O.CCOC1=CC=CC(=C1)[C@]2(CC[C@H](C)CC2)N3CCN(CC3)C4=CC=CC=C4'],0.46821493500345207
['CC(C)(O)C1=CC=C(CNC(=O)C2=CC=CN=C2OC3=CC=C(F)C=C3)C=C1'],0.7044251860185924
['[Na+].CC(C)C1=CC=CC(C(C)C)=C1NC(=O)[N-]S(=O)(=O)C2=CC(=CO2)C(C)(C)O'],0.6535797545956161
['ONC(=O)C1(CCCC1)N(CCC(O)=O)S(=O)(=O)C2=CC=C(OC3=CC=C(F)C=C3)C=C2'],0.5821005690941183
['CC[C@@H]1C[C@H](N(CC2=CC(=CC(=C2)C(F)(F)F)C(F)(F)F)C(C)=O)C3=C(C=CC(=C3)C(F)(F)F)N1C(=O)OC(C)C'],0.542440857851776
['ONC(=O)C1(CCOCC1)NS(=O)(=O)C2=CC=C(OC3=CC=C(F)C=C3)C=C2'],0.5850511271728815
['CNCC1=C(OC2=CC=C(Cl)C(Cl)=C2)C=CC(F)=C1'],0.7762267585500991
['CC(C)(O)C1=CC=C(CNC(=O)C2=CC=CN=C2OC3=CC4=NON=C4C=C3)C=C1'],0.7192005700172338
['CC1=CC(NC(=O)C(O)=O)=CC(C)=C1OC2=CC=C(O)C3=C2CCC3'],0.7559682628484237
['C[C@@H](O)C1=NC(=CC=N1)N2[C@@H](C)CN(C[C@H]2C)C3=NC(C)=NC(C)=N3'],0.4179201907392327
['C[C@@H](OC1=CC=C(CNC(=O)C2=CC=CN=C2OC3=CC=C4OCOC4=C3)C(F)=C1)C(O)=O'],0.7654892240326823
['OC(CCCCCC)C/C=C/CCCCCCCOC(OCCOC(COCCOC(OCCCCCCC\\C=C\\CC(O)CCCCCC)=O)COCCOC(OCCCCCCC\\C=C\\CC(O)CCCCCC)=O)=O'],0.5558778450416199
['CCNC1=NC(NC(C)(C)C#N)=NC(Cl)=N1'],0.4366694784685321
['CSC1=NC(NC(C)(C)C)=NC(NC2CC2)=N1'],0.48933926205173256
['OC(=O)C1(CC1)C(=O)NC2=CC=C(Cl)C=C2Cl'],0.6209492446544344
['O=C(C1CCC1)C2=CC=CC=C2'],0.5333365319253911
['OC1CCCCCCCCCCC1'],0.3900160555889415
['O=C1CCCCC1'],0.3737794667101173
['ON=C1CCCCC1'],0.39153755677987867
['[C@H]1(C[C@@H](C)C[C@H](C)C1=O)[C@H](O)CC2CC(=O)NC(=O)C2'],0.32040827970766417
['NC1CCCCC1'],0.35130478739153365
['O=C(C1CCCCC1)C2=CC=CC=C2'],0.5088995519719178
['C12NC[C@@H](C)C[C@H]1O[C@]3(CCC4C(C[C@H]5C4CC=C6C[C@@H](O)CC[C@]56C)=C3C)[C@@H]2C'],0.3119171470093621
['O.ClCCN(CCCl)P1(=O)NCCCO1'],0.32127054216831086
['CC1(C)C(C=C(Cl)Cl)C1C(=O)OC(C#N)C2=CC=C(F)C(OC3=CC=CC=C3)=C2'],0.6848056995228744
['CCCCOC(=O)[C@@H](C)OC1=CC=C(OC2=C(F)C=C(C=C2)C#N)C=C1'],0.7075354753847961
['CC1=NC(NC2=CC=CC=C2)=NC(=C1)C3CC3'],0.5895895943392021
['NC1=NC(NC2CC2)=NC(N)=N1'],0.4192923801086038
['Cl.O1C(N2C=CC(=NC2=O)N)C(O)[C@H](O)C1CO'],0.3866765029500854
['NC1=CC=C(C=C1)S(=O)(=O)C2=CC=C(N)C=C2'],0.6851547568831804
['ClC1=CC=C(C=C1)C(C2=CC=C(Cl)C=C2)C(Cl)(Cl)Cl'],0.733802882309774
['CCCCCCCCCC=O'],0.5054127994234023
['OC(=O)CCCCCCCCC(O)=O'],0.5026879322289917
['CCCCCCCCCC(O)=O'],0.5089523322578768
['CCN(CC)C(=O)C1=CC=CC(C)=C1'],0.5602975040294108
['CC(=O)C1C(=O)C=C(C)OC1=O'],0.5412218468889544
['C12CCC(=O)[C@@]1(C)CCC3C2CC=C4C[C@@H](O)CC[C@]34C'],0.33745700553601066
['CCNC1=NC(N)=NC(Cl)=N1'],0.44370097533563013
['[O-]C(=O)C1=CC=CC=C1.CC[N+](CC)(CC(=O)NC1=C(C)C=CC=C1C)CC2=CC=CC=C2'],0.6156509094826957
['O=C1[N-]S(=O)(=O)C2=C1C=CC=C2.CC[N+](CC)(CC(=O)NC1=C(C)C=CC=C1C)CC2=CC=CC=C2'],0.6644289367544265
['P(OCC(=O)[C@]1(O)[C@@]2(C(C3[C@](F)([C@@H](O)C2)[C@@]4(C(CC3)=CC(=O)C=C4)C)C[C@H]1C)C)([O-])([O-])=O.[Na+].[Na+]'],0.38216676198850497
['CCCCCCCCOC(=O)C1=C(C=CC=C1)C(=O)OCCCCCCCC'],0.6229300569151658
['CC(C)(C)OOC(C)(C)C'],0.32415774639221595
['CCCCC(CC)COC(=O)C1=C(C=CC=C1)C(=O)OCC(CC)CCCC'],0.6024413733226897
['CC(=O)CC(C)(C)O'],0.42237039189581627
['C=CCOC(=O)C1=C(C=CC=C1)C(=O)OCC=C'],0.6880101598465342
['S=P(OC1=NC(=NC(=C1)C)C(C)C)(OCC)OCC'],0.611734598255177
['OCNC(=O)N(CO)C1N(CO)C(=O)N(CO)C1=O'],0.3940417169218491
['S1C2=C(C=CC=C2)C3=C1C=CC=C3'],0.8578637745111746
['CCCCOC(=O)C1=CC=CC=C1C(=O)OCCCC'],0.6397917086762124
['CCCCOC(=O)CCCCC(=O)OCCCC'],0.47498178794436374
['CCCCOC(=O)CCCCCCCC(=O)OCCCC'],0.495986755195333
['CCCCOC(=O)CCCCCCCCC(=O)OCCCC'],0.5018810522940165
['COC1=C(Cl)C=CC(Cl)=C1C(O)=O'],0.7990179094439481
['ClC(Cl)C(=O)N(CC=C)CC=C'],0.4587730356755463
['OC1=CC=C(Cl)C=C1CC2=CC(Cl)=CC=C2O'],0.8074434502911926
['CC(OC1=C(Cl)C=C(Cl)C=C1)C(O)=O'],0.6815194945492954
['COP(=O)(OC)OC=C(Cl)Cl'],0.48079333522112605
['OC(C1=CC=C(Cl)C=C1)(C2=CC=C(Cl)C=C2)C(Cl)(Cl)Cl'],0.7717361824010447
['CC(C)(OOC(C)(C)C1=CC=CC=C1)C2=CC=CC=C2'],0.5664686332025977
['C1CCC(CC1)SSC2CCCCC2'],0.5766652013100088
['O=C(OC1CCCCC1)C2=C(C=CC=C2)C(=O)OC3CCCCC3'],0.5575426611699404
['[Na+].[O-]S(=O)(=O)C(CC(=O)OC1CCCCC1)C(=O)OC2CCCCC2'],0.5039605640397252
['C1C=CC2C3CC(C=C3)C12'],0.4289528605676773
['OC[C@@H]1CC[C@@H](O1)N2C=NC3=C2N=CNC3=O'],0.40152116326301135
['ClC1=C(Cl)[C@]2(Cl)[C@@H]3[C@@H]4C[C@@H]([C@H]5O[C@@H]45)[C@@H]3[C@@]1(Cl)C2(Cl)Cl'],0.3131534175109498
['OCCNCCO'],0.3336848576880966
['CCOC(=O)CCC(=O)OCC'],0.4135628156409806
['[P+](OCC)(OCC)=O'],0.49198675551837906
['CCOC(=O)C1=CC=CC=C1C(=O)OCC'],0.6594712533234648
['CCOS(=O)(=O)OCC'],0.3992077966749825
['OCCOCCO'],0.38724256538789736
['C1=CC=C(C=C1)C(=O)OCCOCCOC(=O)C2=CC=CC=C2'],0.6153313208235217
['COCCOCCO'],0.3792255656684922
['CC/C(=C(/CC)\\C1=CC=C(O)C=C1)/C2=CC=C(O)C=C2'],0.8368543207607817
['COS([O-])(=O)=O.CN1C(=CC(C2=CC=CC=C2)=[N+]1C)C3=CC=CC=C3'],0.6909966904745399
['FC1=CC=CC(F)=C1C(=O)NC(=O)NC2=CC=C(Cl)C=C2'],0.7076658185249586
['COC1=CC=C(C=C1)N2N=C(C=C2C3=CC=C(C=C3)S(C)=O)C(F)F'],0.7366581311701031
['C[C@H]1O[C@H](C[C@H](O)[C@@H]1O)O[C@H]2[C@@H](O)C[C@H](O[C@H]3[C@@H](O)C[C@H](O[C@H]4CC[C@@]5(C)[C@H](CC[C@@H]6[C@@H]5C[C@@H](O)[C@]7(C)[C@H](CC[C@]67O)C8=CC(=O)OC8)C4)O[C@@H]3C)O[C@@H]2C'],0.2889885922549463
['CCCCCCOC(=O)CCCCC(=O)OCCCCCC'],0.5014679441128999
['CCCCCCOC(=O)C1=C(C=CC=C1)C(=O)OCCCCCC'],0.6280295011194834
['OC(CCCC(C=C)=C)(C)C'],0.5005538505008327
['CC(C)COC(=O)CCCCC(=O)OCC(C)C'],0.43311848247042495
['CC(C)CCCCCCCOC(=O)CCCCC(=O)OCCCCCCCC(C)C'],0.5042172506460908
['CC(C)CCCCCCCOP(OCCCCCCCC(C)C)OC1=CC=CC=C1'],0.5768066959054129
['CC(C)CCCCCCOC(=O)CCCCC(=O)OCCCCCCC(C)C'],0.495451635944412
['CC(C)CCCCCCOC(=O)C1CCCCC1C(=O)OCCCCCCC(C)C'],0.47219783975168894
['CC(C)CCCCCOC(=O)CCCCC(=O)OCCCCCC(C)C'],0.4851707997500524
['CC(O)CNCC(C)O'],0.2996584335164233
['CC(C)OC(=O)C1=CC=CC=C1C(=O)OC(C)C'],0.6129575038217138
['CNC(=O)CSP(=S)(OC)OC'],0.5992334456809741
['CC1CC(OC(C)=O)OC(C)O1'],0.29297588193470414
['CO[Si](C)(C)OC'],0.29782850212623674
['COC(=O)CCCC(=O)OC'],0.37539945374320216
['COC(=O)C1=CC(=CC=C1)C(=O)OC'],0.6279146803567177
['COP(C)(=O)OC'],0.307897817909833
['COC(=O)C1=C(C=CC=C1)C(=O)OC'],0.6567599016647885
['COC(=O)CCC(=O)OC'],0.3550613147964897
['COS(=O)(=O)OC'],0.33150523851613944
['COC(=O)C1=CC=C(C=C1)C(=O)OC'],0.6286560419898062
['NC=1C(=C(C=CC1)C)C.NC1=C(C=CC=C1C)C.NC1=CC(=C(C=C1)C)C.NC1=C(C=C(C=C1)C)C.NC1=C(C=CC(=C1)C)C.NC1=CC(=CC(=C1)C)C'],0.6104903634290855
['C[As](C)(O)=O'],0.30900932099887923
['CN(C)C(Cl)=O'],0.23528251136109346
['C[Sn](C)(Cl)Cl'],0.2560966185136333
['CC(C)(C)C(O)/C(=C\\C1=C(Cl)C=C(Cl)C=C1)/N2C=NC=N2'],0.7038671089193329
['O(C=1C(N(=O)=O)=CC=CC1)C(=O)/C=C/C.ON=O.C(CCCC)CCC'],0.5947726779601743
['CCC(C)C1=CC(=CC(=C1O)[N+]([O-])=O)[N+]([O-])=O'],0.7710503258755792
['CNC(NCC1CCOC1)=N[N+]([O-])=O'],0.35948928308941924
['CC(C)CCCCCCOC(=O)C1=CC=CC=C1C(=O)OCCCCCCC(C)C'],0.5901938638201147
['CCCCCOC(=O)C1=C(C=CC=C1)C(=O)OCCCCC'],0.6323327019998713
['O=C(OC1=CC=CC=C1)C2=CC(=CC=C2)C(=O)OC3=CC=CC=C3'],0.7605253974947814
['O(C1=CC=CC=C1)C2=CC=CC=C2'],0.6997539170683972
['OP(=O)(OC1=CC=CC=C1)OC2=CC=CC=C2'],0.7216670589743486
['N(C1=CC=CC=C1)C2=CC=CC=C2'],0.6207060490674128
['CCCOC(=O)C1=CC=C(N=C1)C(=O)OCCC'],0.6109410447294966
['O(C(CO)C)C(CO)C.O(CC(O)C)CC(O)C'],0.34868399927859894
['O(CC(OC(=O)C1=CC=CC=C1)C)CC(OC(=O)C2=CC=CC=C2)C'],0.5971638560686511
['CSC(=O)C1=C(N=C(C(C(=O)SC)=C1CC(C)C)C(F)(F)F)C(F)F'],0.7102162936305335
['CN(C)C(=O)NC1=CC(Cl)=C(Cl)C=C1'],0.5774887874137978
['C=1(C(=CC=CC1)C=C)C=C'],0.6982831297819514
['CC(C)CCC[C@@H](C)CCC[C@@H](C)CCC[C@]1(C)CCC2=C(O1)C(C)=C(C)C(OC(C)=O)=C2C'],0.5736040970762446
['[Na+].CCCCC(CC)COC(=O)CC(C(=O)OCC(CC)CCCC)S([O-])(=O)=O'],0.5405806730170718
['CCCCCCCCCCCCC1=CC=CC=C1'],0.5886760260783556
['CCCCCCCCCCCCC1=CC(=CC=C1)S(=O)(=O)O.C(CO)N(CCO)CCO'],0.5510459214992139
['S(O)(=O)(=O)C=1C(CCCCCCCCCCCC)=CC=CC1'],0.6275374641709898
['OC1=CC=C(C=C1)CCCCCCCCCCCC'],0.6256083884984591
['[Cl-].[Cl-].[Cl-].[Dy+3]'],0.36898372454406403
['OC(=O)/C=C/C1=CC=CC=C1'],0.6410048076866319
['ClC1=C(Cl)C2(Cl)C3COS(=O)OCC3C1(Cl)C2(Cl)Cl'],0.4807891184019957
['ClC1=C(Cl)[C@]2(Cl)[C@@H]3COS(=O)OC[C@@H]3[C@@]1(Cl)C2(Cl)Cl'],0.379642204209811
['OC(=O)C1C2CCC(O2)C1C(O)=O'],0.3826726962279531
['CCOP(=S)(OC1=CC=C(C=C1)[N+]([O-])=O)C2=CC=CC=C2'],0.7977927063414068
['FC1=CC=C(C=C1)[C@@]2(CN3C=NC=N3)O[C@@H]2C4=C(Cl)C=CC=C4'],0.5865888442048266
['CC[C@H]1OC(=O)[C@H](C)[C@@H](O[C@H]2C[C@@](C)(OC)[C@@H](O)[C@H](C)O2)[C@H](C)[C@@H](O[C@@H]3O[C@H](C)C[C@@H]([C@H]3O)N(C)C)[C@](C)(O)C[C@@H](C)C(=O)[C@H](C)[C@@H](O)[C@]1(C)O'],0.27571690354320655
['CC(C)[C@H](C(=O)O[C@H](C#N)C1=CC=CC(OC2=CC=CC=C2)=C1)C3=CC=C(Cl)C=C3'],0.6957906114230286
['COC1=CC=C(CC=C)C=C1'],0.6576245247035862
['C[C@]12CC[C@H]3[C@@H](CCC4=C3C=CC(O)=C4)[C@@H]1C[C@@H](O)[C@@H]2O'],0.399402975160445
['C12CCC(=O)[C@@]1(C)CCC3C4=C(CCC23)C=C(O)C=C4'],0.4414514494279238
['CCOC1OC2=C(C=C(OS(C)(=O)=O)C=C2)C1(C)C'],0.6545080782210775
['CCOC(=O)CC1=CC=CC2=C1C=CC=C2'],0.6705443751958925
['CCOC(=O)C1OC1C2=CC=CC=C2'],0.5341346034715683
['CCC(=O)C1=CC=C(Cl)C=C1'],0.6067410508475585
['CCN(CCO)CCO'],0.3774296209999344
['CCCCCC(=O)OCC'],0.4367908696238962
['CCCCCCCC/C=C\\CCCCCCCC(=O)OCC'],0.5554596269442978
['CCOC(OCC)OCC'],0.3474946181246169
['CCOC(=O)CC'],0.3467419929613596
['CCOC(=O)CCCCCCCCC=C'],0.5159065149370158
['OCCO'],0.3277713222277162
['CCOCCOC(C)=O'],0.3689489112698482
['O=C(OCCOCCOCCOC(=O)C1=CC=CC=C1)C2=CC=CC=C2'],0.5958324234469711
['CCOC(=O)C1=CC=C(O)C=C1'],0.6513626673746086
['CCOC1=CC=C(C=C1)C(C)(C)COCC2=CC(OC3=CC=CC=C3)=CC=C2'],0.699682357227474
['CCOC1=C(C=CC(=C1)C(C)(C)C)C2COC(=N2)C3=C(F)C=CC=C3F'],0.7042393237614413
['COC1=C(O)C=CC(CC=C)=C1'],0.7525752364599975
['[K+].CCC1=CC(=CC2=C1OCO2)C3=C(N(C4=CC=CC=C4C(F)(F)F)S(=O)(=O)C5=C3C=CC=C5)C([O-])=O'],0.7921284675468896
['CC(C)=CCCC(C)=CCCC(C)=CCO'],0.5534704668526718
['[Na+].[Na+].CCN(CC1=CC(=CC=C1)S([O-])(=O)=O)C2=CC=C(C=C2)C(=C3C=CC(C=C3)=[N+](CC)CC4=CC(=CC=C4)S([O-])(=O)=O)C5=C(C=C(O)C=C5)S([O-])(=O)=O'],0.7792023618727171
['S([O-])(=O)(=O)C1=CC2=C(C(/N=N/C3=CC=C(S([O-])(=O)=O)C=C3)=C(O)C=C2)C=C1.[Na+].[Na+]'],0.8106437218144538
['CSC1=N[C@](C)(C(=O)N1NC2=CC=CC=C2)C3=CC=CC=C3'],0.5962463371666259
['CC1(C)C2CCC(C)(C2)C1O'],0.36447188217760135
['COP(=S)(OC)OC1=CC=C(C(C)=C1)[N+]([O-])=O'],0.7728681811923758
['CC(C)OC(=O)C(C)(C)OC1=CC=C(C=C1)C(=O)C2=CC=C(Cl)C=C2'],0.6663337902333477
['CCOC(=O)NCCOC1=CC=C(OC2=CC=CC=C2)C=C1'],0.6510478769232491
['COP(=S)(OC)OC1=CC(C)=C(SC)C=C1'],0.7923711938201542
['CN(C)C(=O)NC1=CC=CC=C1'],0.4646798046122058
['NC1=C(C(=NN1C2=C(Cl)C=C(C=C2Cl)C(F)(F)F)C#N)S(=O)C(F)(F)F'],0.7442136763867342
['O=C1C=C(OC2=CC=CC=C12)C3=CC=CC=C3'],0.7425964351893621
['[O-][N+](=O)C1=CC(=C(Cl)C(=C1NC2=C(Cl)C=C(C=N2)C(F)(F)F)[N+]([O-])=O)C(F)(F)F'],0.7683829426117224
['OC(CN1C=NC=N1)(CN2C=NC=N2)C3=C(F)C=C(F)C=C3'],0.6062452593890085
['CC(C)N(C(=O)COC1=NN=C(S1)C(F)(F)F)C2=CC=C(F)C=C2'],0.6901919224514713
['FC1=CC=CC(F)=C1C(=O)NC(=O)NC2=C(F)C=C(OC3=C(Cl)C=C(C=C3)C(F)(F)F)C=C2'],0.7786252180264928
['CCOC(=O)COC1=CC(N2N=CC(=C(C)C2=O)C(F)(F)F)=C(F)C=C1Cl'],0.6881309766178971
['CCN(CC1=C(Cl)C=CC=C1F)C2=C(C=C(C=C2[N+]([O-])=O)C(F)(F)F)[N+]([O-])=O'],0.7571028533724428
['FC1=CC2=C(C=C1N3C(=O)C4=C(CCCC4)C3=O)N(CC#C)C(=O)CO2'],0.6523467903043764
['CN(C)C(=O)NC1=CC=CC(=C1)C(F)(F)F'],0.515173110623748
['OCCC(F)(F)C(F)(F)C(F)(F)C(F)(F)C(F)(F)C(F)(F)C(F)(F)C(F)(F)F'],0.8532804983880817
['CO/N=C(/C1=NOCCO1)\\C2=C(OC3=NC=NC(OC4=CC=CC=C4Cl)=C3F)C=CC=C2'],0.819085737675975
['NC1=C(Cl)C(F)=NC(OCC(O)=O)=C1Cl'],0.7450238940531309
['CCCCCCC(C)OC(=O)COC1=NC(F)=C(Cl)C(N)=C1Cl'],0.6547654512863713
['C[Si](CN1C=NC=N1)(C2=CC=C(F)C=C2)C3=CC=C(F)C=C3'],0.6536051465712766
['CC(C)C(=O)NC1=CC(=C(C=C1)[N+]([O-])=O)C(F)(F)F'],0.6148724090206551
['CC(C)OC1=CC(NC(=O)C2=C(C=CC=C2)C(F)(F)F)=CC=C1'],0.6663278642715799
['CS(=O)(=O)NC(=O)C1=CC(OC2=CC=C(C=C2Cl)C(F)(F)F)=CC=C1[N+]([O-])=O'],0.7686537436542137
['ClC1=NC=CC(NC(=O)NC2=CC=CC=C2)=C1'],0.6082143318011312
['C=O'],0.28758317266970407
['NC=O'],0.16600899894975113
['CC1=C(C2=C(O1)C(NC(=O)C3=C(Cl)C=CC=C3Cl)=CC=C2)C(C)(C)O'],0.7765933556364889
['OC(=O)/C=C/C(O)=O'],0.4975477067605928
['CCCOC(=O)C1=CC(O)=C(O)C(O)=C1'],0.7837066251722378
['O=C1CCCO1'],0.3235842870092185
['CCC1CCC(=O)O1'],0.3594077345706225
['CCCC1CCC(=O)O1'],0.38447826533087154
['CCCCCC1CCC(=O)O1'],0.42255224747432535
['CC(C)=CCC/C(/C)=C/COC(C)=O'],0.5472442964132105
['C12CC[C@@]3(O)C[C@]1(CC3=C)[C@@H](C(O)=O)C4[C@@]5(C)[C@@H](O)C=C[C@@]24OC5=O'],0.34247995159793176
['CCCCCCCC(=O)OCC(CO)O'],0.4799664744280622
['CCCCCCCCC=CCCCCCCCC(=O)OCC(CO)O'],0.5367916635839411
['CCCCCCC(CC=CCCCCCCCC(=O)OCC(CO)O)O'],0.5287544903776665
['CCCCCCCCCCCCCCCCCC(=O)OCC(O)CO'],0.5387534839602566
['OCC1CO1'],0.3255719078217683
['CCCCCCCCCC1=CC=C(OCCO)C=C1'],0.6195264184320842
['C12C(NC(=O)N1)NC(=O)N2'],0.22912413421320033
['CCCCCCC(CCCCCCCCCCC(=O)OCC(COC(=O)C)OC(=O)C)OC(=O)C'],0.5068729115730463
['NC(=O)CN(CC(F)(F)F)C1=CC(=C(C=C1)C#N)C(F)(F)F'],0.5779533484934561
['CC1=CC=C(C=C1)S(O)(=O)=O.CCN(C(C)C)C(=O)C1=CC(OC[C@H](C)NC2=CC=NC=C2)=CC(C)=C1'],0.5911115263181401
['C12[C@@H]3O[C@@H]3[C@H](Cl)C1[C@@]4(Cl)C(Cl)=C(Cl)C2(Cl)C4(Cl)Cl'],0.3811162416691413
['CCCCCCC=O'],0.45815258887938193
['CCCCCCC(O)=O'],0.4680308029029872
['CCCCCCC(=O)C1=CC=CC=C1'],0.5766478822314376
['CCCCCCCOC(=O)CCC'],0.48325179681159064
['CCCCCCCOC(=O)C1=CC=C(O)C=C1'],0.630237349163692
['ClC(Cl)=C(Cl)C(Cl)=C(Cl)Cl'],0.7143903561762248
['ClC1=C(Cl)C(Cl)(Cl)C(Cl)=C1Cl'],0.7696724346942942
['CCCCC(O)(CN1C=NC=N1)C2=CC=C(Cl)C=C2Cl'],0.6281497995443087
['CCCCCCCCCCCCCCCC'],0.5572706229253247
['CCCCCCCCCCCCCCCC(O)=O'],0.5485125205272036
['FC(F)C(F)(F)OC1=C(Cl)C=C(NC(=O)NC(=O)C2=C(F)C=CC=C2F)C=C1Cl'],0.7833107204924238
['O=C(OCCCCCCOC(=O)C1=CC=CC=C1)C2=CC=CC=C2'],0.6241150741516758
['N#CCCCCC#N'],0.39281260520622674
['OC(=O)CCCCC(O)=O'],0.45137691704264776
['O(CC(C(CC)C)C)C(=O)CCCCCC(OCC(CCC)CC)=O'],0.4737132188497359
['CCCCCC(O)=O'],0.44722777715885975
['CN(C)C1=NC(=O)N(C2CCCCC2)C(=O)N1C'],0.3520882891971939
['CCCCCCOC(=O)C1=CC=CC=C1'],0.5830734495077661
['C[C@H]1[C@@H](SC(=O)N1C(=O)NC2CCCCC2)C3=CC=C(Cl)C=C3'],0.517773012523324
['NS(=O)(=O)C1=CC2=C(NCNS2(=O)=O)C=C1Cl'],0.5991987164629536
['OC1=CC=C(O)C=C1'],0.6745501152105164
['COC1=CC=C(OC)C=C1'],0.632138209973337
['CC(CCCC(C)(C)O)CC=O'],0.44195884064142366
['CC(C)(O)C(=O)NC1=CC(=C(C=C1)[N+]([O-])=O)C(F)(F)F'],0.6122262709601577
['CCC(C)OC(=O)N1CCCCC1CCO'],0.3773152625462429
['CC(C)CCCCCCC1=CC=C(C=C1)OCCOCCO'],0.5776656941838092
['O=C1NC(=NC1(C(C)C)C)C2=C(C=CC(=C2)C)C(OC)=O'],0.5620363044945376
['CC(C)C1(C)NC(=NC1=O)C2=NC=C(C)C=C2C(O)=O'],0.5630716001355294
['CC(C)C1(C)N=C(NC1=O)C2=NC3=C(C=CC=C3)C=C2C(O)=O'],0.6140310345245379
['CCC1=CN=C(C2=NC(C)(C(C)C)C(=O)N2)C(=C1)C(O)=O'],0.5633306578270705
['N1C=CN=C1'],0.2916356339195431
['OCN1C(NC(=O)NCNC(=O)NC2N(CO)C(=O)NC2=O)C(=O)NC1=O'],0.3630897181397226
['[As]#[In]'],0.15103113758602293
['COC(=O)N(C(=O)N1CO[C@]2(CC3=C(C=CC(Cl)=C3)C2=N1)C(=O)OC)C4=CC=C(OC(F)(F)F)C=C4'],0.6235180650246313
['O[C@H]([C@H](CC1=CC=CC=C1)NC(=O)C2=CC3=CC(Cl)=CC=C3N2)C(=O)N4C[C@H](O)[C@H](O)C4'],0.5243355283558281
['[Na+].COC(=O)C1=C(C=C(I)C=C1)S(=O)(=O)[N-]C(=O)NC2=NC(OC)=NC(C)=N2'],0.6901520517961723
['CCC(CC1=C(I)C=C(I)C(N)=C1I)C(O)=O'],0.8304116375416875
['CCOP(=S)(OCC)OC1=NN(C(C)C)C(Cl)=N1'],0.5681575603251859
['CC1(C)[C@@H]2CC[C@@]1(C)[C@H](O)C2'],0.3002125039370406
['CC(=O)O[C@H]1C[C@@H]2CC[C@@]1(C)C2(C)C'],0.30630164679874683
['O([C@H]1[C@]2(C(C(C1)CC2)(C)C)C)C(=O)CC'],0.32001105814745723
['COC1=CC(C=CC)=CC=C1O'],0.7374886764263939
['NNC(=O)C1=CC=NC=C1'],0.49856656941540545
['CC(C)CCCCCCCCCCCCCCC(=O)O'],0.5333817243885545
['CC(C)CCCCCOC(=O)C=C'],0.45385985999999046
['CC(C)OC(C)=O'],0.3202420866002107
['CC(C)OC=O'],0.26986740489427097
['CCCCCCCCCCCCCC(=O)OC(C)C'],0.5098319032900702
['CC(C)C1=CC=C(C)C(O)=C1'],0.6183186359760167
['CCC(C)(CC)C1=NOC(NC(=O)C2=C(OC)C=CC=C2OC)=C1'],0.6922440984220035
['CO/N=C(/C(=O)OC)\\C1=C(COC2=C(C)C=CC=C2)C=CC=C1'],0.7553641649822431
['O[C@H]([C@@H](O)C(O)=O)C(O)=O'],0.4189925376506399
['CCOC(=O)C(C)OC(=O)C1=C(C=CC(OC2=C(Cl)C=C(C=C2)C(F)(F)F)=C1)[N+]([O-])=O'],0.740037708567283
['[C@H]1(O[C@@H]2O[C@H](CO)[C@H](O)[C@H](O)[C@H]2O)[C@H](O)[C@@H](O)[C@H](O)O[C@@H]1CO'],0.27990304216228784
['CC1(C)[C@H](/C=C(\\Cl)/C(F)(F)F)[C@@H]1C(=O)O[C@@H](C#N)C2=CC(OC3=CC=CC=C3)=CC=C2'],0.6214271111293388
['CC(C)=CCC[C@](C)(O)[C@H]1CCC(C)=CC1'],0.45083357779629574
['C12CC[C@@](O)(C#C)[C@@]1(CC)CCC3C4CCC(=O)C=C4CCC23'],0.3769445186875522
['CC(C)=CCCC(C)(O)C=C'],0.5108864127763686
['CC(C)=CCCC(C)(OC(C)=O)C=C'],0.5145647013752175
['CCCCC/C=C\\C/C=C\\CCCCCCCC(O)=O'],0.589766028293115
['CON(C)C(=O)NC1=CC=C(Cl)C(Cl)=C1'],0.5712203299223192
['CC1=CC(O)=CC=C1'],0.6232825325607468
['CC1=CC(C)=CC=C1'],0.5674286880417809
['[Mg+2].[O-]C(=O)C1=CC=CC=C1.[O-]C(=O)C1=CC=CC=C1'],0.6138053786636
['CCOC(=O)CC(SP(=S)(OC)OC)C(=O)OCC'],0.6123800797881718
['OC(=O)/C=C\\C(O)=O'],0.45099368383427363
['O=C1NNC(=O)C=C1'],0.30439995943651477
['OC(CC(O)=O)C(O)=O'],0.4290552480182229
['C(CNC(=S)[S-])NC(=S)[S-].C(CNC(=S)[S-])NC(=S)[S-].[Mn+2].[ZnH2+2]'],0.6663238155648401
['[Mn+2].[S-]C(=S)NCCNC([S-])=S'],0.663745083568282
['CCCCC(CC)COC(=O)C1=CC=CC=C1C(O)=O'],0.6313309903112392
['CC(C)OC1=CC=CC(NC(=O)C2=C(C)C=CC=C2)=C1'],0.6746999453786201
['CC[C@@H]([C@@H](CC)C1=CC=C(O)C=C1)C2=CC=C(O)C=C2'],0.6633843704155624
['CS(=O)(=O)C1=CC(=C(C=C1)C(=O)C2C(=O)CCCC2=O)[N+]([O-])=O'],0.6705878742769549
['COCC(=O)N(C(C)C(=O)OC)C1=C(C)C=CC=C1C'],0.5723967891874463
['CC1(C)CCC(CC2=CC=C(Cl)C=C2)C1(O)CN3C=NC=N3'],0.4786722822032369
['CC(=C)C(N)=O'],0.32485906925761476
['CC(=C)C#N'],0.2900841246668875
['Cl.CCC(=O)C(CC(C)N(C)C)(C1=CC=CC=C1)C2=CC=CC=C2'],0.6046463634562584
['COP(N)(=O)SC'],0.42400726021478846
['N12C(N3C(N(C(N(C1([H])[H])C3([H])[H])([H])[H])C2([H])[H])([H])[H])([H])[H]'],0.28131630699242377
['COC1=NN(CSP(=S)(OC)OC)C(=O)S1'],0.7271041919385592
['CN1C=CNC1=S'],0.42611569779870123
['CNC(=O)ON=C(C)SC'],0.42065839134762106
['COC1=CC=C(C=C1)C(C2=CC=C(OC)C=C2)C(Cl)(Cl)Cl'],0.7328637504585349
['COC1=CC=CC(C(=O)NN(C(=O)C2=CC(C)=CC(C)=C2)C(C)(C)C)=C1C'],0.6513608111336293
['COC(=O)C1=C(O)C(C)=C(O)C=C1C'],0.7863641738612459
['CCCCCCCCCC(=O)OC'],0.47469183609871224
['CCCCCC1C(CC(=O)OC)CCC1=O'],0.4231246281361499
['CCCCCCCCCCCC(=O)OC'],0.49526981538931764
['CCCCCCCC(=O)OC'],0.4464236535666217
['COP(=S)(OC)OC1=CC=C(C=C1)[N+]([O-])=O'],0.7479899850163152
['CN(C)C1=CC=C(C=C1)/N=N/C2=C(C=CC=C2)C(O)=O'],0.7187209733856431
['COC(=O)C1=C(O)C=CC=C1'],0.6786932450763412
['CC(=O)C=CC1=CC=CC=C1'],0.5530266448880304
['[Cl-].CN(C)C1=CC2=[S+]C3=C(C=CC(=C3)N(C)C)N=C2C=C1'],0.789438333072841
['COC1=CC=C(CC=C)C=C1OC'],0.7275891261385509
['CCC(=O)C=CC1C(=CCCC1(C)C)C'],0.46255509514982157
['COC(=O)C1=CC=C(O)C=C1'],0.6475511882319819
['CSC1=NN=C(C(=O)N1N)C(C)(C)C'],0.5429865821926694
['ClC12C3(Cl)C4(Cl)C5(Cl)C(Cl)(C1(Cl)C4(Cl)Cl)C2(Cl)C(Cl)(Cl)C35Cl'],0.46366755788043074
['[Na+].[Na+].CCCCC1=NC2=C(C=C1)[C@@H]([C@H]([C@@H]2C3=CC=C(OC)C=C3C[C@H](C)C([O-])=O)C([O-])=O)C4=CC5=C(OCO5)C=C4'],0.6509734451623201
['CCN1N=C(CC2=CC=CC=C2)C=C1C3CCN(C[C@H]4C[C@@H](C[C@@H]4C5=CC=CC(F)=C5)N(C)[C@H](C(C)C)C(O)=O)CC3'],0.46754282867059926
['OC(=O)CCC([O-])=O.CO[C@@H]1COCC[C@@H]1[NH2+][C@@H]2CC[C@](C2)(C(C)C)C(=O)N3CCC4=C(C3)C=C(C=N4)C(F)(F)F'],0.40812970336477794
['CCSC(=O)N1CCCCCC1'],0.4206559537179577
['ClC(Cl)C(=O)N1CCOC12CCCCC2'],0.31418349816549224
['CNC(=O)/C=C(\\C)/OP(=O)(OC)OC'],0.5074780776533753
['COC(=O)C1=C(C=CC=C1)C(O)=O'],0.6791687930011922
['[K+].OC(=O)C1=C(C=CC=C1)C([O-])=O'],0.7049046005284267
['CCCCCCCCCCCCCOP(O)(O)=O'],0.5337021115815836
['CN(C)C(=O)NC1=CC=C(Cl)C=C1'],0.5164499592536119
['C1COCCN1'],0.22979336162136443
['CCC(=O)NC1=CC=C(Cl)C(Cl)=C1'],0.6298883618502154
['FC(C(F)(F)F)C(F)(F)OC1=CC(Cl)=C(NC(=O)NC(=O)C2=C(F)C=CC=C2F)C=C1Cl'],0.7703145539794775
['CCCCNS(=O)(=O)C1=CC=CC=C1'],0.508408660289085
['CCCCCCCCCCCC(=O)N(C)CC(O)=O'],0.48243701909659964
['CCNS(=O)(=O)C(F)(F)C(F)(F)C(F)(F)C(F)(F)C(F)(F)C(F)(F)C(F)(F)C(F)(F)F'],0.8362435684458075
['CN1CCCC1=O'],0.2493259200017871
['CNC(C)=O'],0.19628783369190084
['CN(N=O)C(N)=O'],0.1994881332338938
['CCCN(CCC)N=O'],0.32809625545997406
['CCN(CC)N=O'],0.24043439962658886
['CN(C)N=O'],0.08813743435969834
['O=NN(C1=CC=CC=C1)C2=CC=CC=C2'],0.6634081443094636
['NC1=CC=C(NC2=CC=CC=C2)C=C1'],0.6490133177303129
['CCN(CC)CCO'],0.3523549574767503
['CCCCCCCCCC[N+](C)(C)[O-]'],0.530530478704526
['CCCCCCCC(=O)N(C)C'],0.40658313941827856
['ClC(Cl)(Cl)C(NC=O)N1CCN(CC1)C(NC=O)C(Cl)(Cl)Cl'],0.3649712039963534
['CCCCNC(=S)NCCCC'],0.4594795139875895
['CCNC(=S)NCC'],0.40907600801134836
['C=CC(=O)NCNC(=O)C=C'],0.3537909454983461
['C1=CC2=CC=CC=C2C=C1'],0.6379485944727312
['COC1=CC(OC)=C(C=C1)S(=O)(=O)N2C(=O)[C@@](N3C[C@H](O)C[C@H]3C(=O)N(C)C)(C4=CC(Cl)=CC=C24)C5=CC=CC=C5OC'],0.6241151932312857
['OC(=O)C(CCC(C)C)(CC)C'],0.41913827708390616
['CC(C)=CCCC(C)=CCCC(C)(O)C=C'],0.5474429457190702
['COC1=CC(OC)=NC(NC(=O)NS(=O)(=O)C2=NC=CC=C2C(=O)N(C)C)=N1'],0.6042528964061078
['OC(=O)C1=CC=CN=C1'],0.5740450733884412
['ClC1=CC=CC(=N1)C(Cl)(Cl)Cl'],0.5872181764413014
['OC(=O)CN(CC(O)=O)CC(O)=O'],0.4358479552438691
['[O-][N+](=O)C1=CC=CC=C1'],0.6327677628573245
['[O-][N+](=O)C1=CC=C(OC2=C(Cl)C=C(Cl)C=C2)C=C1'],0.8201798691513281
['CCCCCCCCC'],0.5039893637936363
['OC(=O)CCCCCCCC(O)=O'],0.49282431946697647
['CCCCCCCCC(O)=O'],0.4979090153113622
['CC(CC1=CC(O)=C(O)C=C1)C(C)CC2=CC=C(O)C(O)=C2'],0.7489712570401261
['C12CC[C@@](O)(C#C)[C@@]1(C)CCC3C4CCC(=O)C=C4CCC23'],0.37276573498555876
['CNC1=C(Cl)C(=O)N(N=C1)C2=CC=CC(=C2)C(F)(F)F'],0.6355269004630228
['CC1=CC=CC=C1N=NC2=CC(C)=C(N)C=C2'],0.6891293820961812
['CC1=C(O)C=CC=C1'],0.6291530802819195
['ClC1=CC=C(C=C1)C(C2=CC=CC=C2Cl)C(Cl)(Cl)Cl'],0.7393133262856431
['CCCCCCCCOC1=CC(O)=C(C=C1)C(=O)C2=CC=CC=C2'],0.7226395751444834
['C[Si]1(C)O[Si](C)(C)O[Si](C)(C)O[Si](C)(C)O1'],0.39795817524770954
['CCCCCCCC=O'],0.47757514571890225
['CCCCCCCC(O)=O'],0.48454927423271515
['CCCCCCCCN1SC=CC1=O'],0.5945720778501157
['CC(C)(C)CC(C)(C)C1=CC(N2N=C3C=CC=CC3=N2)=C(O)C=C1'],0.6577895970617691
['CCCCCCCCOC(C)=O'],0.47099449125992293
['CCCCCCCCCCOC(=O)C1=C(C=CC=C1)C(=O)OCCCCCCCC'],0.6213962274822528
['CCCCCCCCOC(=O)C1=CC=C(O)C=C1'],0.628244306726546
['CCCCCCCC/C=C\\CCCCCCCC(O)=O'],0.5725481253623823
['OC(=O)C(O)=O'],0.34950930503204997
['CNC(=O)ON=C(SC)C(=O)N(C)C'],0.4693982430973245
['OC1N=C(C2=CC=CC=C2)C3=CC(Cl)=CC=C3NC1=O'],0.6851643673081752
['CCOC1=CC(OC2=CC=C(C=C2Cl)C(F)(F)F)=CC=C1[N+]([O-])=O'],0.7991861058907226
['ClC(Cl)C(C1=CC=C(Cl)C=C1)C2=CC=C(Cl)C=C2'],0.7140188277930448
['ClC(=C(C1=CC=C(Cl)C=C1)C2=CC=C(Cl)C=C2)Cl'],0.8077986717724865
['CC(C)(C)[C@@H](O)[C@@H](CC1=CC=C(Cl)C=C1)N2C=NC=N2'],0.49945341831317436
['CCOP(=O)(OCC)OC1=CC=C(C=C1)[N+]([O-])=O'],0.6596542856887079
['CCOP(=S)(OCC)OC1=CC=C(C=C1)[N+]([O-])=O'],0.7319374371770776
['CCC(CC)NC1=C(C=C(C)C(C)=C1[N+]([O-])=O)[N+]([O-])=O'],0.724501812132393
['COC1=CN=C(OC)N2N=C(NS(=O)(=O)C3=C(C=CC=C3OCC(F)F)C(F)(F)F)N=C12'],0.6611540583531628
['[O-][N+](=O)C1=C(Cl)C(Cl)=C(Cl)C(Cl)=C1Cl'],0.9117773901511974
['CCCCCCCCCCCCCCC'],0.5528066820831528
['[O-][N+](=O)OCC(CO[N+]([O-])=O)(CO[N+]([O-])=O)CO[N+]([O-])=O'],0.5235689603711772
['CCCCC=O'],0.39721249872992953
['O=C(OCCCCCOC(=O)C1=CC=CC=C1)C2=CC=CC=C2'],0.6265054922520533
['CCCCC(O)=O'],0.42080848769367657
['CCCCCOC(C)=O'],0.41735896153264984
['CC1CCC2(CC1)C(CO2)C.CC1CCC(C(C1)O)C(C)C.CC1CCC(C(C1)OC(=O)C)C(C)C.CC1CCC(C(=O)C1)C(C)C.CC1CCC2=C(C1)OC=C2C.CC1CCC(=C(C)C)C(=O)C1'],0.38263023383996597
['OC(=O)C(F)(F)C(F)(F)C(F)(F)C(F)(F)C(F)(F)C(F)(F)C(F)(F)C(F)(F)C(F)(F)F'],0.896761339256076
['OC(=O)C(F)(F)C(F)(F)C(F)(F)C(F)(F)C(F)(F)C(F)(F)F'],0.857937687925566
['OC(=O)C(F)(F)C(F)(F)C(F)(F)C(F)(F)C(F)(F)F'],0.835784061244891
['OC(=O)C(F)(F)C(F)(F)C(F)(F)C(F)(F)C(F)(F)C(F)(F)C(F)(F)C(F)(F)F'],0.8867492377227402
['NS(=O)(=O)C(F)(F)C(F)(F)C(F)(F)C(F)(F)C(F)(F)C(F)(F)C(F)(F)C(F)(F)F'],0.8764672037275978
['OS(=O)(=O)C(F)(F)C(F)(F)C(F)(F)C(F)(F)C(F)(F)C(F)(F)C(F)(F)C(F)(F)F'],0.8904281532407123
['OC(=O)C(F)(F)C(F)(F)C(F)(F)C(F)(F)C(F)(F)C(F)(F)C(F)(F)F'],0.8741788298483018
['OC(=O)C(F)(F)C(F)(F)C(F)(F)C(F)(F)C(F)(F)C(F)(F)C(F)(F)C(F)(F)C(F)(F)C(F)(F)F'],0.9049208982826924
['CC1(C)C(C=C(Cl)Cl)C1C(=O)OCC2=CC(OC3=CC=CC=C3)=CC=C2'],0.6496587292164783
['[Na+].COC1=CC=C(/C=C/S(=O)(=O)[N-]C(=O)C2=CC=C(C)C=C2Cl)C=C1'],0.7872541048195087
['COC(=O)NC1=CC(OC(=O)NC2=CC=CC(C)=C2)=CC=C1'],0.660488578450372
['[Na+].O=C1NC([O-])=NC(=O)C1(CC)C2=CC=CC=C2'],0.5849376092811429
['OC1=CC=CC=C1'],0.5748523193181001
['OC1=CC=C(C=C1)C2(OS(=O)(=O)C3=C2C=CC=C3)C4=CC=C(O)C=C4'],0.7993786506153994
['OC1=CC=C(C=C1)C2(OC(=O)C3=C2C=CC=C3)C4=CC=C(O)C=C4'],0.8400611206485438
['OC(=O)C1=C(C=CC=C1)C(C2=CC=C(O)C=C2)C3=CC=C(O)C=C3'],0.7972098326645369
['S(O)(=O)(=O)C=1C(O)=CC=CC1'],0.6872472097806223
['ClP(Cl)C1=CC=CC=C1'],0.6267006427187841
['OC1=C(C=CC=C1)C(=O)OC2=CC=CC=C2'],0.7599496685945112
['O=CCC1=CC=CC=C1'],0.5620698534234825
['CC(=O)O[Hg]C1=CC=CC=C1'],0.5775415291740006
['OC1=CC=C(C=C1)C(=O)OC2=CC=CC=C2'],0.7389728286478907
['CCOP(=S)(OCC)SCSCC'],0.6874398105427625
['CCOP(=S)(OCC)SCN1C(=O)OC2=CC(Cl)=CC=C12'],0.7173385291604467
['COP(=S)(OC)SCN1C(=O)C2=C(C=CC=C2)C1=O'],0.7416361071675444
['OP(O)(O)=O'],0.42723789003391516
['CCOP(=S)(OCC)ON=C(C#N)C1=CC=CC=C1'],0.6685677237168279
['O=C1NC(=O)C2=C1C=CC=C2'],0.6611092353870245
['NC1=C(Cl)C(Cl)=NC(C(O)=O)=C1Cl'],0.7746046420934003
['Cl.S1C(CC2=CC=C(OCCC3=NC=C(CC)C=C3)C=C2)C(=O)NC1=O'],0.6473892259530247
['CS(=O)(=O)C1=CC=C(C=C1Cl)[C@@H](C[C@H]2CCC(=O)C2)C(=O)NC3=NC=CN=C3'],0.5816951765712609
['CN(C)C(=O)OC1=C(C)C(C)=NC(=N1)N(C)C'],0.5116001724563288
['O1C(C1)C.O1CC1'],0.26899969279029634
['CCCCCCCC/C=C\\CCCCCCCC(=O)OCCO'],0.5578358237871349
['[Si](=O)(C)C'],0.39298318324520115
['O(C(CO)C)CC(O)C'],0.34933380970565114
['[K+].[O-]Cl(=O)=O'],0.4585138834207855
['[K+].[O-]S(=O)(=O)C(F)(F)C(F)(F)C(F)(F)C(F)(F)F'],0.8234822129144027
['[K+].[O-]S(=O)(=O)C(F)(F)C(F)(F)C(F)(F)C(F)(F)C(F)(F)C(F)(F)F'],0.8665202737643432
['[K+].[O-]S(=O)(=O)C(F)(F)C(F)(F)C(F)(F)C(F)(F)C(F)(F)C(F)(F)C(F)(F)C(F)(F)F'],0.8915382553931703
['[Na+].CC[C@H](C)C(=O)O[C@H]1C[C@H](O)C=C2C=C[C@H](C)[C@H](CC[C@@H](O)C[C@@H](O)CC([O-])=O)[C@@H]12'],0.40375421415644097
['C12C[C@@H](C#N)[C@H](C(C)=O)[C@@]1(C)CCC3C2CC=C4C[C@@H](O)CC[C@]34C'],0.3414748636521222
['CC12CC1(C)C(=O)N(C2=O)C3=CC(Cl)=CC(Cl)=C3'],0.5503651871481489
['CCCSP(=O)(OCC)OC1=C(Cl)C=C(Br)C=C1'],0.7702866193039095
['C12CC[C@H](C(C)=O)[C@@]1(C)CCC3C2CCC4=CC(=O)CC[C@]34C'],0.334716829607033
['Cl.CCCOC(=O)NCCCN(C)C'],0.3783288261584109
['CC(C)(C)C1=CC=C(OC2CCCCC2OS(=O)OCC#C)C=C1'],0.537792115743022
['CCNP(=S)(OC)O/C(/C)=C/C(=O)OC(C)C'],0.5784841703713929
['CC(C)C1=CC=CC(C(C)C)=C1O'],0.6077161797644303
['CNC(=O)OC1=CC=CC=C1OC(C)C'],0.616214807473479
['CC1COC(=O)O1'],0.33373536145209975
['CCCOC(=O)C1=CC=C(O)C=C1'],0.648371639740155
['CC(C)(NC(=O)C1=CC(Cl)=CC(Cl)=C1)C#C'],0.6414687838752647
['CC1=NNC(=O)N(C1)/N=C/C2=CC=CN=C2'],0.5024703947955822
['OC(=O)C1=NN(C(=O)C1)C2=CC=C(C=C2)S(O)(=O)=O'],0.6172536579910632
['CCC1=NC(N)=NC(N)=C1C2=CC=C(Cl)C=C2'],0.7171553146734471
['CC(COC1=CC=C(OC2=CC=CC=C2)C=C1)OC3=NC=CC=C3'],0.7082272298532979
['[Na+].COC1=CC(OC)=NC(SC2=C(C([O-])=O)C(Cl)=CC=C2)=N1'],0.8128547920128153
['OC(=O)C1=C(Cl)C=CC2=CC(Cl)=CN=C12'],0.7860329364143412
['C1=CC2=C(C=C1)N=CC=C2'],0.6224253414905493
['CC(=C)[C@@H]1CC=C(C)C(=O)C1'],0.3976938045041578
['Cl.O1C=2C(=C(C3=C1C=C(NCC)C(=C3)C)C=4C(=CC=CC4)C(OCC)=O)C=C(\\C(=N\\CC)\\C2)C'],0.8056099044846086
['O=C(CCCCCCCCC1=CN=CC=C1)N2CCC(CC2)C=C(C3=CC=CC=C3)C4=CC=CC=C4'],0.5980340233139965
['CN1C(COC(N)=O)=NC=C1[N+]([O-])=O'],0.5692396017177832
['CC(C)NC1=NC(Cl)=NC(N)=N1'],0.42424149681232887
['OC(=O)C1=C(O)C=CC=C1'],0.7077921830052106
['Cl.CCOC(=O)C1=CC=C(C=C1)[C@H]2CC[C@@H](CC2)NC[C@H](O)COC3=CC=C(O)C(NS(C)(=O)=O)=C3'],0.581872706758054
['Cl.CC1=NC(=NO1)C2=CC3=C(CCN(CCC4CCC(CC4)NC(=O)/C=C/C5=CC=C(F)C=C5)CC3)C=C2'],0.5712700298989549
['S(C(CC1CC(O)=C(C(=O)C1)\\C(=N\\OCC)\\CCC)C)CC'],0.5747313484437125
['S=C1N([O-])C=CC=C1.[Na+]'],0.6287924091572977
['[Na+].CC(C)COC(=O)CC(C(=O)OCC(C)C)S([O-])(=O)=O'],0.5053416353470652
['[Na+].[S-]C1=NC2=CC=CC=C2S1'],0.865983098638979
['[Na+].CC1=CC=CC=C1S([O-])(=O)=O'],0.6500413670268025
['[Na+].CC1=CC=C(C)C(=C1)S([O-])(=O)=O'],0.6767399612195671
['CC1=CC=C(S(=O)(=O)[O-])C=C1.[Na+]'],0.632601331590651
['[Na+].CCCCCCCCC1=CC=C(C=C1)S([O-])(=O)=O'],0.6315606038180386
['[Na+].[N-]=[N+]=[N-]'],0.3684390964360509
['[Na+].[O-]Cl=O'],0.43601016969141215
['[Na+].[O-]C(=O)CCl'],0.43663738301129734
['[Na+].CCCCCCCCCCOS([O-])(=O)=O'],0.5465261254247201
['[Na+].O1C(=CC(=O)/C(=C(/[O-])\\C)/C1=O)C'],0.6533221083476877
['ClN1C(=O)N(Cl)C(=O)N=C1[O-].[Na+]'],0.5014397607710875
['ClN1C(=O)N(Cl)C(=O)N=C1[O-].[Na+].O.O'],0.49080461720655777
['[Na+].CN(C)C([S-])=S'],0.5803627492846033
['[Na+].CCCCCCCCCCCCOS([O-])(=O)=O'],0.5554271987646234
['S([O-])(=O)(=O)C=1C(CCCCCCCCCCCC)=CC=CC1.[Na+]'],0.6370688343140984
['[Na+].CCCCC(CC)COS([O-])(=O)=O'],0.5138028475421857
['[Na+].[O-]C(=O)CF'],0.44820870595320655
['[Na+].CCCCCCCCCCCCCCCCOS([O-])(=O)=O'],0.5682982318703446
['[Na+].[I-]'],0.43249797263211415
['[Na+].CC1=CC=C(C(C)=C1)S([O-])(=O)=O'],0.6743734290880177
['[Na+].CC(=C)C([O-])=O'],0.42781862027780515
['[Na+].COS([O-])(=O)=O'],0.46414387632040516
['[Na+].CCCCCCCCCCCCCCOS([O-])(=O)=O'],0.5625252593825372
['[Na+].F[B-](F)(F)F'],0.25784602406873236
['[Na+].[O-]C(=O)C(Cl)(Cl)Cl'],0.4859417841872975
['[Na+].CCCCCCCCCCCCCOS([O-])(=O)=O'],0.559167428023547
['S([O-])(=O)(=O)C1=CC(=C(C=C1)C)C.[Na+]'],0.6545702728009088
['CCC(C)(C)C(=O)OC1=C(C(=O)OC12CCCCC2)C3=CC=C(Cl)C=C3Cl'],0.6062035885301937
['C12CC[C@@]3(CCC(=O)O3)[C@@]1(C)CCC4C2[C@@H](CC5=CC(=O)CC[C@]45C)SC(C)=O'],0.3537557119431539
['CCCN(CC)CC1COC2(CCC(CC2)C(C)(C)C)O1'],0.3490684162783901
['C1CN2CCC1C(C2)C(C3=CC=CC=C3)NC(=O)C4=C(C=CC(=C4Cl)C(F)(F)F)Cl.Cl'],0.572918049673169
['ClC1=C(C(=O)N[C@H]([C@H]2NCCCC2)C3=CC=CC=C3)C=CC=C1C(F)(F)F'],0.5488205617476533
['COC1=CC2=C(C(=O)N(COC3=CC(=O)N4C=CC=C(OCCN5CCCCC5)C4=N3)S2(=O)=O)C(=C1)C(C)C'],0.6147488884416771
['OCC(O)C1=CC=CC=C1'],0.5656456845249562
['OC[C@H]1O[C@@](CO)(O[C@H]2O[C@H](CO)[C@@H](O)[C@H](O)[C@H]2O)[C@@H](O)[C@@H]1O'],0.3004856305342683
['NS(O)(=O)=O'],0.4136523915264275
['OC(=O)CC(C(O)=O)S(O)(=O)=O'],0.5404136603617143
['COC1=C(C=C(C(=O)C2=CC=CC=C2)C(O)=C1)S(O)(=O)=O'],0.7947875852848763
['ClN1C(=O)N(Cl)C(=O)N(Cl)C1=O'],0.4101869086976617
['C1=C(C=C(C(=C1O)O)O)C(=O)OC2=CC(=CC(=C2O)O)C(=O)OCC3C(C(C(C(O3)OC(=O)C4=CC(=C(C(=C4)OC(=O)C5=CC(=C(C(=C5)O)O)O)O)O)OC(=O)C6=CC(=C(C(=C6)OC(=O)C7=CC(=C(C(=C7)O)O)O)O)O)OC(=O)C8=CC(=C(C(=C8)OC(=O)C9=CC(=C(C(=C9)O)O)O)O)O)OC(=O)C%10=CC(=C(C(=C%10)OC(=O)C%11=CC(=C(C(=C%11)O)O)O)O)O'],0.9218896866693185
['CC(C)(C)C(O)(CCC1=CC=C(Cl)C=C1)CN2C=NC=N2'],0.5214132184121945
['CCC1=NN(C)C(C(=O)NCC2=CC=C(C=C2)C(C)(C)C)=C1Cl'],0.6051246572168222
['COP(=S)(OC)OC1=CC=C(SC2=CC=C(OP(=S)(OC)OC)C=C2)C=C1'],0.8416821163559722
['CCC(=NOC/C=C/Cl)C1=C(O)CC(CC1=O)C2CCOCC2'],0.49102741515685583
['CC1=C(Cl)C(=O)N(C(=O)N1)C(C)(C)C'],0.4233158980085314
['CCOP(=S)(OCC)SCSC(C)(C)C'],0.6427002281503063
['CCNC1=NC(NC(C)(C)C)=NC(Cl)=N1'],0.43904608333415046
['CC1=CCC(CC1)C(C)(C)O'],0.4040392767333998
['CC(C)=C1CCC(C)=CC1'],0.45106753420651846
['CCC(=O)OC(C)(C)C1CCC(C)=CC1'],0.4169205244180193
['CC(=O)OC(C)(C)C'],0.366630501310102
['CC(C)(C)OOC(=O)C1=CC=CC=C1'],0.5408226392822374
['CC(C)(C)N'],0.2449670178826539
['CC(C)(C)C1=CC=CC=C1'],0.5010743754948466
['CCCCCCC(C)(C)S'],0.5422740518345652
['CCC(=O)O[C@H]1CC[C@H]2[C@@H]3CCC4=CC(=O)CC[C@]4(C)[C@H]3CC[C@]12C'],0.3181103514408369
['OC(=O)CC1=CC(I)=C(OC2=CC(I)=C(O)C(I)=C2)C(I)=C1'],0.988465639642695
['FC(F)C(F)(F)OCC(CN1C=NC=N1)C2=C(Cl)C=C(Cl)C=C2'],0.6188709202024841
['CCN(CC)C(=S)SSC(=S)N(CC)CC'],0.7240640194485929
['OCC1CCCO1'],0.34434305716652597
['C1CCC2=C(C1)C=CC=C2'],0.5368940028772916
['CC(C)=CC1C(C(=O)OCN2C(=O)C3=C(CCCC3)C2=O)C1(C)C'],0.4563494013686633
['CCCO[Si](OCCC)(OCCC)OCCC'],0.42817028338016516
['O=C1N(C2CCC(=O)NC2=O)C(=O)C3=CC=CC=C13'],0.559740362055324
['CN1C2=C(NC=N2)C(=O)N(C)C1=O'],0.41781554077609717
['N1C2=C(C=CC=C2)N=C1C3=CSC=N3'],0.7364267664925686
['CN1COCN(CC2=CN=C(Cl)S2)C1=N[N+]([O-])=O'],0.5635406407099283
['COC(=O)C1=C(CC(C)C)C(C2=NCCS2)=C(N=C1C(F)F)C(F)(F)F'],0.6796884704285702
['O=C(NC1=CN=NS1)NC2=CC=CC=C2'],0.6551631351556524
['CCN(CC)C(=O)SCC1=CC=C(Cl)C=C1'],0.6322464533388212
['NNC(=S)NN'],0.3474588802322529
['CSC(C)=NOC(=O)N(C)SN(C)C(=O)ON=C(C)SC'],0.5547538841239634
['CCOC(=O)NC(=S)NC1=C(NC(=S)NC(=O)OCC)C=CC=C1'],0.603369637408346
['COC(=O)NC(=S)NC1=C(NC(=S)NC(=O)OC)C=CC=C1'],0.5978240789568947
['CC1=C(OCCCC(O)=O)C=CC(Cl)=C1'],0.6424799939139646
['CC(C)C1=CC=C(C)C=C1O'],0.630966683756171
['OC(=O)CC1=CC(I)=C(OC2=CC(I)=C(O)C=C2)C(I)=C1'],0.9431168739842433
['CC1=CC=C(C=C1)S(=O)(=O)NC(=O)NN2CCCCCC2'],0.4681581340294851
['N=1NN=C2C1C(=CC=C2)C'],0.5804548748746408
['CC1CC(C)(C)C2=C(C=C(C)C(=C2)C(C)=O)C1(C)C'],0.5363836425538103
['S(=O)(=O)(C1=C(C(=C(C=C1)C(=O)C=2C(=O)N(NC2)C)C)C3=NOCC3)C'],0.6727086120841117
['NC(=O)CN1C(=O)C=C(CCN2CCN(CC2)C3=NC=CC4=C3C=CS4)C5=C1C=C(F)C=C5'],0.6400411804591489
['CCCCCCCCOC(=O)C1=CC=C(C(=O)OCCCCCCCC)C(=C1)C(=O)OCCCCCCCC'],0.6265484029397487
['CC(=O)OCC(COC(C)=O)OC(C)=O'],0.4192533219965259
['CC(C)(C)C(=O)C(OC1=CC=C(Cl)C=C1)N2C=NC=N2'],0.5648053344637192
['CC(C)(C)C(O)C(OC1=CC=C(Cl)C=C1)N2C=NC=N2'],0.5708872887695574
['C12C[C@@H](O)[C@](O)(C(=O)CO)[C@@]1(C)C[C@H](O)[C@@]3(F)C2CCC4=CC(=O)C=C[C@]34C'],0.32885573120314743
['CCCCSP(=O)(SCCCC)SCCCC'],0.7240529800682782
['CCCCOP(=O)(OCCCC)OCCCC'],0.45072402455510163
['CCCCN(CCCC)CCCC'],0.45256678852443566
['COP(=O)(OC)C(O)C(Cl)(Cl)Cl'],0.47047606066610836
['OC(=O)C(Cl)(Cl)Cl'],0.4329249851088683
['OC(=O)COC1=C(Cl)C=C(Cl)C(Cl)=N1'],0.7104767417516383
['OC1=C(OC2=CC=C(Cl)C=C2Cl)C=CC(Cl)=C1'],0.8544042456629084
['OCCN(CCO)CCO'],0.3963524357397262
['CCOC(=O)CC(O)(CC(=O)OCC)C(=O)OCC'],0.47307122564884563
['CCOP(=O)(OCC)OCC'],0.3945059172603359
['OCCOCCOCCO'],0.41103940663028893
['CCCCC(CC)C(=O)OCCOCCOCCOC(=O)C(CC)CCCC'],0.48256651467012623
['CC(=O)OCCOCCOCCOC(C)=O'],0.4067973005945106
['CO/N=C(/C(=O)OC)\\C1=CC=CC=C1CO/N=C(\\C)/C2=CC(=CC=C2)C(F)(F)F'],0.7435949107144757
['[Na+].COC1=CC(OC)=NC(NC(=O)[N-]S(=O)(=O)C2=NC=CC=C2OCC(F)(F)F)=N1'],0.6605459678177059
['CCCOC/C(=N\\C1=C(C=C(Cl)C=C1)C(F)(F)F)/N2C=CN=C2'],0.6774312673883607
['CCCN(CCC)C1=C(C=C(C=C1[N+]([O-])=O)C(F)(F)F)[N+]([O-])=O'],0.6889931690317145
['CC(C)CCCCCCCOC(=O)C1=CC(=C(C=C1)C(=O)OCCCCCCCC(C)C)C(=O)OCCCCCCCC(C)C'],0.5925672185128485
['CC(C)CCCCCCOC(=O)C1=CC(=C(C=C1)C(=O)OCCCCCCC(C)C)C(=O)OCCCCCCC(C)C'],0.5915611148880126
['CO[Si](OC)(OC)C1=CC=CC=C1'],0.5587114879574181
['CCC[Si](OC)(OC)OC'],0.37810174834683596
['COP(=O)(OC)OC'],0.32551774761327
['CN(C)C'],0.24466161370643502
['CCOC(=O)C1CC(=O)C(=C(O)C2CC2)C(=O)C1'],0.4832867081513676
['O=P(OC1=CC=CC=C1)(OC2=CC=CC=C2)OC3=CC=CC=C3'],0.7529921691979997
['O(P(OC1=CC=CC=C1)OC2=CC=CC=C2)C3=CC=CC=C3'],0.7771631165468936
['C1=CC=C(C=C1)P(C2=CC=CC=C2)C3=CC=CC=C3'],0.7833381508308199
['O(C(COC(CO)C)C)CC(O)C'],0.3646170752455983
['CC(CO)OCC(C)OCC(C)OC'],0.3573466766621213
['ClCC(CCl)OP(=O)(OC(CCl)CCl)OC(CCl)CCl'],0.48985089109841157
['CCCCOCCOP(=O)(OCCOCCCC)OCCOCCCC'],0.4574631529609336
['ClCCOP(=O)(OCCCl)OCCCl'],0.4341620331302625
['ClCCOP(OCCCl)OCCCl'],0.47850386861129124
['CC(CCl)OP(=O)(OC(C)CCl)OC(C)CCl'],0.4240456458773041
['BrCC(Br)COP(=O)(OCC(Br)CBr)OCC(Br)CBr'],0.5311582086197779
['O=C1N(CC2CO2)C(=O)N(CC3CO3)C(=O)N1CC4CO4'],0.3336861745684895
['P(OC=1C(=CC=CC1)C)(OC=2C(=CC=CC2)C)(OC=3C(=CC=CC3)C)=O'],0.7849504046939382
['CC1(C)CCC(=CC2=CC=C(Cl)C=C2)C1(O)CN3C=NC=N3'],0.5305178370029885
['CC1=C(O)C(C)=C2CCC(C)(COC3=CC=C(CC4SC(=O)NC4=O)C=C3)OC2=C1C'],0.6906615023864567
['COCC1=NN=C(N1C2=C(Cl)C(Cl)=CC3=C2NC(=O)C(=O)N3)C4=C[N+]([O-])=CC=C4'],0.720382246019981
['S(=O)(=O)(N1CCN(CC1)CC)C2=CC(=C(OCCC)C=C2)C=3NC(=O)C4=NN(C(=C4N3)CC)CC=5N=CC=CC5'],0.5833629810724412
['CSC1=CC=C(OC2=CC=C(C=C2CN(C)C)S(N)(=O)=O)C=C1C'],0.7577002127336343
['CCCCCCCCCCC'],0.5264379576729484
['CCOC(N)=O'],0.3000100966187832
['C=CN1CCCC1=O'],0.33734571513344724
['COC1=C(OC)C(=CC=C1)[C@H](O)C2CCN(CCC3=CC=C(F)C=C3)CC2'],0.580584107772557
['CC(=O)CC(C1=CC=CC=C1)C2=C(O)C3=CC=CC=C3OC2=O'],0.7477948065308527
['C[C@H]1CCCC(=O)CCC/C=C/C2=C(C(O)=CC(O)=C2)C(=O)O1'],0.6033076774853932
['OC(=O)CN1C(=O)N(CC2=CC=C(Br)C=C2F)C(=O)C3=C1C=C(Cl)C=C3'],0.6780330957372683
['[ZnH2+2].CN(C)C([S-])=S.CN(C)C([S-])=S'],0.595790416363375
