"SMILES","activity","predicted"
"CC1(C)[C@@H]2C[C@H]1C(=C)CC2",12.3,13.2728379443087
"COC(=O)C(C)OC1=CC=C(OC2=CC=C(Cl)C=C2Cl)C=C1",94.1,70.3408326062229
"CCCCCCCCCCCCCC(=O)OCC(O)CO",38.1,36.4953867288803
"CC(=O)O[C@@H]1C[C@@H]2CC[C@@]1(C)C2(C)C",11.8,2.11442918882211
"CCCCCCCCCC=CCC1CC(=O)OC1=O",98.4,33.9746469235457
"CCC/C=C/C=O",52.2,29.4168776816326
"CC1=NN(CO)C(C)=C1",32.8,28.0026318302405
"CC/C=C\CCOC(C)=O",14,28.7996905496981
"CCCCC/C=C\CCC=O",69.6,38.6412079035794
"C/C=C/C=C/CCCCCCCO",61.9,49.1686410887748
"OCCOC(=O)C(C)=C.C12C3C(C(C1)CC2)C=CC3",75.5,16.9006627030452
"C[C@H](CCO)CCC=C(C)C",38.8,28.838546713965
"CC/C=C\CCO",19,33.7379677681972
"CC1=C(C)C(NC2=NC(SCC(O)=O)=NC(Cl)=C2)=CC=C1",94.3,67.3701227060746
"ClC(Cl)C(C1=CC=C(Cl)C=C1)C2=C(Cl)C=CC=C2",28,67.4286781233646
"CC1(C)N(CO)C(=O)NC1=O",3.9,2.76865520268967
"COC1=CC2=C(C=C1)N(C(=O)C3=CC=C(Cl)C=C3)C(C)=C2CC(O)=O",101.7,73.2212907110486
"CCO[Si](CCCNC(N)=O)(OCC)OCC",-29.5,15.8306792305016
"CC(O)CN",5.5,-0.308679528681026
"CC1(C)N(Br)C(=O)N(Cl)C1=O",33.5,21.4200361151455
"FC(F)(F)C1=CC=C(Cl)C=C1",8.9,45.6892413885139
"[O-][N+](=O)C1=CC=C(Cl)C=C1",28,61.4405841271006
"CCCCCCCCCCN",10.1,35.356161464457
"CCCCCCCCCCO",69.5,36.3844764681836
"CCCCCCCCCCCCS",5.1,46.4367562023262
"CCCCCCCCCCCCO",71.3,38.9085927201286
"CCCCCCCCCCCCN1CCCC1=O",29.7,28.244194795182
"CCOCC(C)O",3,7.32726747990921
"CCCCCCCCCCCCCCCCO",-22.4,42.116670978857
"CCCCCCO",10.5,26.7127298595401
"COCC(C)O",7.9,4.03349682813924
"CCC(C)(C)C1CCC(CC1)OC",34.2,12.4145623964898
"CN1C=C(C(=O)C(=C1)C2=CC(=CC=C2)C(F)(F)F)C3=CC=CC=C3",23.8,68.0551922217893
"CC1=C2C=CC=CC2=CC=C1",24.8,59.0865102696592
"CCCCCCCCCCCC(=O)OCC(O)CO",52.4,34.7702737950996
"OC(=O)CC1=C2C=CC=CC2=CC=C1",63,64.926800822975
"OC1=CC=CC2=CC=CC=C12",90.3,68.5634145801463
"CCCCCCCCO",35.1,32.6765332859823
"CCCCCC(O)C=C",14.7,31.8450407839658
"CCCCCCCCN1CCCC1=O",19.5,21.400444018361
"CC(O)COC1=CC=CC=C1",9.9,41.8368438058602
"O=C1C=CC(=O)N1C2=CC=CC=C2",55,50.0596545076605
"NC(=O)NC1=CC=CC=C1",11.8,35.7257556328038
"CCCOCC(C)O",6.4,12.9501380249194
"CCCCCCCCCCCCC=C",9.6,43.0627011989362
"CCCCCCCCCCCCCO",46.3,39.8897040510076
"CC(C1=CC=C(C)C(C)=C1)C2=CC=C(C)C(C)=C2",41.1,60.6426878394915
"C[SiH](O[Si](C)(C)C)O[Si](C)(C)C",10.6,17.8351853818484
"CC(O)CN(CCN(CC(C)O)CC(C)O)CC(C)O",3.3,12.5675180863433
"C1=CC2=C(N=C1)C3=C(C=CC=N3)C=C2",46.1,65.415354544377
"O=CC1=CC=CC=C1C=O",98,51.0999425809144
"CC(C)CCCCCCCOC(=O)C1=CC=CC=C1C(=O)OCCCCCCCC(C)C",-5.7,47.2750263364399
"O(C[C@@H]([C@H](CCC)CC)CCC)C(=O)C=1C(C(OCCCCCCCCCCCC)=O)=CC=CC1",6.1,46.9544285381617
"OC1=C(O)C=CC=C1",34.4,65.9501800791357
"BrCCBr",13.4,20.3382129716574
"FC(F)(F)C1=CC=C(Cl)C(Cl)=C1",8.3,55.6296664109274
"ClC1=C(Cl)C=CC=C1",20.8,52.5660750138844
"CC1=CC=CC(=C1C)[N+]([O-])=O",56,64.3791887060197
"[O-][N+](=O)C1=C(C=CC=C1)[N+]([O-])=O",60.9,74.1032718431005
"C(COC1=CC=CC=C1)OC2=CC=CC=C2",23.4,56.3325960287114
"O=C(CC1=CC=CC=C1)C2=CC=CC=C2",63.1,56.5983128845988
"I.I.NCCN",13.4,6.91301239543685
"CCCCOC(CC)O",10.2,17.0335014492308
"CC(O)CO",-6.8,3.05872058024227
"O=C1NC(=O)C2CC=CCC12",5.3,9.60302543490108
"ClC1=CC(Cl)=C(Cl)C=C1",7.5,62.7039911710689
"CC1=CC(C)=C(C)C=C1",17.8,47.7488335005652
"ClC1=CC(Cl)=C(Cl)C=C1Cl",1.5,73.9214277060406
"CC1=CC(C)=C(C)C=C1C",14.1,51.8377023499972
"ClC(=O)C1=CC(=CC=C1)C(Cl)=O",36.8,53.6151936359513
"CC(O)CCO",-5.8,10.2408499836627
"C1C=CC=C1",10.9,13.1183667590795
"Cl.ClC1=CC2=C(CN3CCCCCC3=N2)C(Cl)=C1",8.2,40.2459509804089
"ClC1=CC(Cl)=CC=C1",6.5,50.8605599174009
"[O-][N+](=O)C1=CC(=CC=C1)[N+]([O-])=O",11.1,68.7998537273887
"O=C(CC(=O)C1=CC=CC=C1)C2=CC=CC=C2",71.3,56.6421966446361
"CCN1CN(CC)CN(CC)C1",0.2,-4.0966263240913
"CC(C)C1=CC(=CC(=C1)C(C)C)C(C)C",-31.8,37.6517083338146
"C[Si]1(O[Si](C)(O[Si](C)(O[Si](C)(O1)C=C)C=C)C=C)C=C",99.7,34.7765763314243
"NC1=CC=C(N)C=C1",108.1,45.9083748032076
"OC(=O)C1CCC(CC1)C(O)=O",20.8,15.0205846265778
"NC1=CC=C(N)C2=C1C(=O)C3=CC=CC=C3C2=O",69.5,87.1114356463668
"ClC1=CC=C(Cl)C=C1",-12.7,48.9794835384241
"CC1=CC=C(C)C2=C1C=CC=C2",55,62.645293607748
"C\1C/C=C/CC/C=C/CC/C=C1",10.5,38.1651679533377
"NCCCCCCN",-5.1,26.289369775072
"CC12CCC(CC1)C(C)(C)O2",12.9,6.42465767847813
"OC(=O)CCCCCCCCC=C",92.6,38.6606015426361
"CCCCCC(=O)O[C@@]1(CC[C@H]2[C@@H]3CCC4=CC(=O)CC[C@]4(C)[C@H]3CC[C@]12C)C(C)=O",29,9.64693981100658
"C[C@]12CC[C@H]3[C@@H](CCC4=C3C=CC(O)=C4)[C@@H]1CC[C@H]2O",46.8,19.0874503638547
"C12CC[C@@](O)(C#C)[C@@]1(C)CCC3C4=C(CCC23)C=C(O)C=C4",87.9,27.7999009740837
"CC(=O)[C@@]1(O)CC[C@H]2[C@@H]3CCC4=CC(=O)CC[C@]4(C)[C@H]3CC[C@]12C",13.9,3.14372828045506
"C12CC[C@H](O)[C@@]1(C)CCC3C4=CC=C(O)C=C4CCC23",55.8,24.7201333587223
"CCCCOCCOCCO",8.7,22.524555606047
"CC1=C(OCC(O)=O)C=CC(Cl)=C1",79.4,60.4379734994879
"CCNCCO",5.4,2.57836321766918
"CC(OC1=CC(Cl)=CC=C1)C(O)=O",38.8,52.6051334628876
"OCCC(F)(F)C(F)(F)C(F)(F)C(F)(F)C(F)(F)C(F)(F)F",56.8,82.32244839027
"CC(=C)C(=O)OCCC(F)(F)C(F)(F)C(F)(F)C(F)(F)C(F)(F)C(F)(F)F",9.4,72.9513204085438
"CCOCCOCCOCCO",6.6,19.0239526384128
"COCCOCCOCCO",6.1,17.8917835576357
"OC1=CC=C(C=C1)C(=O)CBr",104.3,60.1485488725055
"CCC(C)=NO",-0.8,9.30422354360206
"CCCCOCCOC(C)=O",8.3,19.5902252489346
"OCC#CCO",11.1,19.7605533706282
"ClC=1C=C(C2=CC=CC=C2)C=CC1O",105.7,75.6038899966022
"ClCC=O",8.7,-1.65489428967594
"ClCC(=O)C1=CC=CC=C1",26,44.5512175314095
"OCCCl",10.2,7.04916205071181
"CCCCC(CC)CO",8.6,27.8280830648596
"CCCC(O)C(CC)CO",5.3,25.9243322070894
"CCCC=C(CC)C=O",23.2,25.654138844659
"CCC1=CC=CC(C)=C1N",30.3,51.9620921547913
"CCCCC(CC)C(O)=O",-8.2,28.0088643869807
"CCCCC(CC)COC(C)=O",10.1,25.0819813884573
"CCCCC(CC)COP(=O)(OC1=CC=CC=C1)OC2=CC=CC=C2",53.1,56.8455037389336
"CCCCC(CC)COC(=O)CS",58.7,36.7923568498848
"CCC1=C(O)C=CC=C1",68.1,55.4604634297401
"CCCCCC(C)=O",13.4,25.4945241599726
"COC1=CC=C(C(=O)C2=CC=CC=C2)C(O)=C1",98.3,75.85292984277
"CC(=O)C1=CC=CC=C1O",19.1,59.44600851616
"OCCOC(=O)C=C",17.1,19.6322939135001
"CCCCCCCCSCCO",75,46.547633386735
"SC1=NC2=C(S1)C=CC=C2",101,90.8408795091754
"COC1=CC=C(C)C=C1N",37.4,59.1642072901587
"COCCO",23.3,6.1035782238413
"COC1=C(O)C=CC=C1",52.3,62.8737200925707
"CC(O)CC(C)(C)O",13.1,11.9506283676428
"CC1=C(N)C=CC=C1",30.1,44.0514055710011
"Cl.CC1=CC=CC=C1N",39,41.7746890870527
"CCC(C)COC(=O)CC(C)C",1.6,19.1027452767815
"CC(CCC#N)C#N",0.2,8.12455363301634
"CC(C)C#N",4.9,-12.9890064736868
"NC1=CC=CC=C1[N+]([O-])=O",95.2,64.5341016373758
"CCCCCCCCCCC(CO)CCCCCCCC",14,41.7629597159611
"CCCC(C)=O",11.9,16.8384442918816
"OCCOC1=CC=CC=C1",3.3,46.5949740289011
"OCCC1=CC=CC=C1",7.4,42.8378146969989
"O=C(OCCC1=CC=CC=C1)C2=CC=CC=C2",91.9,53.7593592339391
"OC1=C(C=CC=C1)C2=CC=CC=C2",91.7,72.5817013646416
"CCCOCCO",3,16.3573105932935
"O=C1CCCN1",13.1,-5.29318537001206
"CCC(C)C1CCCCC1=O",9.9,16.203112765816
"CCC1=CC(=C(O)C=C1)C(C)(C)C",87.9,52.4645991492743
"CC1=CC(O)=C(C=C1)C(C)(C)C",66.2,52.2130050482741
"CCCCCCCCCC(C)=O",15.8,34.964275791527
"NC(=O)C(Br)(Br)C#N",25.8,34.2219996056695
"OC1=C(CC2=C(O)C=CC=C2)C=CC=C1",100.9,73.3876540519106
"CC1=CC(CC2=CC(C)=CC(=C2O)C(C)(C)C)=C(O)C(=C1)C(C)(C)C",52.3,68.1603999664265
"CCC1=CC(CC2=C(O)C(=CC(CC)=C2)C(C)(C)C)=C(O)C(=C1)C(C)(C)C",39.3,66.7367965324759
"CC(C)(C1=CC(Cl)=C(O)C(Cl)=C1)C2=CC(Cl)=C(O)C(Cl)=C2",105.2,86.3871119574987
"CC1=C(C)C(O)=CC=C1",67.6,56.9054860836879
"CC1=CC=CC(=C1[N+]([O-])=O)[N+]([O-])=O",58,78.539505135148
"CC(C)(C1=CC=CC=C1)C2=CC(=C(O)C=C2)C(C)(C)C3=CC=CC=C3",97.6,64.5298438170343
"CC(C)NC1=NC(NC(C)C)=NC(Cl)=N1",30.1,19.5092523091378
"ClC1=C(OCC([O-])=O)C=CC(Cl)=C1.[Na+]",90.5,65.6625574264529
"CCCCOCCOC(=O)COC1=C(Cl)C=C(Cl)C=C1",71.8,52.3632074788518
"C1=CC(=C(C=C1Cl)Cl)OCC(=O)O",86.7,64.9510815519177
"OC(=O)CCCOC1=CC=C(Cl)C=C1Cl",99.4,59.1680080563393
"OC1=CC=C(C(=O)C2=CC=CC=C2)C(O)=C1",107,78.784704851619
"OC1=C(C=C(C=C1)[N+]([O-])=O)[N+]([O-])=O",108.4,79.9343032226486
"CC1=C(C=C(C=C1)[N+]([O-])=O)[N+]([O-])=O",74.7,73.7396579222891
"OC1=C(Cl)C=C(Cl)C(Cl)=C1",103.4,78.4091200481423
"OC(=O)COC1=C(Cl)C=C(Cl)C(Cl)=C1",97.1,72.609806915247
"OC1=C(Br)C=C(Br)C=C1Br",105,94.9553248032935
"OC1=C(Cl)C=C(Cl)C=C1Cl",100,80.2027361611575
"CC1=CC(C)=C(C(O)=O)C(C)=C1",35.7,65.2500212155236
"CC1=CC(C)=C(O)C(C)=C1",81.7,64.8966571169724
"C=CCOC1=NC(OCC=C)=NC(OCC=C)=N1",29.3,48.6911168059409
"OC1=CC(Cl)=CC=C1Cl",105,67.9833800469697
"CC(C)(C)OOC(C)(C)CCC(C)(C)OOC(C)(C)C",10,13.8093429890943
"CC(C)(C)C1=CC=CC(=C1O)C(C)(C)C",30,47.8553768711776
"ClC1=CC=CC(Cl)=C1C#N",77.7,68.5884891400001
"CCC1=CC=CC(CC)=C1N",16.2,53.5700939806342
"CN(C)CCCN",11.3,9.20243823801695
"CCO[Si](CCCN)(OCC)OCC",-19.3,19.7806156427457
"CCC1=CC=CC(O)=C1",59.3,53.4923335411362
"OC1=CC2=C(CC3=CC=CC=C23)C=C1",85.3,82.2917973322801
"CC(C)C1=CC=CC(O)=C1",78.9,46.4763198164546
"CC(C)CCOC(C)=O",-18.7,12.4623125285681
"CC1=CC(=CC=C1)[N+]([O-])=O",30.1,59.0214095743609
"COCCOCCC[Si](C)(O[Si](C)(C)C)O[Si](C)(C)C",33.6,25.562741133641
"OC(=O)C1=CC(OC2=CC=CC=C2)=CC=C1",98.8,71.073827202977
"CCCC(CC)C1=CC=CC=C1",8.8,43.4966642838798
"N#CC1=CN=CC=C1",5.5,36.4313548623915
"CC(C)(C)C1=CC=CC(O)=C1",81.7,45.4932990987644
"CC1CC(O)CC(C)(C)C1",9.8,11.3693013990158
"CC1CC(CC(C)(C)C1)OC(=O)C2=C(O)C=CC=C2",68.6,39.4724608758658
"CC1=CC(=CC=C1N)C2=CC=C(N)C(C)=C2",105.7,72.4249908327099
"Cl.Cl.CC1=C(N)C=CC(=C1)C2=CC(C)=C(N)C=C2",107.7,67.2986123182129
"CC(C)(C1=CC(Br)=C(O)C(Br)=C1)C2=CC(Br)=C(O)C(Br)=C2",105.8,95.7957096329748
"C1COC=CC1",12.7,9.85842904952991
"NC1=CC(Cl)=CC(Cl)=C1",93.5,59.9001454031838
"CC(CCO)CC(C)(C)C",28.5,19.924559274239
"CCCCOCCOCCOCCOCCO",5.2,24.2629676678089
"CC(C)=CCCC(C)=CC=O",33.5,32.451658811786
"CCC(C)(O)CCCC(C)C",11.3,22.6436411770258
"CCC(C)(CCCC(C)C)OC(C)=O",9.6,24.6529299955974
"CC1=CN([C@H]2C[C@H](N=[N+]=[N-])[C@@H](CO)O2)C(=O)NC1=O",2,5.77514653911301
"CC(C)(C)C1=CC=C(O)C=C1",67.1,44.9040042983891
"CC(C)(C)CC(C)(C)C1=CC=C(O)C=C1",94.7,43.6252927739727
"CCC(C)(C)C1=CC=C(O)C=C1",91.2,46.7519289426629
"CC(=O)C=CC1=C(C)CCCC1(C)C",19.8,25.0050322747665
"ClC1=CC=C(CCC(CN2C=NC=N2)(C#N)C3=CC=CC=C3)C=C1",22.8,52.4870636893144
"CCC(C)C1=CC=C(O)C=C1",97.5,48.7381277786584
"CCC(C)(C)C1CCC(=O)CC1",19.8,14.1149460212572
"NN1C=NN=C1",4.6,12.5042302996547
"NC1=CC=C(C=C1)C(O)=O",-5.9,54.5429162673216
"CCOCN1C(=C(C#N)C(Br)=C1C(F)(F)F)C2=CC=C(Cl)C=C2",94.6,67.3291562199641
"CCCCC1=CC=C(Cl)C=C1",15.3,49.8536619468096
"CN(C)S(=O)(=O)N1C(=NC(Cl)=C1C2=CC=C(C)C=C2)C#N",103.3,52.895478758778
"ClC1=C(C(=C(O[H])C(=C1[H])[H])[H])C([H])([H])[H]",85.8,61.2605550855124
"ClC1=CC=C(C=C1)C(Cl)(Cl)Cl",98.8,50.4268067712107
"OC1=CC=C(Cl)C=C1",55.3,54.6906847204775
"OC(=O)COC1=CC=C(Cl)C=C1",34.8,54.8608947516224
"NC(=O)NC1=CC=C(Cl)C=C1",19,44.2913021470878
"CC(C)(C1=CC=CC=C1)C2=CC=C(O)C=C2",103.1,59.7001218822005
"O=C1CCC(CC1)C2CCCCC2",53.6,15.1713993785195
"CCCCCCCCCCCCN1CCOCC1",38.8,26.4528344303343
"CCCCCCCCCCCCC1=CC=C(O)C=C1",100.3,52.6574705380405
"CCOC1=CC=C(N)C=C1",7.8,52.0367702122803
"CCC1COC(=O)O1",15.2,11.2009305188249
"CCCCCCOC1=CC=C(N)C=C1",94.7,50.7211693326211
"CC(=O)C1=CC=C(O)C=C1",36.7,53.6627392964313
"OC(=O)C1=CC=C(O)C=C1",84.3,59.9762984991015
"CC(C)C1=CC=C(O)C=C1",73.2,45.7386622831709
"COC1=CC=C(C=O)C=C1",25,49.9526447887236
"CC(C)CC(C)O",12,6.76064715832722
"CC(C)=CC(C)=O",34.8,21.5436069401152
"CC1=CC=C(C=C)C=C1",13,51.853319825071
"OC(=O)C1=CC=C(C=C1)[N+]([O-])=O",29.1,64.1243908521687
"OC1=CC=C(C=C1)[N+]([O-])=O",103,65.6217265257873
"O=NC1=CC=C(NC2=CC=CC=C2)C=C1",108.9,53.4257610877024
"CC1=CC=C(C=C1)[N+]([O-])=O",18,58.3020489688338
"CCCCCCCCCC1=CC=C(O)C=C1",89.2,52.8367418319408
"CC(C)CCCCCCC1=CC=C(O)C=C1",104.2,48.3190058327737
"CCCCCCCCC1=CC=C(O)C=C1",102.5,52.9306773963262
"CCCCCC1=CC=C(N)C=C1",89.4,48.4057400605466
"OC1=CC=C(C=C1)C2=CC=CC=C2",100.9,68.2471527825265
"CCCC1CCC(=O)CC1",34.9,17.4066981993881
"CC(C)(C)C1=CC=C(N)C=C1",26.7,39.3170889768445
"CC(C)(C)C1=CC=C(S)C=C1",37.9,53.8620991047933
"CC(C)(C)C1CCC(=O)CC1",7.2,11.9171322021725
"CC(C)(C)C1=CC=C(OC(=O)C2=C(O)C=CC=C2)C=C1",45.7,67.7952596159292
"CC1=CC=C(C=C1)C(C)(C)C",8.8,38.295489621345
"CC1=CC=C(C=C1)S(N)(=O)=O",12.8,44.0277057272808
"C1OC1C2CCC3OC3C2",8.2,5.88467114936608
"CC(CCC(O)=O)(C1=CC=C(O)C=C1)C2=CC=C(O)C=C2",43.3,64.766956517777
"CC(C)(C)C1=CC=C(C=C1)C2=CC=C(C=C2)C(C)(C)C",6.1,54.0027241731802
"NC1=CC=C(CC2=CC=C(N)C=C2)C=C1",75.3,62.7035931621824
"O1CCN(CC1)SSN2CCOCC2",80.8,27.3314510751775
"CN(C)C1=CC=C(CC2=CC=C(C=C2)N(C)C)C=C1",46.2,52.6288412339827
"CC1=C(N)C=CC(CC2=CC(C)=C(N)C=C2)=C1",96.5,67.2180854982671
"NC1=CC=C(OC2=CC=C(N)C=C2)C=C1",90,71.2466527210907
"OC1=CC=C(C=C1)S(=O)(=O)C2=CC=C(O)C=C2",87.7,68.9104127233744
"CC(C1=CC=C(O)C=C1)(C2=CC=C(O)C=C2)C3=CC=C(O)C=C3",100.2,80.0031675074732
"ClC1=C(Cl)C(=O)SS1",106.6,105.505578166964
"CC1=C(O)C(=CC(=C1)[N+]([O-])=O)[N+]([O-])=O",109.9,83.1638348027538
"CCC1(C)NC(=O)NC1=O",10.6,1.73477682199914
"FC1=CNC(=O)NC1=O",14.1,14.8515904907128
"COC1=C(N)C=C(C=C1)[N+]([O-])=O",69,69.845165022689
"CC1(C)NC(=O)N(C1=O)C2=CC(=C(C=C2)[N+]([O-])=O)C(F)(F)F",3,50.122015064855
"CC1(C)NC(=O)NC1=O",9.7,-2.99459220186878
"O=C1NC(=O)C(N1)(C2=CC=CC=C2)C3=CC=CC=C3",24.1,55.1640484983295
"C12CC[C@H](O)[C@@]1(C)CCC3C2CCC4CC(=O)CC[C@]34C",20.9,7.06756449456062
"OC1=CC2=CC=C(SSC3=CC4=CC=C(O)C=C4C=C3)C=C2C=C1",100.1,97.6027793211009
"CC1=CC(=O)NC(=S)N1",16.6,27.2973229065851
"CC1=CC2=CC=CN=C2C=C1",43.1,56.876702605858
"[Na+].CCCCC(CC)CCC(CC(C)C)OS([O-])(=O)=O",103,34.5024985553414
"[K+].CC1=CC(=O)[N-]S(=O)(=O)O1",24,48.06394446205
"CC(=O)NC1=CC=C(O)C=C1",-15.9,49.2887572184777
"[Na+].CC1=C(OCC([O-])=O)C=CC(Cl)=C1",85.1,61.477364959316
"CCC(CC)C(C)CCOC(=O)C",12.3,22.6429074848201
"CCOCN(C(=O)CCl)C1=C(CC)C=CC=C1C",51.4,47.4605804849068
"CC(=O)C1=CC=CC=C1",19.5,40.3169616703004
"C12C[C@@]3(CC(C(C)=O)=C1C)[C@H](C)CCC3C2(C)C",17.7,8.08696147499366
"CSC(=O)C1=CC=CC2=C1SN=N2",72.2,88.2081688150671
"S([O-])(=O)(=O)C=1C=C2C(C(/N=N/C=3C(=CC=CC3)C(F)(F)F)=C(N)C=C2)=C(O)C1.[Na+]",103.1,81.0731772223609
"OC(=O)C1=C(C=CC(OC2=CC=C(C=C2Cl)C(F)(F)F)=C1)[N+]([O-])=O",102.9,80.6357698297451
"NC(=O)C=C",12.4,1.57523211689715
"CCCCCCCCCCCC(=O)OCC(C)OC(=O)CCCCC(=O)O",34.3,34.4207082758669
"CCC1=CC=CC(CC)=C1N(COC)C(=O)CCl",39.7,49.9557566933697
"CSC(C)(C)C=NO",10.1,27.6560032666927
"CNC(=O)ON=CC(C)(C)S(C)(=O)=O",7.8,13.7413862520056
"CNC(=O)ON=CC(C)(C)S(C)=O",-5.7,16.2004469810208
"C12CC(C=C1)C3C2[C@]4(Cl)C(Cl)=C(Cl)[C@@]3(Cl)C4(Cl)Cl",-15,21.6395205211924
"O1C(C1)COCCCCCCCCCCCC",57.7,33.2967322736257
"NC(=O)NC1NC(=O)NC1=O",9.5,1.56439402875518
"S([O-])(=O)(=O)C=1C(=CC(\N=N\C=2C3=C(C=C(S([O-])(=O)=O)C=C3)C=CC2O)=C(OC)C1)C.[Na+].[Na+]",94.8,85.6875916575947
"OCC=C",5,14.0706795603674
"CCCCCC(C=O)=CC1=CC=CC=C1",77.3,48.1051165131898
"CC(=O)/C=C/C1C(C)=CCCC1(C)C",46.2,34.5956189669111
"CC(=O)C(C)=CC1C(C)=CCCC1(C)C",41.3,25.747690614761
"[Na+].CCCCCCCCCCCCOCCOS([O-])(=O)=O",98.4,39.968228252064
"CCCC(=O)OC(C)(C)CC1=CC=CC=C1",29.9,42.4722902788604
"CCNC1=NC(SC)=NC(NC(C)C)=N1",62.1,31.4648591965355
"Cl.CCCCC1=C(C(=O)C2=CC(I)=C(OCCN(CC)CC)C(I)=C2)C3=C(O1)C=CC=C3",48.4,76.8121290725404
"CN(C=NC1=C(C)C=C(C)C=C1)C=NC2=C(C)C=C(C)C=C2",54.1,57.4570411128546
"[NH4+].NC([O-])=O",14.7,9.29832776361201
"[NH4+].[S-]C#N",11.8,12.3363733320371
"[NH4+].[O-]C(=O)C(F)(F)C(F)(F)C(F)(F)C(F)(F)C(F)(F)C(F)(F)C(F)(F)F",104.2,91.4700090945689
"[NH4+].NS([O-])(=O)=O",26.1,30.7784977920859
"S(O)(=O)(=O)C1=C(C=C(C=C1)C)C.N",25,55.5758630447941
"CC(C)(C#N)C1=CC(=CC(CN2C=NC=N2)=C1)C(C)(C)C#N",9.5,42.8260619538195
"OC(CCCCCC)CC=CCCCCCCCC(OCCN(CCOC(=O)CCCCCCCC=CCC(O)CCCCCC)CCOC(=O)CCCCCCCC=CCC(O)CCCCCC)=O",60.8,39.921668319637
"OC1=CC=C(C=C1)C2=CC(=O)C3=C(O2)C=C(O)C=C3O",103,88.0903625583666
"CC(=O)OC1=C(C=CC=C1)C(O)=O",36.6,63.9142793367143
"COC(=O)NS(=O)(=O)C1=CC=C(N)C=C1",5.4,43.362446994552
"CC(C)NCC(O)COC1=CC=C(CC(N)=O)C=C1",15.4,38.5684119142112
"[Ca].[Ca+2].FC1=CC=C(C=2N(C(C(C)C)=C(C2C3=CC=CC=C3)C(=O)NC4=CC=CC=C4)CC[C@@H](O)C[C@@H](O)CC([O-])=O)C=C1.FC1=CC=C(C=2N(C(C(C)C)=C(C2C3=CC=CC=C3)C(=O)NC4=CC=CC=C4)CC[C@@H](O)C[C@@H](O)CC([O-])=O)C=C1",63,62.8416628823057
"CCNC1=NC(NC(C)C)=NC(Cl)=N1",6.9,21.6919111744647
"[Na+].[O-]C(=O)C1=CC=C2N(CC3=NOC(=C3)C4=CC=C(Cl)S4)C(=NC2=C1)C(=O)NC5CCN(CC5)C6CC6",46.2,59.2614220541343
"COP(=O)(OC)SCN1C(=O)OC2=CC(Cl)=CN=C12",34.3,56.8077814626211
"CN1C=NC(=C1SC2=NC=NC3=C2NC=N3)[N+]([O-])=O",86.8,74.2996542388304
"[Cl-].CCNC1=CC=C(C(C2=CC=C(C=C2)N(CC)CC)=C3C=CC(C=C3)=[N+](CC)CC)C4=C1C=CC=C4",110.3,67.308387591416
"CNC(=O)OC1=CC=CC2=C1OC(C)(C)O2",24.2,63.0529662375578
"CCCCN(CC)C1=C(C=C(C=C1[N+]([O-])=O)C(F)(F)F)[N+]([O-])=O",37.5,62.2092202009608
"IC1=C(C=CC=C1)C(=O)NC2=CC=CC=C2",73.6,67.2442797314722
"CCCCNC(=O)N1C(NC(=O)OC)=NC2=C1C=CC=C2",40.4,42.7423089656873
"CC(C)OP(=S)(OC(C)C)SCCNS(=O)(=O)C1=CC=CC=C1",21.5,45.4876066969417
"ClC(Cl)C1=CC=CC=C1",12.4,38.2586757128416
"CCOC(=O)C1=CC=C(N)C=C1",37.3,51.8504309803504
"OC(=O)C1=CC=CC=C1",-17.1,47.6322852362383
"OC(C(=O)C1=CC=CC=C1)C2=CC=CC=C2",57.4,58.505461032508
"O=C(C1=CC=CC=C1)C2=CC=CC=C2",87,61.0335019500346
"ClC(Cl)(Cl)C1=CC=CC=C1",62.4,43.1414921971584
"OC1=CC=C(C=C1)C(=O)OCC2=CC=CC=C2",103.2,63.5033176664352
"CC(=O)OCC1=CC=CC=C1",11.8,40.1265573352439
"OCC1=CC=CC=C1",43.3,41.1785615046536
"O=C(OCC1=CC=CC=C1)C2=CC=CC=C2",88.2,56.6044382851004
"CCCCOC(=O)C1=C(C=CC=C1)C(=O)OCC2=CC=CC=C2",71.1,61.9755889845445
"O=C(OCC1=CC=CC=C1)C=CC2=CC=CC=C2",75.4,53.0702637052564
"[Cl-].[N+](CCCCCCCCCC)(CC1=CC=CC=C1)(C)C",-8.5,43.5579439845239
"CCCCC(CC)COC(=O)CCCCC(=O)OCC1=CC=CC=C1",13.5,39.6553856302882
"FC1=CC=C(CC2CCN(CCS(=O)C3=CC=C4NC(=O)OC4=C3)CC2)C=C1",-16.3,45.7947459996695
"CC1=C(C=CC=C1COC(=O)[C@@H]2[C@H](/C=C(\Cl)/C(F)(F)F)C2(C)C)C3=CC=CC=C3",54.8,51.3744528089606
"CC(C)OP(C)(=O)OC(C)C",10.9,9.6663525851059
"CCCCC(CC)COC(=O)/C=C\C(=O)OCC(CC)CCCC",14.7,35.5087852979998
"CCCCC(CC)COC(=O)C1=C(Br)C(Br)=C(Br)C(Br)=C1C(=O)OCC(CC)CCCC",32.4,68.4870362374412
"CCCCC(CC)COC(=O)CCCCC(=O)OCC(CC)CCCC",-0.4,32.795833716154
"CC(C)(C1=CC=C(O)C=C1)C2=CC=C(O)C=C2",96,66.0890064535159
"CC(C)(C1=CC=C(OCC2CO2)C=C1)C3=CC=C(OCC4CO4)C=C3",31.9,52.4844777249827
"OC1=CC=C(C=C1)C(C2=CC=C(O)C=C2)(C(F)(F)F)C(F)(F)F",100.7,74.9275897975642
"CCC(C)(C1=CC=C(O)C=C1)C2=CC=C(O)C=C2",95.2,68.2779394259613
"OB(O)O",-4.8,-5.45868708724051
"ClC1=CC=C(C=C1)C2=C(NC(=O)C3=C(Cl)N=CC=C3)C=CC=C2",29.3,72.6876723241217
"CCC(C)N1C(=O)NC(C)=C(Br)C1=O",22.6,26.0749403005707
"OC1=C(Br)C=C(C=C1Br)C#N",101.8,86.3144556539416
"CS(=O)(=O)OCCCCOS(C)(=O)=O",11.4,30.0062785448156
"CCCCOCN(C(=O)CCl)C1=C(CC)C=CC=C1CC",39.2,47.7849292982548
"CN1C(=O)N(C(=O)C=C1C(F)(F)F)C2=CC(C(=O)OC(C)(C)C(=O)OCC=C)=C(Cl)C=C2",40.9,52.2535308816887
"CC(C)N(CC1=CC=CC=C1)C(=O)C(C)(C)C",10.1,25.9334054975859
"CCCCOC(=O)C=C",4.5,22.5321735398732
"CCCCOC(=O)C1=CC=CC=C1",17.1,46.0293547434061
"CCCCOCC1CO1",5.5,16.8846242570337
"CCSC(=O)N(CC(C)C)CC(C)C",13.3,24.6389909371194
"CCCCC1=CC=CC=C1",16,42.4350980432285
"CCCCC1=CC2=C(C=CC=C2S(=O)(=O)[O-])C=C1.[Na+]",101.1,66.9141269863388
"CCCCOC(=O)C1=CC=C(O)C=C1",100.1,55.0436639313143
"CCCC=NO",7.1,14.0080259636629
"[Na+].[Na+].OC1=C(N=NC2=CC=CC=C2)C3=C(C=C(C=C3C=C1)S([O-])(=O)=O)S([O-])(=O)=O",108.8,77.9531287021305
"[Na+].CC1=NN(C(=O)C1N=NC2=CC=CC=C2)C3=CC=C(C=C3)S([O-])(=O)=O",108.3,55.6012787551221
"[Na+].[Na+].CC1=NN(C(=O)C1N=NC2=CC=C(C=C2)S([O-])(=O)=O)C3=CC(Cl)=C(C=C3Cl)S([O-])(=O)=O",102.2,67.0291996655217
"C1=CC=C2C(=C1)C(=O)C(C2=O)C3=NC4=C(C=C(C=C4C=C3)S(=O)(=O)[O-])S(=O)(=O)[O-].[Na+].[Na+]",97.3,78.5118894416337
"[Na+].CC1=NN(C(=O)C1/N=N/C2=CC=CC=C2)C3=CC(=CC=C3Cl)S([O-])(=O)=O",109.6,64.0162527124326
"CC1=C(N)C=C(C=C1)[N+]([O-])=O",80.8,64.1861062850692
"S([O-])(=O)(=O)C=1C=C2C(=C(O)C1/N=N/C3=CC=C(/N=N/C4=CC=C(S([O-])(=O)=O)C=C4)C=C3)C=CC(NC(=O)C5=CC=CC=C5)=C2.[Na+].[Na+]",103.4,81.8232227822391
"COC1=CC(=CC=C1N)C2=CC(OC)=C(N)C=C2",102.9,80.3816477162566
"Cl.Cl.COC1=CC(=CC=C1N)C2=CC=C(N)C(OC)=C2",110.4,74.7715134556166
"CCCCCCCCCCCCCCCS(=O)(=O)OC1=CC=CC=C1",6.5,51.6500542811518
"[Ca+2].[O-]C(=O)C(CCCCCC)(C)C.[O-]C(=O)C(CCCCCC)(C)C",53.3,28.423421258411
"CC1(C)C2CCC(C2)C1=C",6.9,15.4336544318385
"COCCOC[C@H](CC1(CCCC1)C(=O)N[C@H]2CC[C@H](CC2)C(O)=O)C(=O)OC3=CC4=C(CCC4)C=C3",4.8,29.5970171597525
"O=C1CCCCCN1",-0.2,-0.400510238377869
"O=C1N(SC(Cl)(Cl)Cl)C(=O)C2CC=CCC12",89.1,34.1405029124204
"NC(=O)N1C2=CC=CC=C2C=CC3=C1C=CC=C3",56.6,70.8779237300283
"COC(=O)NC1=NC2=CC=CC=C2N1",-20.8,40.7390096204752
"CCCCN(CCCC)SN(C)C(=O)OC1=C2OC(C)(C)CC2=CC=C1",67.5,53.7972750475398
"CC1=C(SCCO1)C(=O)NC2=CC=CC=C2",36.7,57.1598017344647
"CS(O)(=O)=O.CC(C)C1=CC=C(C=C1S(C)(=O)=O)C(=O)N=C(N)N",11.8,44.657784957504
"CC1=CC=C(C=C1)C2=CC(=NN2C3=CC=C(C=C3)S(N)(=O)=O)C(F)(F)F",56.9,64.3680335228857
"CC(=O)C1=CC(=CC2=C1CCC2(C)C)C(C)(C)C",6.2,43.7725598890119
"NC1=C(Cl)C(=CC(Cl)=C1)C(O)=O",93.9,74.0604268425199
"CC1=CC=C(S(=O)(=O)[N-]Cl)C=C1.O.O.O.[Na+]",88.9,49.2370827625151
"ClC1CC2C(C1Cl)C3(Cl)C(Cl)=C(Cl)C2(Cl)C3(Cl)Cl",62.6,29.0980834978005
"OC(=O)C1C(C(O)=O)C2(Cl)C(Cl)=C(Cl)C1(Cl)C2(Cl)Cl",69.6,49.3661546388814
"CCOP(=S)(OCC)OC(Cl)C(Cl)(Cl)Cl",89.6,43.5546464699644
"NC1=C(Cl)C(=O)N(N=C1)C2=CC=CC=C2",63.9,56.1019411314963
"ClC1=CC=C(C=C1)C(C(=O)C2C(=O)C3=C(C=CC=C3)C2=O)C4=CC=CC=C4",90.4,73.0897968850017
"ClC=1C=C(C=CC1)C.C=1C=C(C=CC1Cl)C",11.3,46.374221242886
"CC(C)OC(=O)NC1=CC=CC(Cl)=C1",74.2,42.19698293961
"CCOP(=S)(OCC)OC1=NC(Cl)=C(Cl)C=C1Cl",102.8,71.7218031652082
"CCOP(=O)(OCC)OC1=NC(Cl)=C(Cl)C=C1Cl",99.4,60.4896031247793
"COP(=S)(OC)OC1=NC(Cl)=C(Cl)C=C1Cl",99.6,74.8423065527376
"COC(=O)C1=C(Cl)C(Cl)=C(C(=O)OC)C(Cl)=C1Cl",99.7,82.3789569047148
"OC1=CC2=C(C(O)=C1)C(=O)C=C(O2)C3=CC=CC=C3",94.7,83.3948549059252
"NC1=CC2=C3N(CCC3=C1)C(=O)[C@H](NC(=O)C4=CC=CN=C4)N=C2C5=CC=CC=C5",40.1,57.23869934221
"CC(C)[C@]12CC[C@](C)(O1)[C@@H](C2)OCC3=C(C)C=CC=C3",45.9,16.4241913942712
"OC(=O)CC(O)(CC(O)=O)C(O)=O",-10.7,33.5361122035616
"CCOC(=O)CC(CC(=O)OCC)(OC(C)=O)C(=O)OCC",12.1,31.7032134881867
"CC(CCO)CCC=C(C)C",92.9,30.5089047232785
"NC(=O)N(O)[C@H]1C[C@@H](OC2=CC=CC(OC3=CC=C(F)C=C3)=C2)C=C1",93,52.5957824409152
"NC1=NC(Cl)=NC2=C1N=CN2[C@H]3C[C@H](O)[C@@H](CO)O3",6.3,25.0971603976973
"C[C@@H](OC1=CC=C(OC2=NC=C(Cl)C=C2F)C=C1)C(=O)OCC#C",57.3,68.289671940667
"CCOC(=O)C(C)(C)OC1=CC=C(Cl)C=C1",42.1,46.4682776313977
"OC(=O)C1=C(Cl)C=CC(Cl)=N1",30.8,60.9584575931581
"OC1=C(CC2=CC=CC=C2)C=C(Cl)C=C1",105,69.7492492547498
"COC(=O)C(CC1=CN=CN1)N.Cl",85.7,19.3021630369869
"COC1=CC2=C(C(OC)=C1OC)C3=CC=C(OC)C(=O)C=C3[C@H](CC2)NC(C)=O",41.7,67.0185365263408
"[Co].[Co].[Co].[Co].[Co].[Co].[Co].[Co].[Co].[Co].[Co].[Co].[Co].[Co].[Co].[Co].[Co].[Co]",32.2,27.3021886745666
"C[C@]12C[C@H](O)[C@H]3[C@@H](CCC4=CC(=O)CC[C@]34C)[C@@H]1CC[C@@H]2C(=O)CO",12.6,3.03590723571099
"CN1[C@@H](CCC1=O)C2=CN=CC=C2",4.8,19.1530343556581
"O[C@@H]1[C@H](CC2=CC=CC(=C2)C(O)=O)COC3=C1C=C(OCC4=NC5=C(S4)C=CC(F)=C5)C=C3",64.6,73.4916043508897
"CC(CC1=CC=C(OCC(O)=O)C=C1)NCC(O)C2=CSC(=N2)C(F)(F)F",22.3,57.5383519228325
"FC1=CC=C(C2(O)CCN([C@H]3[C@@H](O)C4=C(OC3)C=C(O)C=C4)CC2)C=C1",59.6,39.4531672857463
"CCC1=NN(C2CCCCC2)C3=C1C=CC(=C3)[C@]4(CC[C@@H](CC4)C(O)=O)C#N",62.7,32.460942041036
"CS(O)(=O)=O.CCOC1=CC=CC(=C1)[C@]2(CC[C@H](C)CC2)N3CCN(CC3)C4=CC=CC=C4",15.5,28.0883513540389
"CC(C)(O)C1=CC=C(CNC(=O)C2=CC=CN=C2OC3=CC=C(F)C=C3)C=C1",10.5,64.9607715375023
"[Na+].CC(C)C1=CC=CC(C(C)C)=C1NC(=O)[N-]S(=O)(=O)C2=CC(=CO2)C(C)(C)O",37.3,57.0237996923757
"ONC(=O)C1(CCCC1)N(CCC(O)=O)S(=O)(=O)C2=CC=C(OC3=CC=C(F)C=C3)C=C2",30,45.8658988355919
"CC[C@@H]1C[C@H](N(CC2=CC(=CC(=C2)C(F)(F)F)C(F)(F)F)C(C)=O)C3=C(C=CC(=C3)C(F)(F)F)N1C(=O)OC(C)C",41.7,39.6750179106622
"ONC(=O)C1(CCOCC1)NS(=O)(=O)C2=CC=C(OC3=CC=C(F)C=C3)C=C2",48.4,46.3264809516868
"CNCC1=C(OC2=CC=C(Cl)C(Cl)=C2)C=CC(F)=C1",35.5,76.1689970096705
"CC(C)(O)C1=CC=C(CNC(=O)C2=CC=CN=C2OC3=CC4=NON=C4C=C3)C=C1",5.1,67.2672089796902
"CC1=CC(NC(=O)C(O)=O)=CC(C)=C1OC2=CC=C(O)C3=C2CCC3",105.4,73.0066458306389
"C[C@@H](O)C1=NC(=CC=N1)N2[C@@H](C)CN(C[C@H]2C)C3=NC(C)=NC(C)=N3",0.4,20.2373417743942
"C[C@@H](OC1=CC=C(CNC(=O)C2=CC=CN=C2OC3=CC=C4OCOC4=C3)C(F)=C1)C(O)=O",11.1,74.4928678715017
"OC(CCCCCC)C/C=C/CCCCCCCOC(OCCOC(COCCOC(OCCCCCCC\C=C\CC(O)CCCCCC)=O)COCCOC(OCCCCCCC\C=C\CC(O)CCCCCC)=O)=O",-22,41.7725316109969
"CCNC1=NC(NC(C)(C)C#N)=NC(Cl)=N1",30.7,23.1641055889379
"CSC1=NC(NC(C)(C)C)=NC(NC2CC2)=N1",86,31.3858588062755
"OC(=O)C1(CC1)C(=O)NC2=CC=C(Cl)C=C2Cl",96.4,51.9301770905572
"O=C(C1CCC1)C2=CC=CC=C2",30.8,38.2538326335535
"OC1CCCCCCCCCCC1",44.9,15.8815062774338
"O=C1CCCCC1",1,13.3469747534493
"ON=C1CCCCC1",11.1,16.1190126133391
"[C@H]1(C[C@@H](C)C[C@H](C)C1=O)[C@H](O)CC2CC(=O)NC(=O)C2",10.8,5.01573246236637
"NC1CCCCC1",11.8,9.8386773118184
"O=C(C1CCCCC1)C2=CC=CC=C2",45.5,34.4392200628164
"C12NC[C@@H](C)C[C@H]1O[C@]3(CCC4C(C[C@H]5C4CC=C6C[C@@H](O)CC[C@]56C)=C3C)[C@@H]2C",-3.7,3.69026664816142
"O.ClCCN(CCCl)P1(=O)NCCCO1",63.3,5.15033163247332
"CC1(C)C(C=C(Cl)Cl)C1C(=O)OC(C#N)C2=CC=C(F)C(OC3=CC=CC=C3)=C2",48.1,61.8981696955207
"CCCCOC(=O)[C@@H](C)OC1=CC=C(OC2=C(F)C=C(C=C2)C#N)C=C1",51.1,65.4462877075667
"CC1=NC(NC2=CC=CC=C2)=NC(=C1)C3CC3",91,47.0349356763494
"NC1=NC(NC2CC2)=NC(N)=N1",24.2,20.4515405349531
"Cl.O1C(N2C=CC(=NC2=O)N)C(O)[C@H](O)C1CO",8.7,15.3602021105083
"NC1=CC=C(C=C1)S(=O)(=O)C2=CC=C(N)C=C2",25,61.9526575494645
"ClC1=CC=C(C=C1)C(C2=CC=C(Cl)C=C2)C(Cl)(Cl)Cl",14.9,69.5466299285557
"CCCCCCCCCC=O",94.7,33.8949379899931
"OC(=O)CCCCCCCCC(O)=O",39.5,33.4695862209456
"CCCCCCCCCC(O)=O",93.7,34.4474590654546
"CCN(CC)C(=O)C1=CC=CC(C)=C1",51.8,42.462440378991
"CC(=O)C1C(=O)C=C(C)OC1=O",41,39.4847302993658
"C12CCC(=O)[C@@]1(C)CCC3C2CC=C4C[C@@H](O)CC[C@]34C",37.5,7.67703856417126
"CCNC1=NC(N)=NC(Cl)=N1",20.2,24.2617222498919
"[O-]C(=O)C1=CC=CC=C1.CC[N+](CC)(CC(=O)NC1=C(C)C=CC=C1C)CC2=CC=CC=C2",12.7,51.1031069702488
"O=C1[N-]S(=O)(=O)C2=C1C=CC=C2.CC[N+](CC)(CC(=O)NC1=C(C)C=CC=C1C)CC2=CC=CC=C2",21.5,58.717357027366
"P(OCC(=O)[C@]1(O)[C@@]2(C(C3[C@](F)([C@@H](O)C2)[C@@]4(C(CC3)=CC(=O)C=C4)C)C[C@H]1C)C)([O-])([O-])=O.[Na+].[Na+]",7.1,14.6562315464056
"CCCCCCCCOC(=O)C1=C(C=CC=C1)C(=O)OCCCCCCCC",15.1,52.2393818844574
"CC(C)(C)OOC(C)(C)C",6.8,5.60102421182491
"CCCCC(CC)COC(=O)C1=C(C=CC=C1)C(=O)OCC(CC)CCCC",5.6,49.0410983756719
"CC(=O)CC(C)(C)O",-17,20.9320181749369
"C=CCOC(=O)C1=C(C=CC=C1)C(=O)OCC=C",65.2,62.398385952044
"S=P(OC1=NC(=NC(=C1)C)C(C)C)(OCC)OCC",39.1,50.4917707876331
"OCNC(=O)N(CO)C1N(CO)C(=O)N(CO)C1=O",9.7,16.5099120115006
"S1C2=C(C=CC=C2)C3=C1C=CC=C3",15.7,88.9125352011943
"CCCCOC(=O)C1=CC=CC=C1C(=O)OCCCC",70.8,54.8714857243567
"CCCCOC(=O)CCCCC(=O)OCCCC",9.9,29.1446570981152
"CCCCOC(=O)CCCCCCCC(=O)OCCCC",29.2,32.4235324859915
"CCCCOC(=O)CCCCCCCCC(=O)OCCCC",-0.5,33.343632263096
"COC1=C(Cl)C=CC(Cl)=C1C(O)=O",62.8,79.7266956642003
"ClC(Cl)C(=O)N(CC=C)CC=C",17.2,26.6144708689528
"OC1=CC=C(Cl)C=C1CC2=CC(Cl)=CC=C2O",105.5,81.0419225904552
"CC(OC1=C(Cl)C=C(Cl)C=C1)C(O)=O",81.7,61.385193099145
"COP(=O)(OC)OC=C(Cl)Cl",13.9,30.0518396280178
"OC(C1=CC=C(Cl)C=C1)(C2=CC=C(Cl)C=C2)C(Cl)(Cl)Cl",64.6,75.4680180728031
"CC(C)(OOC(C)(C)C1=CC=CC=C1)C2=CC=CC=C2",80.7,43.4257536429255
"C1CCC(CC1)SSC2CCCCC2",22.7,45.0174379244924
"O=C(OC1CCCCC1)C2=C(C=CC=C2)C(=O)OC3CCCCC3",37.8,42.0324094086277
"[Na+].[O-]S(=O)(=O)C(CC(=O)OC1CCCCC1)C(=O)OC2CCCCC2",74,33.6682440466011
"C1C=CC2C3CC(C=C3)C12",13.6,21.9595415346144
"OC[C@@H]1CC[C@@H](O1)N2C=NC3=C2N=CNC3=O",1.7,17.6774535853561
"ClC1=C(Cl)[C@]2(Cl)[C@@H]3[C@@H]4C[C@@H]([C@H]5O[C@@H]45)[C@@H]3[C@@]1(Cl)C2(Cl)Cl",25.9,3.88324847345927
"OCCNCCO",14.6,7.08820628511187
"CCOC(=O)CCC(=O)OCC",6.4,19.5571555215571
"[P+](OCC)(OCC)=O",6.4,31.799132536419
"CCOC(=O)C1=CC=CC=C1C(=O)OCC",44.1,57.9434626437929
"CCOS(=O)(=O)OCC",-4,17.3163370609648
"OCCOCCO",0.4,15.4485644570508
"C1=CC=C(C=C1)C(=O)OCCOCCOC(=O)C2=CC=CC=C2",29.2,51.0532191805517
"COCCOCCO",10.3,14.1971108008516
"CC/C(=C(/CC)\C1=CC=C(O)C=C1)/C2=CC=C(O)C=C2",103.2,85.632959470758
"COS([O-])(=O)=O.CN1C(=CC(C2=CC=CC=C2)=[N+]1C)C3=CC=CC=C3",91,62.8645833830757
"FC1=CC=CC(F)=C1C(=O)NC(=O)NC2=CC=C(Cl)C=C2",-8,65.466634271746
"COC1=CC=C(C=C1)N2N=C(C=C2C3=CC=C(C=C3)S(C)=O)C(F)F",33.1,69.9923342756531
"C[C@H]1O[C@H](C[C@H](O)[C@@H]1O)O[C@H]2[C@@H](O)C[C@H](O[C@H]3[C@@H](O)C[C@H](O[C@H]4CC[C@@]5(C)[C@H](CC[C@@H]6[C@@H]5C[C@@H](O)[C@]7(C)[C@H](CC[C@]67O)C8=CC(=O)OC8)C4)O[C@@H]3C)O[C@@H]2C",13.1,0.111119250997113
"CCCCCCOC(=O)CCCCC(=O)OCCCCCC",1,33.2791460760237
"CCCCCCOC(=O)C1=C(C=CC=C1)C(=O)OCCCCCC",17.7,53.0354051247514
"OC(CCCC(C=C)=C)(C)C",28.9,33.13645606318
"CC(C)COC(=O)CCCCC(=O)OCC(C)C",63.2,22.6097951136333
"CC(C)CCCCCCCOC(=O)CCCCC(=O)OCCCCCCCC(C)C",4.6,33.7083128258548
"CC(C)CCCCCCCOP(OCCCCCCCC(C)C)OC1=CC=CC=C1",101.9,45.039525230835
"CC(C)CCCCCCOC(=O)CCCCC(=O)OCCCCCCC(C)C",-3.7,32.3400003709227
"CC(C)CCCCCCOC(=O)C1CCCCC1C(=O)OCCCCCCC(C)C",-35.9,28.7100827852386
"CC(C)CCCCCOC(=O)CCCCC(=O)OCCCCCC(C)C",21,30.7351618409832
"CC(O)CNCC(C)O",11.5,1.77668147191368
"CC(C)OC(=O)C1=CC=CC=C1C(=O)OC(C)C",56.5,50.6826663465695
"CNC(=O)CSP(=S)(OC)OC",39.7,48.5403408708001
"CC1CC(OC(C)=O)OC(C)O1",-24.1,0.733535170007315
"CO[Si](C)(C)OC",3.5,1.49102918190555
"COC(=O)CCCC(=O)OC",8.1,13.5998547293139
"COC(=O)C1=CC(=CC=C1)C(=O)OC",40.7,53.0174816036836
"COP(C)(=O)OC",13,3.06284937572493
"COC(=O)C1=C(C=CC=C1)C(=O)OC",38.2,57.5202206498735
"COC(=O)CCC(=O)OC",5,10.425071239732
"COS(=O)(=O)OC",11.9,6.74796773236937
"COC(=O)C1=CC=C(C=C1)C(=O)OC",39.6,53.1332081546087
"NC=1C(=C(C=CC1)C)C.NC1=C(C=CC=C1C)C.NC1=CC(=C(C=C1)C)C.NC1=C(C=C(C=C1)C)C.NC1=C(C=CC(=C1)C)C.NC1=CC(=CC(=C1)C)C",33.9,50.2975457312802
"C[As](C)(O)=O",-1.8,3.23635500792505
"CN(C)C(Cl)=O",-3.9,-8.27239997653331
"C[Sn](C)(Cl)Cl",-1.7,-5.02331785002184
"CC(C)(C)C(O)/C(=C\C1=C(Cl)C=C(Cl)C=C1)/N2C=NC=N2",82.7,64.8736557023079
"O(C=1C(N(=O)=O)=CC=CC1)C(=O)/C=C/C.ON=O.C(CCCC)CCC",111.1,47.8440150295832
"CCC(C)C1=CC(=CC(=C1O)[N+]([O-])=O)[N+]([O-])=O",109,75.3609558691779
"CNC(NCC1CCOC1)=N[N+]([O-])=O",7.4,11.1162770902583
"CC(C)CCCCCCOC(=O)C1=CC=CC=C1C(=O)OCCCCCCC(C)C",13.4,47.1292621423199
"CCCCCOC(=O)C1=C(C=CC=C1)C(=O)OCCCCC",49.6,53.7071347821799
"O=C(OC1=CC=CC=C1)C2=CC(=CC=C2)C(=O)OC3=CC=CC=C3",79,73.7180145489354
"O(C1=CC=CC=C1)C2=CC=CC=C2",57.9,64.2315864543768
"OP(=O)(OC1=CC=CC=C1)OC2=CC=CC=C2",45.8,67.6522279058958
"N(C1=CC=CC=C1)C2=CC=CC=C2",83.8,51.8922142594231
"CCCOC(=O)C1=CC=C(N=C1)C(=O)OCCC",33.2,50.3678970822744
"O(C(CO)C)C(CO)C.O(CC(O)C)CC(O)C",4.1,9.42957228738929
"COCCOCCO",-5.3,48.2172779323164
"O(CC(OC(=O)C1=CC=CC=C1)C)CC(OC(=O)C2=CC=CC=C2)C",34.7,65.8647634357263
"CSC(=O)C1=C(N=C(C(C(=O)SC)=C1CC(C)C)C(F)(F)F)C(F)F",44.8,45.1459997152938
"CN(C)C(=O)NC1=CC(Cl)=C(Cl)C=C1",34.4,64.0019965589626
"C=1(C(=CC=CC1)C=C)C=C",23.8,44.5395995536018
"CC(C)CCC[C@@H](C)CCC[C@@H](C)CCC[C@]1(C)CCC2=C(O1)C(C)=C(C)C(OC(C)=O)=C2C",-3.7,39.3846430579649
"[Na+].CCCCC(CC)COC(=O)CC(C(=O)OCC(CC)CCCC)S([O-])(=O)=O",104.7,46.8923276708313
"CCCCCCCCCCCCC1=CC=CC=C1",-13.6,41.0182683460273
"CCCCCCCCCCCCC1=CC(=CC=C1)S(=O)(=O)O.C(CO)N(CCO)CCO",101.8,52.9585981570915
"S(O)(=O)(=O)C=1C(CCCCCCCCCCCC)=CC=CC1",105.3,52.6574694446095
"OC1=CC=C(C=C1)CCCCCCCCCCCC",99.8,12.5983594013284
"[Cl-].[Cl-].[Cl-].[Dy+3]",6.3,55.0608504798832
"OC(=O)/C=C/C1=CC=CC=C1",53.5,30.0511813825515
"ClC1=C(Cl)C2(Cl)C3COS(=O)OCC3C1(Cl)C2(Cl)Cl",16.4,14.2621480771515
"ClC1=C(Cl)[C@]2(Cl)[C@@H]3COS(=O)OC[C@@H]3[C@@]1(Cl)C2(Cl)Cl",18.9,14.7352078811835
"OC(=O)C1C2CCC(O2)C1C(O)=O",-3.4,79.5354414598936
"CCOP(=S)(OC1=CC=C(C=C1)[N+]([O-])=O)C2=CC=CC=C2",78.6,46.5665185803734
"FC1=CC=C(C=C1)[C@@]2(CN3C=NC=N3)O[C@@H]2C4=C(Cl)C=CC=C4",62.2,-1.96059135690546
"CC[C@H]1OC(=O)[C@H](C)[C@@H](O[C@H]2C[C@@](C)(OC)[C@@H](O)[C@H](C)O2)[C@H](C)[C@@H](O[C@@H]3O[C@H](C)C[C@@H]([C@H]3O)N(C)C)[C@](C)(O)C[C@@H](C)C(=O)[C@H](C)[C@@H](O)[C@]1(C)O",13.4,63.6129144431348
"CC(C)[C@H](C(=O)O[C@H](C#N)C1=CC=CC(OC2=CC=CC=C2)=C1)C3=CC=C(Cl)C=C3",47.1,57.6551883062298
"COC1=CC=C(CC=C)C=C1",21.6,17.3468044225455
"C[C@]12CC[C@H]3[C@@H](CCC4=C3C=CC(O)=C4)[C@@H]1C[C@@H](O)[C@@H]2O",29.7,23.9105712556989
"C12CCC(=O)[C@@]1(C)CCC3C4=C(CCC23)C=C(O)C=C4",15.3,57.1687110103102
"CCOC1OC2=C(C=C(OS(C)(=O)=O)C=C2)C1(C)C",82.6,59.6719769680788
"CCOC(=O)CC1=CC=CC2=C1C=CC=C2",84,38.3784116019118
"CCOC(=O)C1OC1C2=CC=CC=C2",40.1,49.7122780373039
"CCC(=O)C1=CC=C(Cl)C=C1",15.6,13.9167638380898
"CCN(CCO)CCO",4.5,23.1830547482902
"CCCCCC(=O)OCC",1.8,41.7072477660049
"CCCCCCCC/C=C\CCCCCCCC(=O)OCC",17.7,9.2439098892527
"CCOC(OCC)OCC",12,9.12642510126823
"CCOC(=O)CC",10.6,35.5330069816682
"CCOC(=O)CCCCCCCCC=C",26.8,6.1651033997465
"OCCO",4.9,12.5929250492233
"CCOCCOC(C)=O",12.3,48.0094413000722
"O=C(OCCOCCOCCOC(=O)C1=CC=CC=C1)C2=CC=CC=C2",26,56.6777123771764
"CCOC(=O)C1=CC=C(O)C=C1",81.3,64.2204159632087
"CCOC1=CC=C(C=C1)C(C)(C)COCC2=CC(OC3=CC=CC=C3)=CC=C2",51.7,64.931758439161
"CCOC1=C(C=CC(=C1)C(C)(C)C)C2COC(=N2)C3=C(F)C=CC=C3F",40.1,72.4769944114056
"COC1=C(O)C=CC(CC=C)=C1",91.2,78.6512537840695
"[K+].CCC1=CC(=CC2=C1OCO2)C3=C(N(C4=CC=CC=C4C(F)(F)F)S(=O)(=O)C5=C3C=CC=C5)C([O-])=O",81.3,41.3967398757021
"CC(C)=CCCC(C)=CCCC(C)=CCO",90,76.6334886883311
"[Na+].[Na+].CCN(CC1=CC(=CC=C1)S([O-])(=O)=O)C2=CC=C(C=C2)C(=C3C=CC(C=C3)=[N+](CC)CC4=CC(=CC=C4)S([O-])(=O)=O)C5=C(C=C(O)C=C5)S([O-])(=O)=O",56.9,81.5414849752362
"S([O-])(=O)(=O)C1=CC2=C(C(/N=N/C3=CC=C(S([O-])(=O)=O)C=C3)=C(O)C=C2)C=C1.[Na+].[Na+]",97.9,48.0740532317103
"CSC1=N[C@](C)(C(=O)N1NC2=CC=CC=C2)C3=CC=CC=C3",35.3,11.8940608079236
"CC1(C)C2CCC(C)(C2)C1O",3.6,75.6447230841299
"COP(=S)(OC)OC1=CC=C(C(C)=C1)[N+]([O-])=O",98.4,59.0147046554256
"CC(C)OC(=O)C(C)(C)OC1=CC=C(C=C1)C(=O)C2=CC=C(Cl)C=C2",24.8,56.6285735877192
"CCOC(=O)NCCOC1=CC=C(OC2=CC=CC=C2)C=C1",83.7,78.6891433553261
"COP(=S)(OC)OC1=CC(C)=C(SC)C=C1",94,27.5365174999653
"CN(C)C(=O)NC1=CC=CC=C1",6.9,71.1717548839692
"NC1=C(C(=NN1C2=C(Cl)C=C(C=C2Cl)C(F)(F)F)C#N)S(=O)C(F)(F)F",57.4,70.9193035330594
"O=C1C=C(OC2=CC=CC=C12)C3=CC=CC=C3",95.1,74.9445773416899
"[O-][N+](=O)C1=CC(=C(Cl)C(=C1NC2=C(Cl)C=C(C=N2)C(F)(F)F)[N+]([O-])=O)C(F)(F)F",108.7,49.6348849906242
"OC(CN1C=NC=N1)(CN2C=NC=N2)C3=C(F)C=C(F)C=C3",8.8,62.7389590946747
"CC(C)N(C(=O)COC1=NN=C(S1)C(F)(F)F)C2=CC=C(F)C=C2",66.8,76.5433965339355
"FC1=CC=CC(F)=C1C(=O)NC(=O)NC2=C(F)C=C(OC3=C(Cl)C=C(C=C3)C(F)(F)F)C=C2",20,62.4172454500537
"CCOC(=O)COC1=CC(N2N=CC(=C(C)C2=O)C(F)(F)F)=C(F)C=C1Cl",24.7,73.1837554114383
"CCN(CC1=C(Cl)C=CC=C1F)C2=C(C=C(C=C2[N+]([O-])=O)C(F)(F)F)[N+]([O-])=O",61.1,56.8313339665131
"FC1=CC2=C(C=C1N3C(=O)C4=C(CCCC4)C3=O)N(CC#C)C(=O)CO2",85.2,35.4185225683671
"CN(C)C(=O)NC1=CC=CC(=C1)C(F)(F)F",54.8,88.1970857983796
"OCCC(F)(F)C(F)(F)C(F)(F)C(F)(F)C(F)(F)C(F)(F)C(F)(F)C(F)(F)F",45.8,82.8592836512197
"CO/N=C(/C1=NOCCO1)\C2=C(OC3=NC=NC(OC4=CC=CC=C4Cl)=C3F)C=CC=C2",88.2,71.2982298616937
"NC1=C(Cl)C(F)=NC(OCC(O)=O)=C1Cl",84.5,57.2088869458026
"CCCCCCC(C)OC(=O)COC1=NC(F)=C(Cl)C(N)=C1Cl",84.2,57.0277633797763
"C[Si](CN1C=NC=N1)(C2=CC=C(F)C=C2)C3=CC=C(F)C=C3",52.2,50.9815830481243
"CC(C)C(=O)NC1=CC(=C(C=C1)[N+]([O-])=O)C(F)(F)F",30.4,59.0137796127936
"CC(C)OC1=CC(NC(=O)C2=C(C=CC=C2)C(F)(F)F)=CC=C1",75.6,74.9868493844228
"CS(=O)(=O)NC(=O)C1=CC(OC2=CC=C(C=C2Cl)C(F)(F)F)=CC=C1[N+]([O-])=O",97.6,49.9422571941566
"ClC1=NC=CC(NC(=O)NC2=CC=CC=C2)=C1",54.6,-0.108266746259197
"C=O",14.6,-19.0859952639439
"NC=O",2.3,76.2262228148559
"CC1=C(C2=C(O1)C(NC(=O)C3=C(Cl)C=CC=C3Cl)=CC=C2)C(C)(C)O",102.1,32.6671970253285
"OC(=O)/C=C/C(O)=O",6,77.3366041893863
"CCCOC(=O)C1=CC(O)=C(O)C(O)=C1",104.8,5.511507202139
"O=C1CCCO1",11.3,11.1035473664742
"CCC1CCC(=O)O1",54,15.017057218149
"CCCC1CCC(=O)O1",10.6,20.9604058307422
"CCCCCC1CCC(=O)O1",13.3,40.4248346701022
"CC(C)=CCC/C(/C)=C/COC(C)=O",24.6,8.46112044443715
"C12CC[C@@]3(O)C[C@]1(CC3=C)[C@@H](C(O)=O)C4[C@@]5(C)[C@@H](O)C=C[C@@]24OC5=O",-5.4,29.9227666582205
"CCCCCCCC(=O)OCC(CO)O",35,38.7931786854532
"CCCCCCCCC=CCCCCCCCC(=O)OCC(CO)O",76.5,37.5385759479537
"CCCCCCC(CC=CCCCCCCCC(=O)OCC(CO)O)O",85.6,39.099418846196
"CCCCCCCCCCCCCCCCCC(=O)OCC(O)CO",9.3,5.82177481097803
"OCC1CO1",2.9,51.7080739172483
"CCCCCCCCCC1=CC=C(OCCO)C=C1",44.3,-9.23372264931943
"C12C(NC(=O)N1)NC(=O)N2",6.5,34.1228614965525
"CCCCCCC(CCCCCCCCCCC(=O)OCC(COC(=O)C)OC(=O)C)OC(=O)C",21.2,45.2185176998285
"NC(=O)CN(CC(F)(F)F)C1=CC(=C(C=C1)C#N)C(F)(F)F",21.3,47.2725092582617
"CC1=CC=C(C=C1)S(O)(=O)=O.CCN(C(C)C)C(=O)C1=CC(OC[C@H](C)NC2=CC=NC=C2)=CC(C)=C1",5.9,14.492245324553
"C12[C@@H]3O[C@@H]3[C@H](Cl)C1[C@@]4(Cl)C(Cl)=C(Cl)C2(Cl)C4(Cl)Cl",-20.2,26.5176191240715
"CCCCCCC=O",56.9,28.0596083331563
"CCCCCCC(O)=O",43.3,45.0147344163274
"CCCCCCC(=O)C1=CC=CC=C1",41.7,30.4356054822893
"CCCCCCCOC(=O)CCC",18.6,53.3800502044523
"CCCCCCCOC(=O)C1=CC=C(O)C=C1",103,66.5163345991087
"ClC(Cl)=C(Cl)C(Cl)=C(Cl)Cl",98.9,75.1458670557793
"ClC1=C(Cl)C(Cl)(Cl)C(Cl)=C1Cl",98.4,53.0541837088666
"CCCCC(O)(CN1C=NC=N1)C2=CC=C(Cl)C=C2Cl",69,41.9899442386432
"CCCCCCCCCCCCCCCC",10.1,40.6228044542965
"CCCCCCCCCCCCCCCC(O)=O",53.4,77.2748034688673
"FC(F)C(F)(F)OC1=C(Cl)C=C(NC(=O)NC(=O)C2=C(F)C=CC=C2F)C=C1Cl",-18.9,52.4243630750766
"O=C(OCCCCCCOC(=O)C1=CC=CC=C1)C2=CC=CC=C2",26.8,16.318047672692
"N#CCCCCC#N",15.9,25.4599367503573
"OC(=O)CCCCC(O)=O",13.8,28.9466334624438
"O(CC(C(CC)C)C)C(=O)CCCCCC(OCC(CCC)CC)=O",11.6,24.812256014498
"CCCCCC(O)=O",11.2,9.96098194368197
"CN(C)C1=NC(=O)N(C2CCCCC2)C(=O)N1C",21.6,46.0177654681623
"CCCCCCOC(=O)C1=CC=CC=C1",51.2,35.8243672548909
"C[C@H]1[C@@H](SC(=O)N1C(=O)NC2CCCCC2)C3=CC=C(Cl)C=C3",56.4,48.5349196398671
"NS(=O)(=O)C1=CC2=C(NCNS2(=O)=O)C=C1Cl",-6.7,60.2972729843616
"OC1=CC=C(O)C=C1",19.9,53.6767745768379
"COC1=CC=C(OC)C=C1",19.2,23.9897750241262
"CC(CCCC(C)(C)O)CC=O",28.7,50.5685208968806
"CC(C)(O)C(=O)NC1=CC(=C(C=C1)[N+]([O-])=O)C(F)(F)F",29.8,13.8989124834685
"CCC(C)OC(=O)N1CCCCC1CCO",13.4,45.1736148620926
"CC(C)CCCCCCC1=CC=C(C=C1)OCCOCCO",2.8,42.7338671315973
"O=C1NC(=NC1(C(C)C)C)C2=C(C=CC(=C2)C)C(OC)=O",12.2,42.8954767811561
"CC(C)C1(C)NC(=NC1=O)C2=NC=C(C)C=C2C(O)=O",12.5,50.8502444892804
"CC(C)C1(C)N=C(NC1=O)C2=NC3=C(C=CC=C3)C=C2C(O)=O",14.5,42.9359156868057
"CCC1=CN=C(C2=NC(C)(C(C)C)C(=O)N2)C(=C1)C(O)=O",8.2,0.524322454840679
"N1C=CN=C1",3.6,11.6783050016107
"OCN1C(NC(=O)NCNC(=O)NC2N(CO)C(=O)NC2=O)C(=O)NC1=O",20.5,-21.4240394228218
"[As]#[In]",-16.2,52.3311699503449
"COC(=O)N(C(=O)N1CO[C@]2(CC3=C(C=CC(Cl)=C3)C2=N1)C(=O)OC)C4=CC=C(OC(F)(F)F)C=C4",37.9,36.8487759763448
"O[C@H]([C@H](CC1=CC=CC=C1)NC(=O)C2=CC3=CC(Cl)=CC=C3N2)C(=O)N4C[C@H](O)[C@H](O)C4",52.2,62.7327352853825
"[Na+].COC(=O)C1=C(C=C(I)C=C1)S(=O)(=O)[N-]C(=O)NC2=NC(OC)=NC(C)=N2",96.9,84.6272566202574
"CCC(CC1=C(I)C=C(I)C(N)=C1I)C(O)=O",102.5,43.6893951667615
"CCOP(=S)(OCC)OC1=NN(C(C)C)C(Cl)=N1",75.6,1.86317186457203
"CC1(C)[C@@H]2CC[C@@]1(C)[C@H](O)C2",-7.8,2.81368706528438
"CC(=O)O[C@H]1C[C@@H]2CC[C@@]1(C)C2(C)C",12.6,4.95372617681807
"O([C@H]1[C@]2(C(C(C1)CC2)(C)C)C)C(=O)CC",10.6,70.1219823901601
"COC1=CC(C=CC)=CC=C1O",88.8,32.8262414857448
"NNC(=O)C1=CC=NC=C1",76.8,38.2608871770533
"CC(C)CCCCCCCCCCCCCCC(=O)O",103.9,25.8475241459985
"CC(C)CCCCCOC(=O)C=C",19.9,4.98978971829289
"CC(C)OC(C)=O",11.2,-2.8736980960043
"CC(C)OC=O",13,34.58476010358
"CCCCCCCCCCCCCC(=O)OC(C)C",7.8,51.5195390758562
"CC(C)C1=CC=C(C)C(O)=C1",80.5,63.0593037636747
"CCC(C)(CC)C1=NOC(NC(=O)C2=C(OC)C=CC=C2OC)=C1",79.6,72.9123461537282
"CO/N=C(/C(=O)OC)\C1=C(COC2=C(C)C=CC=C2)C=CC=C1",94,20.4047351272649
"O[C@H]([C@@H](O)C(O)=O)C(O)=O",19,70.5198863073529
"CCOC(=O)C(C)OC(=O)C1=C(C=CC(OC2=C(Cl)C=C(C=C2)C(F)(F)F)=C1)[N+]([O-])=O",51.8,-1.30713511846687
"[C@H]1(O[C@@H]2O[C@H](CO)[C@H](O)[C@H](O)[C@H]2O)[C@H](O)[C@@H](O)[C@H](O)O[C@@H]1CO",7.2,52.0047720472898
"CC1(C)[C@H](/C=C(\Cl)/C(F)(F)F)[C@@H]1C(=O)O[C@@H](C#N)C2=CC(OC3=CC=CC=C3)=CC=C2",57.4,25.3751214940018
"CC(C)=CCC[C@](C)(O)[C@H]1CCC(C)=CC1",41,13.8410393671269
"C12CC[C@@](O)(C#C)[C@@]1(CC)CCC3C4CCC(=O)C=C4CCC23",18,34.7493690343911
"CC(C)=CCCC(C)(O)C=C",13,35.3235498846715
"CC(C)=CCCC(C)(OC(C)=O)C=C",15.4,47.0624770165552
"CCCCC/C=C\C/C=C\CCCCCCCC(O)=O",74.5,44.167493500874
"CON(C)C(=O)NC1=CC=C(Cl)C(Cl)=C1",60.2,52.2944033327326
"CC1=CC(O)=CC=C1",30.6,43.575618203322
"CC1=CC(C)=CC=C1",34.2,50.8150196093879
"[Mg+2].[O-]C(=O)C1=CC=CC=C1.[O-]C(=O)C1=CC=CC=C1",25,50.5925304549336
"CCOC(=O)CC(SP(=S)(OC)OC)C(=O)OCC",75,25.4001140465301
"OC(=O)/C=C\C(O)=O",11.5,2.51683366803995
"O=C1NNC(=O)C=C1",11.9,21.9755242156446
"OC(CC(O)=O)C(O)=O",-18.7,59.0131476096715
"C(CNC(=S)[S-])NC(=S)[S-].C(CNC(=S)[S-])NC(=S)[S-].[Mn+2].[ZnH2+2]",64.1,58.6106075450088
"[Mn+2].[S-]C(=S)NCCNC([S-])=S",37.4,53.5507675875844
"CCCCC(CC)COC(=O)C1=CC=CC=C1C(O)=O",99,60.3206614736026
"CC(C)OC1=CC=CC(NC(=O)C2=C(C)C=CC=C2)=C1",59.8,58.5543002218693
"CC[C@@H]([C@@H](CC)C1=CC=C(O)C=C1)C2=CC=C(O)C=C2",102,59.6787671746327
"CS(=O)(=O)C1=CC(=C(C=C1)C(=O)C2C(=O)CCCC2=O)[N+]([O-])=O",75.8,44.3511387921604
"COCC(=O)N(C(C)C(=O)OC)C1=C(C)C=CC=C1C",19.9,29.7207432519253
"CC1(C)CCC(CC2=CC=C(Cl)C=C2)C1(O)CN3C=NC=N3",31.7,5.71050071111366
"CC(=C)C(N)=O",9.2,0.282131860501138
"CC(=C)C#N",3.5,49.3852973355219
"Cl.CCC(=O)C(CC(C)N(C)C)(C1=CC=CC=C1)C2=CC=CC=C2",-4.6,21.1875333195285
"COP(N)(=O)SC",17.4,-1.08652447848265
"N12C(N3C(N(C(N(C1([H])[H])C3([H])[H])([H])[H])C2([H])[H])([H])[H])([H])[H]",21.7,68.5009643616091
"COC1=NN(CSP(=S)(OC)OC)C(=O)S1",73.9,21.5166604263773
"CN1C=CNC1=S",60.3,20.6647748893636
"CNC(=O)ON=C(C)SC",19.4,69.4000314465773
"COC1=CC=C(C=C1)C(C2=CC=C(OC)C=C2)C(Cl)(Cl)Cl",23.8,56.6774226179595
"COC1=CC=CC(C(=O)NN(C(=O)C2=CC(C)=CC(C)=C2)C(C)(C)C)=C1C",86,77.7514475397405
"COC(=O)C1=C(O)C(C)=C(O)C=C1C",96.9,29.099395615009
"CCCCCCCCCC(=O)OC",20.2,21.049754452053
"CCCCCC1C(CC(=O)OC)CCC1=O",20.9,32.3116181822725
"CCCCCCCCCCCC(=O)OC",32.1,24.6867323217496
"CCCCCCCC(=O)OC",15.7,71.7612366610468
"COP(=S)(OC)OC1=CC=C(C=C1)[N+]([O-])=O",92.6,67.1923439454989
"CN(C)C1=CC=C(C=C1)/N=N/C2=C(C=CC=C2)C(O)=O",109.1,60.9440155564169
"COC(=O)C1=C(O)C=CC=C1",33.2,41.3274592670216
"CC(=O)C=CC1=CC=CC=C1",27.3,78.2313237926705
"[Cl-].CN(C)C1=CC2=[S+]C3=C(C=CC(=C3)N(C)C)N=C2C=C1",49.3,68.5766625902278
"COC1=CC=C(CC=C)C=C1OC",59.5,27.2048503528871
"CCC(=O)C=CC1C(=CCCC1(C)C)C",49.8,56.0827404830124
"COC(=O)C1=CC=C(O)C=C1",51.5,39.7602054802757
"CSC1=NN=C(C(=O)N1N)C(C)(C)C",10.7,27.3785057851352
"ClC12C3(Cl)C4(Cl)C5(Cl)C(Cl)(C1(Cl)C4(Cl)Cl)C2(Cl)C(Cl)(Cl)C35Cl",17.6,56.6169547898382
"[Na+].[Na+].CCCCC1=NC2=C(C=C1)[C@@H]([C@H]([C@@H]2C3=CC=C(OC)C=C3C[C@H](C)C([O-])=O)C([O-])=O)C4=CC5=C(OCO5)C=C4",69.3,27.9834355554805
"CCN1N=C(CC2=CC=CC=C2)C=C1C3CCN(C[C@H]4C[C@@H](C[C@@H]4C5=CC=CC(F)=C5)N(C)[C@H](C(C)C)C(O)=O)CC3",9.6,18.7090466952418
"OC(=O)CCC([O-])=O.CO[C@@H]1COCC[C@@H]1[NH2+][C@@H]2CC[C@](C2)(C(C)C)C(=O)N3CCC4=C(C3)C=C(C=N4)C(F)(F)F",20.9,20.6643943753732
"CCSC(=O)N1CCCCCC1",11.8,4.04404406363334
"ClC(Cl)C(=O)N1CCOC12CCCCC2",10.5,34.2173279216919
"CNC(=O)/C=C(\C)/OP(=O)(OC)OC",8,61.0182485874861
"COC(=O)C1=C(C=CC=C1)C(O)=O",16,65.0356081424874
"[K+].OC(=O)C1=C(C=CC=C1)C([O-])=O",84.3,38.3108996178852
"CCCCCCCCCCCCCOP(O)(O)=O",104.9,35.6178386394888
"CN(C)C(=O)NC1=CC=C(Cl)C=C1",12.9,-9.12925625090502
"C1COCCN1",-2.4,53.3255732848186
"CCC(=O)NC1=CC=C(Cl)C(Cl)=C1",58,75.2461018761964
"FC(C(F)(F)F)C(F)(F)OC1=CC(Cl)=C(NC(=O)NC(=O)C2=C(F)C=CC=C2F)C=C1Cl",86.4,34.3625918711262
"CCCCNS(=O)(=O)C1=CC=CC=C1",17.8,30.3084186809792
"CCCCCCCCCCCC(=O)N(C)CC(O)=O",85.9,85.5376210343906
"CCNS(=O)(=O)C(F)(F)C(F)(F)C(F)(F)C(F)(F)C(F)(F)C(F)(F)C(F)(F)C(F)(F)F",94.7,-6.08022388772103
"CN1CCCC1=O",7.9,-14.3594691606943
"CNC(C)=O",20.5,-13.8599024021892
"CN(N=O)C(N)=O",0.8,6.21582547730195
"CCCN(CCC)N=O",8.9,-7.46819021828948
"CCN(CC)N=O",7.3,-31.2417464964511
"CN(C)N=O",-12.8,58.5580113267073
"O=NN(C1=CC=CC=C1)C2=CC=CC=C2",86.7,56.3109788977018
"NC1=CC=C(NC2=CC=CC=C2)C=C1",90.1,10.0026088621207
"CCN(CC)CCO",12.7,37.8158077257765
"CCCCCCCCCC[N+](C)(C)[O-]",9.3,18.4676280631933
"CCCCCCCC(=O)N(C)C",13,11.9720049438308
"ClC(Cl)(Cl)C(NC=O)N1CCN(CC1)C(NC=O)C(Cl)(Cl)Cl",-4.8,26.7247521334627
"CCCCNC(=S)NCCCC",20,18.8567648505715
"CCNC(=S)NCC",5.4,10.2267665922918
"C=CC(=O)NCNC(=O)C=C",50.3,54.5837755971933
"C1=CC2=CC=CC=C2C=C1",34.8,52.4243816634037
"COC1=CC(OC)=C(C=C1)S(=O)(=O)N2C(=O)[C@@](N3C[C@H](O)C[C@H]3C(=O)N(C)C)(C4=CC(Cl)=CC=C24)C5=CC=CC=C5OC",21.8,20.4274850527977
"OC(=O)C(CCC(C)C)(CC)C",38,40.4558438267468
"CC(C)=CCCC(C)=CCCC(C)(O)C=C",75.4,49.3238771289934
"COC1=CC(OC)=NC(NC(=O)NS(=O)(=O)C2=NC=CC=C2C(=O)N(C)C)=N1",17.7,44.6084359559357
"OC(=O)C1=CC=CN=C1",9.9,46.6647573424871
"ClC1=CC=CC(=N1)C(Cl)(Cl)Cl",76,23.035865813568
"OC(=O)CN(CC(O)=O)CC(O)=O",2.5,53.7750477820284
"[O-][N+](=O)C1=CC=CC=C1",56.1,83.0300775745223
"[O-][N+](=O)C1=CC=C(OC2=C(Cl)C=C(Cl)C=C2)C=C1",68.4,33.6727396881866
"CCCCCCCCC",3.2,31.929876268795
"OC(=O)CCCCCCCC(O)=O",20.8,32.7235972901036
"CCCCCCCCC(O)=O",94,71.9144132239637
"CC(CC1=CC(O)=C(O)C=C1)C(C)CC2=CC=C(O)C(O)=C2",108.6,13.1887312312457
"C12CC[C@@](O)(C#C)[C@@]1(C)CCC3C4CCC(=O)C=C4CCC23",15.8,54.2057491622779
"CNC1=C(Cl)C(=O)N(N=C1)C2=CC=CC(=C2)C(F)(F)F",48,62.5730965452139
"CC1=CC=CC=C1N=NC2=CC(C)=C(N)C=C2",111,53.2107958320076
"CC1=C(O)C=CC=C1",47.4,70.4068102331889
"ClC1=CC=C(C=C1)C(C2=CC=CC=C2Cl)C(Cl)(Cl)Cl",22.5,67.8040376800539
"CCCCCCCCOC1=CC(O)=C(C=C1)C(=O)C2=CC=CC=C2",92.7,17.1212711561675
"C[Si]1(C)O[Si](C)(C)O[Si](C)(C)O[Si](C)(C)O1",-1.3,29.5494802467206
"CCCCCCCC=O",-4.9,30.6381417077268
"CCCCCCCC(O)=O",80.5,47.8127013524031
"CCCCCCCCN1SC=CC1=O",40.3,57.6809561013421
"CC(C)(C)CC(C)(C)C1=CC(N2N=C3C=CC=CC3=N2)=C(O)C=C1",49.2,28.522240085674
"CCCCCCCCOC(C)=O",15,51.9999511099796
"CCCCCCCCCCOC(=O)C1=C(C=CC=C1)C(=O)OCCCCCCCC",28,53.0689362800138
"CCCCCCCCOC(=O)C1=CC=C(O)C=C1",96.7,44.3747623690679
"CCCCCCCC/C=C\CCCCCCCC(O)=O",98.2,9.558402515503
"OC(=O)C(O)=O",18.5,28.2730657474924
"CNC(=O)ON=C(SC)C(=O)N(C)C",23.9,61.9541577368062
"OC1N=C(C2=CC=CC=C2)C3=CC(Cl)=CC=C3NC1=O",23.5,79.7529511295418
"CCOC1=CC(OC2=CC=C(C=C2Cl)C(F)(F)F)=CC=C1[N+]([O-])=O",59.8,66.4583390184943
"ClC(Cl)C(C1=CC=C(Cl)C=C1)C2=CC=C(Cl)C=C2",19.9,81.0973726636851
"ClC(=C(C1=CC=C(Cl)C=C1)C2=CC=C(Cl)C=C2)Cl",23.8,32.9646785986865
"CC(C)(C)[C@@H](O)[C@@H](CC1=CC=C(Cl)C=C1)N2C=NC=N2",30.4,57.9720339960073
"CCOP(=O)(OCC)OC1=CC=C(C=C1)[N+]([O-])=O",98.8,69.2554339433418
"CCOP(=S)(OCC)OC1=CC=C(C=C1)[N+]([O-])=O",84.1,68.0947328738665
"CCC(CC)NC1=C(C=C(C)C(C)=C1[N+]([O-])=O)[N+]([O-])=O",105,58.2061485089287
"COC1=CN=C(OC)N2N=C(NS(=O)(=O)C3=C(C=CC=C3OCC(F)F)C(F)(F)F)N=C12",26.5,97.3284506026019
"[O-][N+](=O)C1=C(Cl)C(Cl)=C(Cl)C(Cl)=C1Cl",69.7,41.2931230731801
"CCCCCCCCCCCCCCC",4.7,36.7291147139408
"[O-][N+](=O)OCC(CO[N+]([O-])=O)(CO[N+]([O-])=O)CO[N+]([O-])=O",-0.8,17.004871051742
"CCCCC=O",1.2,52.7975073405455
"O=C(OCCCCCOC(=O)C1=CC=CC=C1)C2=CC=CC=C2",16.3,20.6882049289829
"CCCCC(O)=O",26.3,20.1497338952466
"CCCCCOC(C)=O",38.3,14.7285795024187
"CC1CCC2(CC1)C(CO2)C.CC1CCC(C(C1)O)C(C)C.CC1CCC(C(C1)OC(=O)C)C(C)C.CC1CCC(C(=O)C1)C(C)C.CC1CCC2=C(C1)OC=C2C.CC1CCC(=C(C)C)C(=O)C1",37.8,94.9844450578735
"OC(=O)C(F)(F)C(F)(F)C(F)(F)C(F)(F)C(F)(F)C(F)(F)C(F)(F)C(F)(F)C(F)(F)F",102.9,88.9240730851809
"OC(=O)C(F)(F)C(F)(F)C(F)(F)C(F)(F)C(F)(F)C(F)(F)F",102.2,85.4658919603275
"OC(=O)C(F)(F)C(F)(F)C(F)(F)C(F)(F)C(F)(F)F",96.4,93.4215560085197
"OC(=O)C(F)(F)C(F)(F)C(F)(F)C(F)(F)C(F)(F)C(F)(F)C(F)(F)C(F)(F)F",104.7,91.816530501878
"NS(=O)(=O)C(F)(F)C(F)(F)C(F)(F)C(F)(F)C(F)(F)C(F)(F)C(F)(F)C(F)(F)F",103.1,93.9958347208752
"OS(=O)(=O)C(F)(F)C(F)(F)C(F)(F)C(F)(F)C(F)(F)C(F)(F)C(F)(F)C(F)(F)F",104.9,91.4593153393199
"OC(=O)C(F)(F)C(F)(F)C(F)(F)C(F)(F)C(F)(F)C(F)(F)C(F)(F)F",103.5,96.2581522219283
"OC(=O)C(F)(F)C(F)(F)C(F)(F)C(F)(F)C(F)(F)C(F)(F)C(F)(F)C(F)(F)C(F)(F)C(F)(F)F",101.4,56.4117276306923
"CC1(C)C(C=C(Cl)Cl)C1C(=O)OCC2=CC(OC3=CC=CC=C3)=CC=C2",30.4,77.8903657623253
"[Na+].COC1=CC=C(/C=C/S(=O)(=O)[N-]C(=O)C2=CC=C(C)C=C2Cl)C=C1",88.8,58.1022670961031
"COC(=O)NC1=CC(OC(=O)NC2=CC=CC(C)=C2)=CC=C1",40.7,46.3087608087864
"[Na+].O=C1NC([O-])=NC(=O)C1(CC)C2=CC=CC=C2",7.1,44.7344470455554
"OC1=CC=CC=C1",11.1,79.7830073610638
"OC1=CC=C(C=C1)C2(OS(=O)(=O)C3=C2C=CC=C3)C4=CC=C(O)C=C4",103.1,86.1335409332377
"OC1=CC=C(C=C1)C2(OC(=O)C3=C2C=CC=C3)C4=CC=C(O)C=C4",100.2,79.4444548789342
"OC(=O)C1=C(C=CC=C1)C(C2=CC=C(O)C=C2)C3=CC=C(O)C=C3",97.3,62.2792894467551
"S(O)(=O)(=O)C=1C(O)=CC=CC1",19.1,52.8279703284022
"ClP(Cl)C1=CC=CC=C1",11.2,73.6281432676032
"OC1=C(C=CC=C1)C(=O)OC2=CC=CC=C2",96,42.7391041194056
"O=CCC1=CC=CC=C1",55.8,45.1542327040615
"CC(=O)O[Hg]C1=CC=CC=C1",4.2,70.3536585519357
"OC1=CC=C(C=C1)C(=O)OC2=CC=CC=C2",105.3,62.3093544257252
"CCOP(=S)(OCC)SCSCC",79.7,66.9765444019457
"CCOP(=S)(OCC)SCN1C(=O)OC2=CC(Cl)=CC=C12",40.2,70.7693963288537
"COP(=S)(OC)SCN1C(=O)C2=C(C=CC=C2)C1=O",55.7,21.6918346342942
"OP(O)(O)=O",14.6,59.3634216721968
"CCOP(=S)(OCC)ON=C(C#N)C1=CC=CC=C1",99.2,58.1991516439145
"O=C1NC(=O)C2=C1C=CC=C2",15.9,75.9157846307798
"NC1=C(Cl)C(Cl)=NC(C(O)=O)=C1Cl",55.1,56.0574581712672
"Cl.S1C(CC2=CC=C(OCCC3=NC=C(CC)C=C3)C=C2)C(=O)NC1=O",88.7,45.8026170627738
"CS(=O)(=O)C1=CC=C(C=C1Cl)[C@@H](C[C@H]2CCC(=O)C2)C(=O)NC3=NC=CN=C3",8.9,34.8607869204329
"CN(C)C(=O)OC1=C(C)C(C)=NC(=N1)N(C)C",23.3,-3.00914795543474
"O1C(C1)C.O1CC1",13.7,42.0781720931718
"CCCCCCCC/C=C\CCCCCCCC(=O)OCCO",53.8,16.3446749045759
"[Si](=O)(C)C",77.8,9.53100769505214
"O(C(CO)C)CC(O)C",8.9,26.5740172019846
"[K+].[O-]Cl(=O)=O",4.8,83.5455734359383
"[K+].[O-]S(=O)(=O)C(F)(F)C(F)(F)C(F)(F)C(F)(F)F",99.4,90.263814734614
"[K+].[O-]S(=O)(=O)C(F)(F)C(F)(F)C(F)(F)C(F)(F)C(F)(F)C(F)(F)F",102.4,94.1691216668739
"[K+].[O-]S(=O)(=O)C(F)(F)C(F)(F)C(F)(F)C(F)(F)C(F)(F)C(F)(F)C(F)(F)C(F)(F)F",104.3,18.0260328298204
"[Na+].CC[C@H](C)C(=O)O[C@H]1C[C@H](O)C=C2C=C[C@H](C)[C@H](CC[C@@H](O)C[C@@H](O)CC([O-])=O)[C@@H]12",1.1,8.30422621609627
"C12C[C@@H](C#N)[C@H](C(C)=O)[C@@]1(C)CCC3C2CC=C4C[C@@H](O)CC[C@]34C",-24.9,40.912005713826
"CC12CC1(C)C(=O)N(C2=O)C3=CC(Cl)=CC(Cl)=C3",54.3,75.2417412733403
"CCCSP(=O)(OCC)OC1=C(Cl)C=C(Br)C=C1",97.1,7.24929710165785
"C12CC[C@H](C(C)=O)[C@@]1(C)CCC3C2CCC4=CC(=O)CC[C@]34C",16.5,14.0571297633279
"Cl.CCCOC(=O)NCCCN(C)C",19.7,38.9493492674857
"CC(C)(C)C1=CC=C(OC2CCCCC2OS(=O)OCC#C)C=C1",50.1,45.3013789949744
"CCNP(=S)(OC)O/C(/C)=C/C(=O)OC(C)C",74.6,49.8644956612276
"CC(C)C1=CC=CC(C(C)C)=C1O",65.9,51.1911314466101
"CNC(=O)OC1=CC=CC=C1OC(C)C",15.2,7.09608992267277
"CC1COC(=O)O1",11.4,56.2108129634382
"CCCOC(=O)C1=CC=C(O)C=C1",96.8,55.1332771629288
"CC(C)(NC(=O)C1=CC(Cl)=CC(Cl)=C1)C#C",64.8,33.4356286275904
"CC1=NNC(=O)N(C1)/N=C/C2=CC=CN=C2",3.1,51.353296012405
"OC(=O)C1=NN(C(=O)C1)C2=CC=C(C=C2)S(O)(=O)=O",36.9,66.9479446205251
"CCC1=NC(N)=NC(N)=C1C2=CC=C(Cl)C=C2",43.6,65.5542705800998
"CC(COC1=CC=C(OC2=CC=CC=C2)C=C1)OC3=NC=CC=C3",44.7,81.8866330332005
"[Na+].COC1=CC(OC)=NC(SC2=C(C([O-])=O)C(Cl)=CC=C2)=N1",66.3,77.6997413742787
"OC(=O)C1=C(Cl)C=CC2=CC(Cl)=CN=C12",18.7,52.1605958066747
"C1=CC2=C(C=C1)N=CC=C2",34.3,17.080002883099
"CC(=C)[C@@H]1CC=C(C)C(=O)C1",24,80.7557060900474
"Cl.O1C=2C(=C(C3=C1C=C(NCC)C(=C3)C)C=4C(=CC=CC4)C(OCC)=O)C=C(\C(=N\CC)\C2)C",91.8,48.3531110393148
"O=C(CCCCCCCCC1=CN=CC=C1)N2CCC(CC2)C=C(C3=CC=CC=C3)C4=CC=CC=C4",-38.3,43.858301828146
"CN1C(COC(N)=O)=NC=C1[N+]([O-])=O",9.7,21.2240976524045
"CC(C)NC1=NC(Cl)=NC(N)=N1",15.8,65.4863597671134
"OC(=O)C1=C(O)C=CC=C1",55.9,45.8303295249322
"Cl.CCOC(=O)C1=CC=C(C=C1)[C@H]2CC[C@@H](CC2)NC[C@H](O)COC3=CC=C(O)C(NS(C)(=O)=O)=C3",61.4,44.1752516672269
"Cl.CC1=NC(=NO1)C2=CC3=C(CCN(CCC4CCC(CC4)NC(=O)/C=C/C5=CC=C(F)C=C5)CC3)C=C2",-24,44.7155634920635
"S(C(CC1CC(O)=C(C(=O)C1)\C(=N\OCC)\CCC)C)CC",55.5,53.1544950694542
"S=C1N([O-])C=CC=C1.[Na+]",3.5,33.8838292776769
"[Na+].CC(C)COC(=O)CC(C(=O)OCC(C)C)S([O-])(=O)=O",66.3,90.1799616975446
"[Na+].[S-]C1=NC2=CC=CC=C2S1",96.3,56.4714573928839
"[Na+].CC1=CC=CC=C1S([O-])(=O)=O",10.8,60.6391079463744
"[Na+].CC1=CC=C(C)C(=C1)S([O-])(=O)=O",34.7,53.7490678613006
"CC1=CC=C(S(=O)(=O)[O-])C=C1.[Na+]",16.6,53.5866102559958
"[Na+].CCCCCCCCC1=CC=C(C=C1)S([O-])(=O)=O",101.3,12.5133429536675
"[Na+].[N-]=[N+]=[N-]",6.3,23.0611874888294
"[Na+].[O-]Cl=O",6,23.1590954880635
"[Na+].[O-]C(=O)CCl",9.3,40.3127281787988
"[Na+].CCCCCCCCCCOS([O-])(=O)=O",98.9,56.983581113074
"[Na+].O1C(=CC(=O)/C(=C(/[O-])\C)/C1=O)C",41.7,33.2747466563668
"ClN1C(=O)N(Cl)C(=O)N=C1[O-].[Na+]",13.8,31.6146007459437
"ClN1C(=O)N(Cl)C(=O)N=C1[O-].[Na+].O.O",15.9,45.5946251633266
"[Na+].CN(C)C([S-])=S",50.3,41.7021857271577
"[Na+].CCCCCCCCCCCCOS([O-])(=O)=O",102.3,54.4464450364308
"S([O-])(=O)(=O)C=1C(CCCCCCCCCCCC)=CC=CC1.[Na+]",102.5,35.2046245013352
"[Na+].CCCCC(CC)COS([O-])(=O)=O",81.3,24.9653789992955
"[Na+].[O-]C(=O)CF",8.1,43.7113539949608
"[Na+].CCCCCCCCCCCCCCCCOS([O-])(=O)=O",78,22.512933527873
"[Na+].[I-]",9.5,60.2696922806396
"[Na+].CC1=CC=C(C(C)=C1)S([O-])(=O)=O",27.8,21.7824866253654
"[Na+].CC(=C)C([O-])=O",2.4,27.4528590936152
"[Na+].COS([O-])(=O)=O",11.3,42.8101929896141
"[Na+].CCCCCCCCCCCCCCOS([O-])(=O)=O",98.8,-4.75023564287088
"[Na+].F[B-](F)(F)F",8.5,30.8555125116371
"[Na+].[O-]C(=O)C(Cl)(Cl)Cl",0.3,42.2860355144757
"[Na+].CCCCCCCCCCCCCOS([O-])(=O)=O",104.5,57.1784195842219
"S([O-])(=O)(=O)C1=CC(=C(C=C1)C)C.[Na+]",19.4,49.6283801695632
"CCC(C)(C)C(=O)OC1=C(C(=O)OC12CCCCC2)C3=CC=C(Cl)C=C3Cl",42.6,10.2212666343263
"C12CC[C@@]3(CCC(=O)O3)[C@@]1(C)CCC4C2[C@@H](CC5=CC(=O)CC[C@]45C)SC(C)=O",-5.9,9.48957978105669
"CCCN(CC)CC1COC2(CCC(CC2)C(C)(C)C)O1",16.4,44.4325075539817
"ClC1=C(C(=O)N[C@H]([C@H]2NCCCC2)C3=CC=CC=C3)C=CC=C1C(F)(F)F",4.4,40.6708896888087
"COC1=CC2=C(C(=O)N(COC3=CC(=O)N4C=CC=C(OCCN5CCCCC5)C4=N3)S2(=O)=O)C(=C1)C(C)C",22,50.9623014857458
"OCC(O)C1=CC=CC=C1",8.5,43.2972913543457
"OC[C@H]1O[C@@](CO)(O[C@H]2O[C@H](CO)[C@@H](O)[C@H](O)[C@H]2O)[C@@H](O)[C@@H]1O",8.1,1.90580692639928
"NS(O)(=O)=O",47.5,19.5711383172753
"OC(=O)CC(C(O)=O)S(O)(=O)=O",5.8,39.3585723824636
"COC1=C(C=C(C(=O)C2=CC=CC=C2)C(O)=C1)S(O)(=O)=O",81.2,79.0663420629692
"ClN1C(=O)N(Cl)C(=O)N(Cl)C1=O",27.1,19.030176447705
"C1=C(C=C(C(=C1O)O)O)C(=O)OC2=CC(=CC(=C2O)O)C(=O)OCC3C(C(C(C(O3)OC(=O)C4=CC(=C(C(=C4)OC(=O)C5=CC(=C(C(=C5)O)O)O)O)O)OC(=O)C6=CC(=C(C(=C6)OC(=O)C7=CC(=C(C(=C7)O)O)O)O)O)OC(=O)C8=CC(=C(C(=C8)OC(=O)C9=CC(=C(C(=C9)O)O)O)O)O)OC(=O)C%10=CC(=C(C(=C%10)OC(=O)C%11=CC(=C(C(=C%11)O)O)O)O)O",94,98.9069800890806
"CC(C)(C)C(O)(CCC1=CC=C(Cl)C=C1)CN2C=NC=N2",25.5,36.3926033941435
"CCC1=NN(C)C(C(=O)NCC2=CC=C(C=C2)C(C)(C)C)=C1Cl",24.5,49.4599589915459
"COP(=S)(OC)OC1=CC=C(SC2=CC=C(OP(=S)(OC)OC)C=C2)C=C1",101.6,86.3865783631673
"CCC(=NOC/C=C/Cl)C1=C(O)CC(CC1=O)C2CCOCC2",12.4,31.6493795059852
"CC1=C(Cl)C(=O)N(C(=O)N1)C(C)(C)C",14.6,21.0796116791318
"CCOP(=S)(OCC)SCSC(C)(C)C",75.3,55.3255056142628
"CCNC1=NC(NC(C)(C)C)=NC(Cl)=N1",61,23.5350936084609
"CC1=CCC(CC1)C(C)(C)O",3.6,18.0705310980837
"CC(C)=C1CCC(C)=CC1",19,25.4116420896375
"CCC(=O)OC(C)(C)C1CCC(C)=CC1",11.6,20.0812938616528
"CC(=O)OC(C)(C)C",-0.7,12.2310212545069
"CC(C)(C)OOC(=O)C1=CC=CC=C1",21.4,39.4224139919573
"CC(C)(C)N",9.9,-6.76064850851773
"CC(C)(C)C1=CC=CC=C1",-1.2,33.2177100147455
"CCCCCCC(C)(C)S",11.2,39.6489794913756
"CCC(=O)O[C@H]1CC[C@H]2[C@@H]3CCC4=CC(=O)CC[C@]4(C)[C@H]3CC[C@]12C",31.3,4.65702585991463
"OC(=O)CC1=CC(I)=C(OC2=CC(I)=C(O)C(I)=C2)C(I)=C1",105,109.299486348225
"FC(F)C(F)(F)OCC(CN1C=NC=N1)C2=C(Cl)C=C(Cl)C=C2",72.3,51.6057506436078
"CCN(CC)C(=S)SSC(=S)N(CC)CC",55.2,68.0263934359253
"OCC1CCCO1",7.8,8.7519512236947
"C1CCC2=C(C1)C=CC=C2",8.9,38.8091538491452
"CC(C)=CC1C(C(=O)OCN2C(=O)C3=C(CCCC3)C2=O)C1(C)C",28.1,26.2361415536483
"CCCO[Si](OCCC)(OCCC)OCCC",10.3,21.8373812356438
"O=C1N(C2CCC(=O)NC2=O)C(=O)C3=CC=CC=C13",-9,42.3754705168361
"CN1C2=C(NC=N2)C(=O)N(C)C1=O",9.4,20.2210059151488
"N1C2=C(C=CC=C2)N=C1C3=CSC=N3",21.8,69.95621824949
"CN1COCN(CC2=CN=C(Cl)S2)C1=N[N+]([O-])=O",1,42.9686940148198
"COC(=O)C1=C(CC(C)C)C(C2=NCCS2)=C(N=C1C(F)F)C(F)(F)F",26.2,61.0993702338998
"O=C(NC1=CN=NS1)NC2=CC=CC=C2",46.3,57.2709653977973
"CCN(CC)C(=O)SCC1=CC=C(Cl)C=C1",40.6,53.69367136619
"NNC(=S)NN",34.1,9.23833120425468
"CSC(C)=NOC(=O)N(C)SN(C)C(=O)ON=C(C)SC",67.1,41.5970813117507
"CCOC(=O)NC(=S)NC1=C(NC(=S)NC(=O)OCC)C=CC=C1",36.9,49.1860003994428
"COC(=O)NC(=S)NC1=C(NC(=S)NC(=O)OC)C=CC=C1",48.3,48.3203387251713
"CC1=C(OCCCC(O)=O)C=CC(Cl)=C1",99.3,55.2911270499699
"CC(C)C1=CC=C(C)C=C1O",59.3,53.4938993343383
"OC(=O)CC1=CC(I)=C(OC2=CC(I)=C(O)C=C2)C(I)=C1",105,102.22054402894
"CC1=CC=C(C=C1)S(=O)(=O)NC(=O)NN2CCCCCC2",12.8,28.0794847220026
"N=1NN=C2C1C(=CC=C2)C",44.2,45.6090059679314
"CC1CC(C)(C)C2=C(C=C(C)C(=C2)C(C)=O)C1(C)C",29.1,38.7294866026498
"S(=O)(=O)(C1=C(C(=C(C=C1)C(=O)C=2C(=O)N(NC2)C)C)C3=NOCC3)C",7.5,60.0098143463298
"NC(=O)CN1C(=O)C=C(CCN2CCN(CC2)C3=NC=CC4=C3C=CS4)C5=C1C=C(F)C=C5",-4.2,54.9104282696731
"CCCCCCCCOC(=O)C1=CC=C(C(=O)OCCCCCCCC)C(=C1)C(=O)OCCCCCCCC",3.3,52.8042056988948
"CC(=O)OCC(COC(C)=O)OC(C)=O",4.2,20.4454435636577
"CC(C)(C)C(=O)C(OC1=CC=C(Cl)C=C1)N2C=NC=N2",4.7,43.1661127097866
"CC(C)(C)C(O)C(OC1=CC=C(Cl)C=C1)N2C=NC=N2",10.4,44.1155057769279
"C12C[C@@H](O)[C@](O)(C(=O)CO)[C@@]1(C)C[C@H](O)[C@@]3(F)C2CCC4=CC(=O)C=C[C@]34C",2,6.33437964081131
"CCCCSP(=O)(SCCCC)SCCCC",51.2,68.0246701886582
"CCCCOP(=O)(OCCCC)OCCCC",1.5,25.3580202330514
"CCCCN(CCCC)CCCC",38.5,25.6456756886644
"COP(=O)(OC)C(O)C(Cl)(Cl)Cl",20.8,28.4413130699795
"OC(=O)C(Cl)(Cl)Cl",-0.9,22.5795901754943
"OC(=O)COC1=C(Cl)C=C(Cl)C(Cl)=N1",93.9,65.9054193874307
"OC1=C(OC2=CC=C(Cl)C=C2Cl)C=CC(Cl)=C1",106,88.37250274798
"OCCN(CCO)CCO",5.9,16.8706152189713
"CCOC(=O)CC(O)(CC(=O)OCC)C(=O)OCC",14.7,28.8464183237848
"CCOP(=O)(OCC)OCC",6.6,16.5823736843384
"OCCOCCOCCO",6.3,19.1632513749881
"CCCCC(CC)C(=O)OCCOCCOCCOC(=O)C(CC)CCCC",7.4,30.3286329400067
"CC(=O)OCCOCCOCCOC(C)=O",12.6,18.5010586228031
"CO/N=C(/C(=O)OC)\C1=CC=CC=C1CO/N=C(\C)/C2=CC(=CC=C2)C(F)(F)F",65.4,71.0751655625296
"[Na+].COC1=CC(OC)=NC(NC(=O)[N-]S(=O)(=O)C2=NC=CC=C2OCC(F)(F)F)=N1",30.5,58.1112255763439
"CCCOC/C(=N\C1=C(C=C(Cl)C=C1)C(F)(F)F)/N2C=CN=C2",94.9,60.7470208393231
"CCCN(CCC)C1=C(C=C(C=C1[N+]([O-])=O)C(F)(F)F)[N+]([O-])=O",89.2,62.5518336858506
"CC(C)CCCCCCCOC(=O)C1=CC(=C(C=C1)C(=O)OCCCCCCCC(C)C)C(=O)OCCCCCCCC(C)C",43,47.4997428098557
"CC(C)CCCCCCOC(=O)C1=CC(=C(C=C1)C(=O)OCCCCCCC(C)C)C(=O)OCCCCCCC(C)C",3.2,47.3426900340188
"CO[Si](OC)(OC)C1=CC=CC=C1",23.4,42.214863270153
"CCC[Si](OC)(OC)OC",13.5,14.0216829169411
"COP(=O)(OC)OC",3.9,5.81332040243145
"CN(C)C",1.6,-6.80832210042549
"CCOC(=O)C1CC(=O)C(=C(O)C2CC2)C(=O)C1",14.8,30.4410551424285
"O=P(OC1=CC=CC=C1)(OC2=CC=CC=C2)OC3=CC=CC=C3",79.5,72.5420776118078
"O(P(OC1=CC=CC=C1)OC2=CC=CC=C2)C3=CC=CC=C3",26.9,76.3151624929701
"C1=CC=C(C=C1)P(C2=CC=CC=C2)C3=CC=CC=C3",17.6,77.279085344691
"O(C(COC(CO)C)C)CC(O)C",13.4,11.9167254458379
"CC(CO)OCC(C)OCC(C)OC",96.7,10.7818162269571
"ClCC(CCl)OP(=O)(OC(CCl)CCl)OC(CCl)CCl",-4.5,31.465724100462
"CCCCOCCOP(=O)(OCCOCCCC)OCCOCCCC",28.5,26.4099981772017
"ClCCOP(=O)(OCCCl)OCCCl",-17.6,22.772693371634
"ClCCOP(OCCCl)OCCCl",6.1,29.6944538902226
"CC(CCl)OP(=O)(OC(C)CCl)OC(C)CCl",14.5,21.1935253214472
"BrCC(Br)COP(=O)(OCC(Br)CBr)OCC(Br)CBr",21.4,37.9137963655473
"O=C1N(CC2CO2)C(=O)N(CC3CO3)C(=O)N1CC4CO4",6.3,7.08841185014121
"P(OC=1C(=CC=CC1)C)(OC=2C(=CC=CC2)C)(OC=3C(=CC=CC3)C)=O",63.7,77.5307581727238
"CC1(C)CCC(=CC2=CC=C(Cl)C=C2)C1(O)CN3C=NC=N3",15.9,37.8138343561665
"CC1=C(O)C(C)=C2CCC(C)(COC3=CC=C(CC4SC(=O)NC4=O)C=C3)OC2=C1C",99,62.8122605225259
"COCC1=NN=C(N1C2=C(Cl)C(Cl)=CC3=C2NC(=O)C(=O)N3)C4=C[N+]([O-])=CC=C4",-0.8,67.451668603719
"S(=O)(=O)(N1CCN(CC1)CC)C2=CC(=C(OCCC)C=C2)C=3NC(=O)C4=NN(C(=C4N3)CC)CC=5N=CC=CC5",18.8,46.0629613454081
"CSC1=CC=C(OC2=CC=C(C=C2CN(C)C)S(N)(=O)=O)C=C1C",15.4,73.2770032077203
"CCCCCCCCCCC",4.9,37.1769651927472
"CCOC(N)=O",26.9,1.83157608219206
"C=CN1CCCC1=O",-17.6,7.65966613233111
"COC1=C(OC)C(=CC=C1)[C@H](O)C2CCN(CCC3=CC=C(F)C=C3)CC2",-16.9,45.6291792232961
"CC(=O)CC(C1=CC=CC=C1)C2=C(O)C3=CC=CC=C3OC2=O",93.2,71.7307692994661
"C[C@H]1CCCC(=O)CCC/C=C/C2=C(C(O)=CC(O)=C2)C(=O)O1",28.1,49.1763284554699
"OC(=O)CN1C(=O)N(CC2=CC=C(Br)C=C2F)C(=O)C3=C1C=C(Cl)C=C3",59,60.8409662445876
"[ZnH2+2].CN(C)C([S-])=S.CN(C)C([S-])=S",29.9,48.0028839943228
