"","smiles","pred"
"1","['CC1(C)[C@@H]2C[C@H]1C(=C)CC2']",13.2728379443087
"2","['COC(=O)C(C)OC1=CC=C(OC2=CC=C(Cl)C=C2Cl)C=C1']",70.3408326062229
"3","['CCCCCCCCCCCCCC(=O)OCC(O)CO']",36.4953867288803
"4","['CC(=O)O[C@@H]1C[C@@H]2CC[C@@]1(C)C2(C)C']",2.11442918882211
"5","['CCCCCCCCCC=CCC1CC(=O)OC1=O']",33.9746469235457
"6","['CCC/C=C/C=O']",29.4168776816326
"7","['CC1=NN(CO)C(C)=C1']",28.0026318302405
"8","['CC/C=C\\CCOC(C)=O']",28.7996905496981
"9","['CCCCC/C=C\\CCC=O']",38.6412079035794
"10","['C/C=C/C=C/CCCCCCCO']",49.1686410887748
"11","['OCCOC(=O)C(C)=C.C12C3C(C(C1)CC2)C=CC3']",16.9006627030452
"12","['C[C@H](CCO)CCC=C(C)C']",28.838546713965
"13","['CC/C=C\\CCO']",33.7379677681972
"14","['CC1=C(C)C(NC2=NC(SCC(O)=O)=NC(Cl)=C2)=CC=C1']",67.3701227060746
"15","['ClC(Cl)C(C1=CC=C(Cl)C=C1)C2=C(Cl)C=CC=C2']",67.4286781233646
"16","['CC1(C)N(CO)C(=O)NC1=O']",2.76865520268967
"17","['COC1=CC2=C(C=C1)N(C(=O)C3=CC=C(Cl)C=C3)C(C)=C2CC(O)=O']",73.2212907110486
"18","['CCO[Si](CCCNC(N)=O)(OCC)OCC']",15.8306792305016
"19","['CC(O)CN']",-0.308679528681026
"20","['CC1(C)N(Br)C(=O)N(Cl)C1=O']",21.4200361151455
"21","['FC(F)(F)C1=CC=C(Cl)C=C1']",45.6892413885139
"22","['[O-][N+](=O)C1=CC=C(Cl)C=C1']",61.4405841271006
"23","['CCCCCCCCCCN']",35.356161464457
"24","['CCCCCCCCCCO']",36.3844764681836
"25","['CCCCCCCCCCCCS']",46.4367562023262
"26","['CCCCCCCCCCCCO']",38.9085927201286
"27","['CCCCCCCCCCCCN1CCCC1=O']",28.244194795182
"28","['CCOCC(C)O']",7.32726747990921
"29","['CCCCCCCCCCCCCCCCO']",42.116670978857
"30","['CCCCCCO']",26.7127298595401
"31","['COCC(C)O']",4.03349682813924
"32","['CCC(C)(C)C1CCC(CC1)OC']",12.4145623964898
"33","['CN1C=C(C(=O)C(=C1)C2=CC(=CC=C2)C(F)(F)F)C3=CC=CC=C3']",68.0551922217893
"34","['CC1=C2C=CC=CC2=CC=C1']",59.0865102696592
"35","['CCCCCCCCCCCC(=O)OCC(O)CO']",34.7702737950996
"36","['OC(=O)CC1=C2C=CC=CC2=CC=C1']",64.926800822975
"37","['OC1=CC=CC2=CC=CC=C12']",68.5634145801463
"38","['CCCCCCCCO']",32.6765332859823
"39","['CCCCCC(O)C=C']",31.8450407839658
"40","['CCCCCCCCN1CCCC1=O']",21.400444018361
"41","['CC(O)COC1=CC=CC=C1']",41.8368438058602
"42","['O=C1C=CC(=O)N1C2=CC=CC=C2']",50.0596545076605
"43","['NC(=O)NC1=CC=CC=C1']",35.7257556328038
"44","['CCCOCC(C)O']",12.9501380249194
"45","['CCCCCCCCCCCCC=C']",43.0627011989362
"46","['CCCCCCCCCCCCCO']",39.8897040510076
"47","['CC(C1=CC=C(C)C(C)=C1)C2=CC=C(C)C(C)=C2']",60.6426878394915
"48","['C[SiH](O[Si](C)(C)C)O[Si](C)(C)C']",17.8351853818484
"49","['CC(O)CN(CCN(CC(C)O)CC(C)O)CC(C)O']",12.5675180863433
"50","['C1=CC2=C(N=C1)C3=C(C=CC=N3)C=C2']",65.415354544377
"51","['O=CC1=CC=CC=C1C=O']",51.0999425809144
"52","['CC(C)CCCCCCCOC(=O)C1=CC=CC=C1C(=O)OCCCCCCCC(C)C']",47.2750263364399
"53","['O(C[C@@H]([C@H](CCC)CC)CCC)C(=O)C=1C(C(OCCCCCCCCCCCC)=O)=CC=CC1']",46.9544285381617
"54","['OC1=C(O)C=CC=C1']",65.9501800791357
"55","['BrCCBr']",20.3382129716574
"56","['FC(F)(F)C1=CC=C(Cl)C(Cl)=C1']",55.6296664109274
"57","['ClC1=C(Cl)C=CC=C1']",52.5660750138844
"58","['CC1=CC=CC(=C1C)[N+]([O-])=O']",64.3791887060197
"59","['[O-][N+](=O)C1=C(C=CC=C1)[N+]([O-])=O']",74.1032718431005
"60","['C(COC1=CC=CC=C1)OC2=CC=CC=C2']",56.3325960287114
"61","['O=C(CC1=CC=CC=C1)C2=CC=CC=C2']",56.5983128845988
"62","['I.I.NCCN']",6.91301239543685
"63","['CCCCOC(CC)O']",17.0335014492308
"64","['CC(O)CO']",3.05872058024227
"65","['O=C1NC(=O)C2CC=CCC12']",9.60302543490108
"66","['ClC1=CC(Cl)=C(Cl)C=C1']",62.7039911710689
"67","['CC1=CC(C)=C(C)C=C1']",47.7488335005652
"68","['ClC1=CC(Cl)=C(Cl)C=C1Cl']",73.9214277060406
"69","['CC1=CC(C)=C(C)C=C1C']",51.8377023499972
"70","['ClC(=O)C1=CC(=CC=C1)C(Cl)=O']",53.6151936359513
"71","['CC(O)CCO']",10.2408499836627
"72","['C1C=CC=C1']",13.1183667590795
"73","['Cl.ClC1=CC2=C(CN3CCCCCC3=N2)C(Cl)=C1']",40.2459509804089
"74","['ClC1=CC(Cl)=CC=C1']",50.8605599174009
"75","['[O-][N+](=O)C1=CC(=CC=C1)[N+]([O-])=O']",68.7998537273887
"76","['O=C(CC(=O)C1=CC=CC=C1)C2=CC=CC=C2']",56.6421966446361
"77","['CCN1CN(CC)CN(CC)C1']",-4.0966263240913
"78","['CC(C)C1=CC(=CC(=C1)C(C)C)C(C)C']",37.6517083338146
"79","['C[Si]1(O[Si](C)(O[Si](C)(O[Si](C)(O1)C=C)C=C)C=C)C=C']",34.7765763314243
"80","['NC1=CC=C(N)C=C1']",45.9083748032076
"81","['OC(=O)C1CCC(CC1)C(O)=O']",15.0205846265778
"82","['NC1=CC=C(N)C2=C1C(=O)C3=CC=CC=C3C2=O']",87.1114356463668
"83","['ClC1=CC=C(Cl)C=C1']",48.9794835384241
"84","['CC1=CC=C(C)C2=C1C=CC=C2']",62.645293607748
"85","['C\\1C/C=C/CC/C=C/CC/C=C1']",38.1651679533377
"86","['NCCCCCCN']",26.289369775072
"87","['CC12CCC(CC1)C(C)(C)O2']",6.42465767847813
"88","['OC(=O)CCCCCCCCC=C']",38.6606015426361
"89","['CCCCCC(=O)O[C@@]1(CC[C@H]2[C@@H]3CCC4=CC(=O)CC[C@]4(C)[C@H]3CC[C@]12C)C(C)=O']",9.64693981100658
"90","['C[C@]12CC[C@H]3[C@@H](CCC4=C3C=CC(O)=C4)[C@@H]1CC[C@H]2O']",19.0874503638547
"91","['C12CC[C@@](O)(C#C)[C@@]1(C)CCC3C4=C(CCC23)C=C(O)C=C4']",27.7999009740837
"92","['CC(=O)[C@@]1(O)CC[C@H]2[C@@H]3CCC4=CC(=O)CC[C@]4(C)[C@H]3CC[C@]12C']",3.14372828045506
"93","['C12CC[C@H](O)[C@@]1(C)CCC3C4=CC=C(O)C=C4CCC23']",24.7201333587223
"94","['CCCCOCCOCCO']",22.524555606047
"95","['CC1=C(OCC(O)=O)C=CC(Cl)=C1']",60.4379734994879
"96","['CCNCCO']",2.57836321766918
"97","['CC(OC1=CC(Cl)=CC=C1)C(O)=O']",52.6051334628876
"98","['OCCC(F)(F)C(F)(F)C(F)(F)C(F)(F)C(F)(F)C(F)(F)F']",82.32244839027
"99","['CC(=C)C(=O)OCCC(F)(F)C(F)(F)C(F)(F)C(F)(F)C(F)(F)C(F)(F)F']",72.9513204085438
"100","['CCOCCOCCOCCO']",19.0239526384128
"101","['COCCOCCOCCO']",17.8917835576357
"102","['OC1=CC=C(C=C1)C(=O)CBr']",60.1485488725055
"103","['CCC(C)=NO']",9.30422354360206
"104","['CCCCOCCOC(C)=O']",19.5902252489346
"105","['OCC#CCO']",19.7605533706282
"106","['ClC=1C=C(C2=CC=CC=C2)C=CC1O']",75.6038899966022
"107","['ClCC=O']",-1.65489428967594
"108","['ClCC(=O)C1=CC=CC=C1']",44.5512175314095
"109","['OCCCl']",7.04916205071181
"110","['CCCCC(CC)CO']",27.8280830648596
"111","['CCCC(O)C(CC)CO']",25.9243322070894
"112","['CCCC=C(CC)C=O']",25.654138844659
"113","['CCC1=CC=CC(C)=C1N']",51.9620921547913
"114","['CCCCC(CC)C(O)=O']",28.0088643869807
"115","['CCCCC(CC)COC(C)=O']",25.0819813884573
"116","['CCCCC(CC)COP(=O)(OC1=CC=CC=C1)OC2=CC=CC=C2']",56.8455037389336
"117","['CCCCC(CC)COC(=O)CS']",36.7923568498848
"118","['CCC1=C(O)C=CC=C1']",55.4604634297401
"119","['CCCCCC(C)=O']",25.4945241599726
"120","['COC1=CC=C(C(=O)C2=CC=CC=C2)C(O)=C1']",75.85292984277
"121","['CC(=O)C1=CC=CC=C1O']",59.44600851616
"122","['OCCOC(=O)C=C']",19.6322939135001
"123","['CCCCCCCCSCCO']",46.547633386735
"124","['SC1=NC2=C(S1)C=CC=C2']",90.8408795091754
"125","['COC1=CC=C(C)C=C1N']",59.1642072901587
"126","['COCCO']",6.1035782238413
"127","['COC1=C(O)C=CC=C1']",62.8737200925707
"128","['CC(O)CC(C)(C)O']",11.9506283676428
"129","['CC1=C(N)C=CC=C1']",44.0514055710011
"130","['Cl.CC1=CC=CC=C1N']",41.7746890870527
"131","['CCC(C)COC(=O)CC(C)C']",19.1027452767815
"132","['CC(CCC#N)C#N']",8.12455363301634
"133","['CC(C)C#N']",-12.9890064736868
"134","['NC1=CC=CC=C1[N+]([O-])=O']",64.5341016373758
"135","['CCCCCCCCCCC(CO)CCCCCCCC']",41.7629597159611
"136","['CCCC(C)=O']",16.8384442918816
"137","['OCCOC1=CC=CC=C1']",46.5949740289011
"138","['OCCC1=CC=CC=C1']",42.8378146969989
"139","['O=C(OCCC1=CC=CC=C1)C2=CC=CC=C2']",53.7593592339391
"140","['OC1=C(C=CC=C1)C2=CC=CC=C2']",72.5817013646416
"141","['CCCOCCO']",16.3573105932935
"142","['O=C1CCCN1']",-5.29318537001206
"143","['CCC(C)C1CCCCC1=O']",16.203112765816
"144","['CCC1=CC(=C(O)C=C1)C(C)(C)C']",52.4645991492743
"145","['CC1=CC(O)=C(C=C1)C(C)(C)C']",52.2130050482741
"146","['CCCCCCCCCC(C)=O']",34.964275791527
"147","['NC(=O)C(Br)(Br)C#N']",34.2219996056695
"148","['OC1=C(CC2=C(O)C=CC=C2)C=CC=C1']",73.3876540519106
"149","['CC1=CC(CC2=CC(C)=CC(=C2O)C(C)(C)C)=C(O)C(=C1)C(C)(C)C']",68.1603999664265
"150","['CCC1=CC(CC2=C(O)C(=CC(CC)=C2)C(C)(C)C)=C(O)C(=C1)C(C)(C)C']",66.7367965324759
"151","['CC(C)(C1=CC(Cl)=C(O)C(Cl)=C1)C2=CC(Cl)=C(O)C(Cl)=C2']",86.3871119574987
"152","['CC1=C(C)C(O)=CC=C1']",56.9054860836879
"153","['CC1=CC=CC(=C1[N+]([O-])=O)[N+]([O-])=O']",78.539505135148
"154","['CC(C)(C1=CC=CC=C1)C2=CC(=C(O)C=C2)C(C)(C)C3=CC=CC=C3']",64.5298438170343
"155","['CC(C)NC1=NC(NC(C)C)=NC(Cl)=N1']",19.5092523091378
"156","['ClC1=C(OCC([O-])=O)C=CC(Cl)=C1.[Na+]']",65.6625574264529
"157","['CCCCOCCOC(=O)COC1=C(Cl)C=C(Cl)C=C1']",52.3632074788518
"158","['C1=CC(=C(C=C1Cl)Cl)OCC(=O)O']",64.9510815519177
"159","['OC(=O)CCCOC1=CC=C(Cl)C=C1Cl']",59.1680080563393
"160","['OC1=CC=C(C(=O)C2=CC=CC=C2)C(O)=C1']",78.784704851619
"161","['OC1=C(C=C(C=C1)[N+]([O-])=O)[N+]([O-])=O']",79.9343032226486
"162","['CC1=C(C=C(C=C1)[N+]([O-])=O)[N+]([O-])=O']",73.7396579222891
"163","['OC1=C(Cl)C=C(Cl)C(Cl)=C1']",78.4091200481423
"164","['OC(=O)COC1=C(Cl)C=C(Cl)C(Cl)=C1']",72.609806915247
"165","['OC1=C(Br)C=C(Br)C=C1Br']",94.9553248032935
"166","['OC1=C(Cl)C=C(Cl)C=C1Cl']",80.2027361611575
"167","['CC1=CC(C)=C(C(O)=O)C(C)=C1']",65.2500212155236
"168","['CC1=CC(C)=C(O)C(C)=C1']",64.8966571169724
"169","['C=CCOC1=NC(OCC=C)=NC(OCC=C)=N1']",48.6911168059409
"170","['OC1=CC(Cl)=CC=C1Cl']",67.9833800469697
"171","['CC(C)(C)OOC(C)(C)CCC(C)(C)OOC(C)(C)C']",13.8093429890943
"172","['CC(C)(C)C1=CC=CC(=C1O)C(C)(C)C']",47.8553768711776
"173","['ClC1=CC=CC(Cl)=C1C#N']",68.5884891400001
"174","['CCC1=CC=CC(CC)=C1N']",53.5700939806342
"175","['CN(C)CCCN']",9.20243823801695
"176","['CCO[Si](CCCN)(OCC)OCC']",19.7806156427457
"177","['CCC1=CC=CC(O)=C1']",53.4923335411362
"178","['OC1=CC2=C(CC3=CC=CC=C23)C=C1']",82.2917973322801
"179","['CC(C)C1=CC=CC(O)=C1']",46.4763198164546
"180","['CC(C)CCOC(C)=O']",12.4623125285681
"181","['CC1=CC(=CC=C1)[N+]([O-])=O']",59.0214095743609
"182","['COCCOCCC[Si](C)(O[Si](C)(C)C)O[Si](C)(C)C']",25.562741133641
"183","['OC(=O)C1=CC(OC2=CC=CC=C2)=CC=C1']",71.073827202977
"184","['CCCC(CC)C1=CC=CC=C1']",43.4966642838798
"185","['N#CC1=CN=CC=C1']",36.4313548623915
"186","['CC(C)(C)C1=CC=CC(O)=C1']",45.4932990987644
"187","['CC1CC(O)CC(C)(C)C1']",11.3693013990158
"188","['CC1CC(CC(C)(C)C1)OC(=O)C2=C(O)C=CC=C2']",39.4724608758658
"189","['CC1=CC(=CC=C1N)C2=CC=C(N)C(C)=C2']",72.4249908327099
"190","['Cl.Cl.CC1=C(N)C=CC(=C1)C2=CC(C)=C(N)C=C2']",67.2986123182129
"191","['CC(C)(C1=CC(Br)=C(O)C(Br)=C1)C2=CC(Br)=C(O)C(Br)=C2']",95.7957096329748
"192","['C1COC=CC1']",9.85842904952991
"193","['NC1=CC(Cl)=CC(Cl)=C1']",59.9001454031838
"194","['CC(CCO)CC(C)(C)C']",19.924559274239
"195","['CCCCOCCOCCOCCOCCO']",24.2629676678089
"196","['CC(C)=CCCC(C)=CC=O']",32.451658811786
"197","['CCC(C)(O)CCCC(C)C']",22.6436411770258
"198","['CCC(C)(CCCC(C)C)OC(C)=O']",24.6529299955974
"199","['CC1=CN([C@H]2C[C@H](N=[N+]=[N-])[C@@H](CO)O2)C(=O)NC1=O']",5.77514653911301
"200","['CC(C)(C)C1=CC=C(O)C=C1']",44.9040042983891
"201","['CC(C)(C)CC(C)(C)C1=CC=C(O)C=C1']",43.6252927739727
"202","['CCC(C)(C)C1=CC=C(O)C=C1']",46.7519289426629
"203","['CC(=O)C=CC1=C(C)CCCC1(C)C']",25.0050322747665
"204","['ClC1=CC=C(CCC(CN2C=NC=N2)(C#N)C3=CC=CC=C3)C=C1']",52.4870636893144
"205","['CCC(C)C1=CC=C(O)C=C1']",48.7381277786584
"206","['CCC(C)(C)C1CCC(=O)CC1']",14.1149460212572
"207","['NN1C=NN=C1']",12.5042302996547
"208","['NC1=CC=C(C=C1)C(O)=O']",54.5429162673216
"209","['CCOCN1C(=C(C#N)C(Br)=C1C(F)(F)F)C2=CC=C(Cl)C=C2']",67.3291562199641
"210","['CCCCC1=CC=C(Cl)C=C1']",49.8536619468096
"211","['CN(C)S(=O)(=O)N1C(=NC(Cl)=C1C2=CC=C(C)C=C2)C#N']",52.895478758778
"212","['ClC1=C(C(=C(O[H])C(=C1[H])[H])[H])C([H])([H])[H]']",61.2605550855124
"213","['ClC1=CC=C(C=C1)C(Cl)(Cl)Cl']",50.4268067712107
"214","['OC1=CC=C(Cl)C=C1']",54.6906847204775
"215","['OC(=O)COC1=CC=C(Cl)C=C1']",54.8608947516224
"216","['NC(=O)NC1=CC=C(Cl)C=C1']",44.2913021470878
"217","['CC(C)(C1=CC=CC=C1)C2=CC=C(O)C=C2']",59.7001218822005
"218","['O=C1CCC(CC1)C2CCCCC2']",15.1713993785195
"219","['CCCCCCCCCCCCN1CCOCC1']",26.4528344303343
"220","['CCCCCCCCCCCCC1=CC=C(O)C=C1']",52.6574705380405
"221","['CCOC1=CC=C(N)C=C1']",52.0367702122803
"222","['CCC1COC(=O)O1']",11.2009305188249
"223","['CCCCCCOC1=CC=C(N)C=C1']",50.7211693326211
"224","['CC(=O)C1=CC=C(O)C=C1']",53.6627392964313
"225","['OC(=O)C1=CC=C(O)C=C1']",59.9762984991015
"226","['CC(C)C1=CC=C(O)C=C1']",45.7386622831709
"227","['COC1=CC=C(C=O)C=C1']",49.9526447887236
"228","['CC(C)CC(C)O']",6.76064715832722
"229","['CC(C)=CC(C)=O']",21.5436069401152
"230","['CC1=CC=C(C=C)C=C1']",51.853319825071
"231","['OC(=O)C1=CC=C(C=C1)[N+]([O-])=O']",64.1243908521687
"232","['OC1=CC=C(C=C1)[N+]([O-])=O']",65.6217265257873
"233","['O=NC1=CC=C(NC2=CC=CC=C2)C=C1']",53.4257610877024
"234","['CC1=CC=C(C=C1)[N+]([O-])=O']",58.3020489688338
"235","['CCCCCCCCCC1=CC=C(O)C=C1']",52.8367418319408
"236","['CC(C)CCCCCCC1=CC=C(O)C=C1']",48.3190058327737
"237","['CCCCCCCCC1=CC=C(O)C=C1']",52.9306773963262
"238","['CCCCCC1=CC=C(N)C=C1']",48.4057400605466
"239","['OC1=CC=C(C=C1)C2=CC=CC=C2']",68.2471527825265
"240","['CCCC1CCC(=O)CC1']",17.4066981993881
"241","['CC(C)(C)C1=CC=C(N)C=C1']",39.3170889768445
"242","['CC(C)(C)C1=CC=C(S)C=C1']",53.8620991047933
"243","['CC(C)(C)C1CCC(=O)CC1']",11.9171322021725
"244","['CC(C)(C)C1=CC=C(OC(=O)C2=C(O)C=CC=C2)C=C1']",67.7952596159292
"245","['CC1=CC=C(C=C1)C(C)(C)C']",38.295489621345
"246","['CC1=CC=C(C=C1)S(N)(=O)=O']",44.0277057272808
"247","['C1OC1C2CCC3OC3C2']",5.88467114936608
"248","['CC(CCC(O)=O)(C1=CC=C(O)C=C1)C2=CC=C(O)C=C2']",64.766956517777
"249","['CC(C)(C)C1=CC=C(C=C1)C2=CC=C(C=C2)C(C)(C)C']",54.0027241731802
"250","['NC1=CC=C(CC2=CC=C(N)C=C2)C=C1']",62.7035931621824
"251","['O1CCN(CC1)SSN2CCOCC2']",27.3314510751775
"252","['CN(C)C1=CC=C(CC2=CC=C(C=C2)N(C)C)C=C1']",52.6288412339827
"253","['CC1=C(N)C=CC(CC2=CC(C)=C(N)C=C2)=C1']",67.2180854982671
"254","['NC1=CC=C(OC2=CC=C(N)C=C2)C=C1']",71.2466527210907
"255","['OC1=CC=C(C=C1)S(=O)(=O)C2=CC=C(O)C=C2']",68.9104127233744
"256","['CC(C1=CC=C(O)C=C1)(C2=CC=C(O)C=C2)C3=CC=C(O)C=C3']",80.0031675074732
"257","['ClC1=C(Cl)C(=O)SS1']",105.505578166964
"258","['CC1=C(O)C(=CC(=C1)[N+]([O-])=O)[N+]([O-])=O']",83.1638348027538
"259","['CCC1(C)NC(=O)NC1=O']",1.73477682199914
"260","['FC1=CNC(=O)NC1=O']",14.8515904907128
"261","['COC1=C(N)C=C(C=C1)[N+]([O-])=O']",69.845165022689
"262","['CC1(C)NC(=O)N(C1=O)C2=CC(=C(C=C2)[N+]([O-])=O)C(F)(F)F']",50.122015064855
"263","['CC1(C)NC(=O)NC1=O']",-2.99459220186878
"264","['O=C1NC(=O)C(N1)(C2=CC=CC=C2)C3=CC=CC=C3']",55.1640484983295
"265","['C12CC[C@H](O)[C@@]1(C)CCC3C2CCC4CC(=O)CC[C@]34C']",7.06756449456062
"266","['OC1=CC2=CC=C(SSC3=CC4=CC=C(O)C=C4C=C3)C=C2C=C1']",97.6027793211009
"267","['CC1=CC(=O)NC(=S)N1']",27.2973229065851
"268","['CC1=CC2=CC=CN=C2C=C1']",56.876702605858
"269","['[Na+].CCCCC(CC)CCC(CC(C)C)OS([O-])(=O)=O']",34.5024985553414
"270","['[K+].CC1=CC(=O)[N-]S(=O)(=O)O1']",48.06394446205
"271","['CC(=O)NC1=CC=C(O)C=C1']",49.2887572184777
"272","['[Na+].CC1=C(OCC([O-])=O)C=CC(Cl)=C1']",61.477364959316
"273","['CCC(CC)C(C)CCOC(=O)C']",22.6429074848201
"274","['CCOCN(C(=O)CCl)C1=C(CC)C=CC=C1C']",47.4605804849068
"275","['CC(=O)C1=CC=CC=C1']",40.3169616703004
"276","['C12C[C@@]3(CC(C(C)=O)=C1C)[C@H](C)CCC3C2(C)C']",8.08696147499366
"277","['CSC(=O)C1=CC=CC2=C1SN=N2']",88.2081688150671
"278","['S([O-])(=O)(=O)C=1C=C2C(C(/N=N/C=3C(=CC=CC3)C(F)(F)F)=C(N)C=C2)=C(O)C1.[Na+]']",81.0731772223609
"279","['OC(=O)C1=C(C=CC(OC2=CC=C(C=C2Cl)C(F)(F)F)=C1)[N+]([O-])=O']",80.6357698297451
"280","['NC(=O)C=C']",1.57523211689715
"281","['CCCCCCCCCCCC(=O)OCC(C)OC(=O)CCCCC(=O)O']",34.4207082758669
"282","['CCC1=CC=CC(CC)=C1N(COC)C(=O)CCl']",49.9557566933697
"283","['CSC(C)(C)C=NO']",27.6560032666927
"284","['CNC(=O)ON=CC(C)(C)S(C)(=O)=O']",13.7413862520056
"285","['CNC(=O)ON=CC(C)(C)S(C)=O']",16.2004469810208
"286","['C12CC(C=C1)C3C2[C@]4(Cl)C(Cl)=C(Cl)[C@@]3(Cl)C4(Cl)Cl']",21.6395205211924
"287","['O1C(C1)COCCCCCCCCCCCC']",33.2967322736257
"288","['NC(=O)NC1NC(=O)NC1=O']",1.56439402875518
"289","['S([O-])(=O)(=O)C=1C(=CC(\\N=N\\C=2C3=C(C=C(S([O-])(=O)=O)C=C3)C=CC2O)=C(OC)C1)C.[Na+].[Na+]']",85.6875916575947
"290","['OCC=C']",14.0706795603674
"291","['CCCCCC(C=O)=CC1=CC=CC=C1']",48.1051165131898
"292","['CC(=O)/C=C/C1C(C)=CCCC1(C)C']",34.5956189669111
"293","['CC(=O)C(C)=CC1C(C)=CCCC1(C)C']",25.747690614761
"294","['[Na+].CCCCCCCCCCCCOCCOS([O-])(=O)=O']",39.968228252064
"295","['CCCC(=O)OC(C)(C)CC1=CC=CC=C1']",42.4722902788604
"296","['CCNC1=NC(SC)=NC(NC(C)C)=N1']",31.4648591965355
"297","['Cl.CCCCC1=C(C(=O)C2=CC(I)=C(OCCN(CC)CC)C(I)=C2)C3=C(O1)C=CC=C3']",76.8121290725404
"298","['CN(C=NC1=C(C)C=C(C)C=C1)C=NC2=C(C)C=C(C)C=C2']",57.4570411128546
"299","['[NH4+].NC([O-])=O']",9.29832776361201
"300","['[NH4+].[S-]C#N']",12.3363733320371
"301","['[NH4+].[O-]C(=O)C(F)(F)C(F)(F)C(F)(F)C(F)(F)C(F)(F)C(F)(F)C(F)(F)F']",91.4700090945689
"302","['[NH4+].NS([O-])(=O)=O']",30.7784977920859
"303","['S(O)(=O)(=O)C1=C(C=C(C=C1)C)C.N']",55.5758630447941
"304","['CC(C)(C#N)C1=CC(=CC(CN2C=NC=N2)=C1)C(C)(C)C#N']",42.8260619538195
"305","['OC(CCCCCC)CC=CCCCCCCCC(OCCN(CCOC(=O)CCCCCCCC=CCC(O)CCCCCC)CCOC(=O)CCCCCCCC=CCC(O)CCCCCC)=O']",39.921668319637
"306","['OC1=CC=C(C=C1)C2=CC(=O)C3=C(O2)C=C(O)C=C3O']",88.0903625583666
"307","['CC(=O)OC1=C(C=CC=C1)C(O)=O']",63.9142793367143
"308","['COC(=O)NS(=O)(=O)C1=CC=C(N)C=C1']",43.362446994552
"309","['CC(C)NCC(O)COC1=CC=C(CC(N)=O)C=C1']",38.5684119142112
"310","['[Ca].[Ca+2].FC1=CC=C(C=2N(C(C(C)C)=C(C2C3=CC=CC=C3)C(=O)NC4=CC=CC=C4)CC[C@@H](O)C[C@@H](O)CC([O-])=O)C=C1.FC1=CC=C(C=2N(C(C(C)C)=C(C2C3=CC=CC=C3)C(=O)NC4=CC=CC=C4)CC[C@@H](O)C[C@@H](O)CC([O-])=O)C=C1']",62.8416628823057
"311","['CCNC1=NC(NC(C)C)=NC(Cl)=N1']",21.6919111744647
"312","['[Na+].[O-]C(=O)C1=CC=C2N(CC3=NOC(=C3)C4=CC=C(Cl)S4)C(=NC2=C1)C(=O)NC5CCN(CC5)C6CC6']",59.2614220541343
"313","['COP(=O)(OC)SCN1C(=O)OC2=CC(Cl)=CN=C12']",56.8077814626211
"314","['CN1C=NC(=C1SC2=NC=NC3=C2NC=N3)[N+]([O-])=O']",74.2996542388304
"315","['[Cl-].CCNC1=CC=C(C(C2=CC=C(C=C2)N(CC)CC)=C3C=CC(C=C3)=[N+](CC)CC)C4=C1C=CC=C4']",67.308387591416
"316","['CNC(=O)OC1=CC=CC2=C1OC(C)(C)O2']",63.0529662375578
"317","['CCCCN(CC)C1=C(C=C(C=C1[N+]([O-])=O)C(F)(F)F)[N+]([O-])=O']",62.2092202009608
"318","['IC1=C(C=CC=C1)C(=O)NC2=CC=CC=C2']",67.2442797314722
"319","['CCCCNC(=O)N1C(NC(=O)OC)=NC2=C1C=CC=C2']",42.7423089656873
"320","['CC(C)OP(=S)(OC(C)C)SCCNS(=O)(=O)C1=CC=CC=C1']",45.4876066969417
"321","['ClC(Cl)C1=CC=CC=C1']",38.2586757128416
"322","['CCOC(=O)C1=CC=C(N)C=C1']",51.8504309803504
"323","['OC(=O)C1=CC=CC=C1']",47.6322852362383
"324","['OC(C(=O)C1=CC=CC=C1)C2=CC=CC=C2']",58.505461032508
"325","['O=C(C1=CC=CC=C1)C2=CC=CC=C2']",61.0335019500346
"326","['ClC(Cl)(Cl)C1=CC=CC=C1']",43.1414921971584
"327","['OC1=CC=C(C=C1)C(=O)OCC2=CC=CC=C2']",63.5033176664352
"328","['CC(=O)OCC1=CC=CC=C1']",40.1265573352439
"329","['OCC1=CC=CC=C1']",41.1785615046536
"330","['O=C(OCC1=CC=CC=C1)C2=CC=CC=C2']",56.6044382851004
"331","['CCCCOC(=O)C1=C(C=CC=C1)C(=O)OCC2=CC=CC=C2']",61.9755889845445
"332","['O=C(OCC1=CC=CC=C1)C=CC2=CC=CC=C2']",53.0702637052564
"333","['[Cl-].[N+](CCCCCCCCCC)(CC1=CC=CC=C1)(C)C']",43.5579439845239
"334","['CCCCC(CC)COC(=O)CCCCC(=O)OCC1=CC=CC=C1']",39.6553856302882
"335","['FC1=CC=C(CC2CCN(CCS(=O)C3=CC=C4NC(=O)OC4=C3)CC2)C=C1']",45.7947459996695
"336","['CC1=C(C=CC=C1COC(=O)[C@@H]2[C@H](/C=C(\\Cl)/C(F)(F)F)C2(C)C)C3=CC=CC=C3']",51.3744528089606
"337","['CC(C)OP(C)(=O)OC(C)C']",9.6663525851059
"338","['CCCCC(CC)COC(=O)/C=C\\C(=O)OCC(CC)CCCC']",35.5087852979998
"339","['CCCCC(CC)COC(=O)C1=C(Br)C(Br)=C(Br)C(Br)=C1C(=O)OCC(CC)CCCC']",68.4870362374412
"340","['CCCCC(CC)COC(=O)CCCCC(=O)OCC(CC)CCCC']",32.795833716154
"341","['CC(C)(C1=CC=C(O)C=C1)C2=CC=C(O)C=C2']",66.0890064535159
"342","['CC(C)(C1=CC=C(OCC2CO2)C=C1)C3=CC=C(OCC4CO4)C=C3']",52.4844777249827
"343","['OC1=CC=C(C=C1)C(C2=CC=C(O)C=C2)(C(F)(F)F)C(F)(F)F']",74.9275897975642
"344","['CCC(C)(C1=CC=C(O)C=C1)C2=CC=C(O)C=C2']",68.2779394259613
"345","['OB(O)O']",-5.45868708724051
"346","['ClC1=CC=C(C=C1)C2=C(NC(=O)C3=C(Cl)N=CC=C3)C=CC=C2']",72.6876723241217
"347","['CCC(C)N1C(=O)NC(C)=C(Br)C1=O']",26.0749403005707
"348","['OC1=C(Br)C=C(C=C1Br)C#N']",86.3144556539416
"349","['CS(=O)(=O)OCCCCOS(C)(=O)=O']",30.0062785448156
"350","['CCCCOCN(C(=O)CCl)C1=C(CC)C=CC=C1CC']",47.7849292982548
"351","['CN1C(=O)N(C(=O)C=C1C(F)(F)F)C2=CC(C(=O)OC(C)(C)C(=O)OCC=C)=C(Cl)C=C2']",52.2535308816887
"352","['CC(C)N(CC1=CC=CC=C1)C(=O)C(C)(C)C']",25.9334054975859
"353","['CCCCOC(=O)C=C']",22.5321735398732
"354","['CCCCOC(=O)C1=CC=CC=C1']",46.0293547434061
"355","['CCCCOCC1CO1']",16.8846242570337
"356","['CCSC(=O)N(CC(C)C)CC(C)C']",24.6389909371194
"357","['CCCCC1=CC=CC=C1']",42.4350980432285
"358","['CCCCC1=CC2=C(C=CC=C2S(=O)(=O)[O-])C=C1.[Na+]']",66.9141269863388
"359","['CCCCOC(=O)C1=CC=C(O)C=C1']",55.0436639313143
"360","['CCCC=NO']",14.0080259636629
"361","['[Na+].[Na+].OC1=C(N=NC2=CC=CC=C2)C3=C(C=C(C=C3C=C1)S([O-])(=O)=O)S([O-])(=O)=O']",77.9531287021305
"362","['[Na+].CC1=NN(C(=O)C1N=NC2=CC=CC=C2)C3=CC=C(C=C3)S([O-])(=O)=O']",55.6012787551221
"363","['[Na+].[Na+].CC1=NN(C(=O)C1N=NC2=CC=C(C=C2)S([O-])(=O)=O)C3=CC(Cl)=C(C=C3Cl)S([O-])(=O)=O']",67.0291996655217
"364","['C1=CC=C2C(=C1)C(=O)C(C2=O)C3=NC4=C(C=C(C=C4C=C3)S(=O)(=O)[O-])S(=O)(=O)[O-].[Na+].[Na+]']",78.5118894416337
"365","['[Na+].CC1=NN(C(=O)C1/N=N/C2=CC=CC=C2)C3=CC(=CC=C3Cl)S([O-])(=O)=O']",64.0162527124326
"366","['CC1=C(N)C=C(C=C1)[N+]([O-])=O']",64.1861062850692
"367","['S([O-])(=O)(=O)C=1C=C2C(=C(O)C1/N=N/C3=CC=C(/N=N/C4=CC=C(S([O-])(=O)=O)C=C4)C=C3)C=CC(NC(=O)C5=CC=CC=C5)=C2.[Na+].[Na+]']",81.8232227822391
"368","['COC1=CC(=CC=C1N)C2=CC(OC)=C(N)C=C2']",80.3816477162566
"369","['Cl.Cl.COC1=CC(=CC=C1N)C2=CC=C(N)C(OC)=C2']",74.7715134556166
"370","['CCCCCCCCCCCCCCCS(=O)(=O)OC1=CC=CC=C1']",51.6500542811518
"371","['[Ca+2].[O-]C(=O)C(CCCCCC)(C)C.[O-]C(=O)C(CCCCCC)(C)C']",28.423421258411
"372","['CC1(C)C2CCC(C2)C1=C']",15.4336544318385
"373","['COCCOC[C@H](CC1(CCCC1)C(=O)N[C@H]2CC[C@H](CC2)C(O)=O)C(=O)OC3=CC4=C(CCC4)C=C3']",29.5970171597525
"374","['O=C1CCCCCN1']",-0.400510238377869
"375","['O=C1N(SC(Cl)(Cl)Cl)C(=O)C2CC=CCC12']",34.1405029124204
"376","['NC(=O)N1C2=CC=CC=C2C=CC3=C1C=CC=C3']",70.8779237300283
"377","['COC(=O)NC1=NC2=CC=CC=C2N1']",40.7390096204752
"378","['CCCCN(CCCC)SN(C)C(=O)OC1=C2OC(C)(C)CC2=CC=C1']",53.7972750475398
"379","['CC1=C(SCCO1)C(=O)NC2=CC=CC=C2']",57.1598017344647
"380","['CS(O)(=O)=O.CC(C)C1=CC=C(C=C1S(C)(=O)=O)C(=O)N=C(N)N']",44.657784957504
"381","['CC1=CC=C(C=C1)C2=CC(=NN2C3=CC=C(C=C3)S(N)(=O)=O)C(F)(F)F']",64.3680335228857
"382","['CC(=O)C1=CC(=CC2=C1CCC2(C)C)C(C)(C)C']",43.7725598890119
"383","['NC1=C(Cl)C(=CC(Cl)=C1)C(O)=O']",74.0604268425199
"384","['CC1=CC=C(S(=O)(=O)[N-]Cl)C=C1.O.O.O.[Na+]']",49.2370827625151
"385","['ClC1CC2C(C1Cl)C3(Cl)C(Cl)=C(Cl)C2(Cl)C3(Cl)Cl']",29.0980834978005
"386","['OC(=O)C1C(C(O)=O)C2(Cl)C(Cl)=C(Cl)C1(Cl)C2(Cl)Cl']",49.3661546388814
"387","['CCOP(=S)(OCC)OC(Cl)C(Cl)(Cl)Cl']",43.5546464699644
"388","['NC1=C(Cl)C(=O)N(N=C1)C2=CC=CC=C2']",56.1019411314963
"389","['ClC1=CC=C(C=C1)C(C(=O)C2C(=O)C3=C(C=CC=C3)C2=O)C4=CC=CC=C4']",73.0897968850017
"390","['ClC=1C=C(C=CC1)C.C=1C=C(C=CC1Cl)C']",46.374221242886
"391","['CC(C)OC(=O)NC1=CC=CC(Cl)=C1']",42.19698293961
"392","['CCOP(=S)(OCC)OC1=NC(Cl)=C(Cl)C=C1Cl']",71.7218031652082
"393","['CCOP(=O)(OCC)OC1=NC(Cl)=C(Cl)C=C1Cl']",60.4896031247793
"394","['COP(=S)(OC)OC1=NC(Cl)=C(Cl)C=C1Cl']",74.8423065527376
"395","['COC(=O)C1=C(Cl)C(Cl)=C(C(=O)OC)C(Cl)=C1Cl']",82.3789569047148
"396","['OC1=CC2=C(C(O)=C1)C(=O)C=C(O2)C3=CC=CC=C3']",83.3948549059252
"397","['NC1=CC2=C3N(CCC3=C1)C(=O)[C@H](NC(=O)C4=CC=CN=C4)N=C2C5=CC=CC=C5']",57.23869934221
"398","['CC(C)[C@]12CC[C@](C)(O1)[C@@H](C2)OCC3=C(C)C=CC=C3']",16.4241913942712
"399","['OC(=O)CC(O)(CC(O)=O)C(O)=O']",33.5361122035616
"400","['CCOC(=O)CC(CC(=O)OCC)(OC(C)=O)C(=O)OCC']",31.7032134881867
"401","['CC(CCO)CCC=C(C)C']",30.5089047232785
"402","['NC(=O)N(O)[C@H]1C[C@@H](OC2=CC=CC(OC3=CC=C(F)C=C3)=C2)C=C1']",52.5957824409152
"403","['NC1=NC(Cl)=NC2=C1N=CN2[C@H]3C[C@H](O)[C@@H](CO)O3']",25.0971603976973
"404","['C[C@@H](OC1=CC=C(OC2=NC=C(Cl)C=C2F)C=C1)C(=O)OCC#C']",68.289671940667
"405","['CCOC(=O)C(C)(C)OC1=CC=C(Cl)C=C1']",46.4682776313977
"406","['OC(=O)C1=C(Cl)C=CC(Cl)=N1']",60.9584575931581
"407","['OC1=C(CC2=CC=CC=C2)C=C(Cl)C=C1']",69.7492492547498
"408","['COC(=O)C(CC1=CN=CN1)N.Cl']",19.3021630369869
"409","['COC1=CC2=C(C(OC)=C1OC)C3=CC=C(OC)C(=O)C=C3[C@H](CC2)NC(C)=O']",67.0185365263408
"410","['[Co].[Co].[Co].[Co].[Co].[Co].[Co].[Co].[Co].[Co].[Co].[Co].[Co].[Co].[Co].[Co].[Co].[Co]']",27.3021886745666
"411","['C[C@]12C[C@H](O)[C@H]3[C@@H](CCC4=CC(=O)CC[C@]34C)[C@@H]1CC[C@@H]2C(=O)CO']",3.03590723571099
"412","['CN1[C@@H](CCC1=O)C2=CN=CC=C2']",19.1530343556581
"413","['O[C@@H]1[C@H](CC2=CC=CC(=C2)C(O)=O)COC3=C1C=C(OCC4=NC5=C(S4)C=CC(F)=C5)C=C3']",73.4916043508897
"414","['CC(CC1=CC=C(OCC(O)=O)C=C1)NCC(O)C2=CSC(=N2)C(F)(F)F']",57.5383519228325
"415","['FC1=CC=C(C2(O)CCN([C@H]3[C@@H](O)C4=C(OC3)C=C(O)C=C4)CC2)C=C1']",39.4531672857463
"416","['CCC1=NN(C2CCCCC2)C3=C1C=CC(=C3)[C@]4(CC[C@@H](CC4)C(O)=O)C#N']",32.460942041036
"417","['CS(O)(=O)=O.CCOC1=CC=CC(=C1)[C@]2(CC[C@H](C)CC2)N3CCN(CC3)C4=CC=CC=C4']",28.0883513540389
"418","['CC(C)(O)C1=CC=C(CNC(=O)C2=CC=CN=C2OC3=CC=C(F)C=C3)C=C1']",64.9607715375023
"419","['[Na+].CC(C)C1=CC=CC(C(C)C)=C1NC(=O)[N-]S(=O)(=O)C2=CC(=CO2)C(C)(C)O']",57.0237996923757
"420","['ONC(=O)C1(CCCC1)N(CCC(O)=O)S(=O)(=O)C2=CC=C(OC3=CC=C(F)C=C3)C=C2']",45.8658988355919
"421","['CC[C@@H]1C[C@H](N(CC2=CC(=CC(=C2)C(F)(F)F)C(F)(F)F)C(C)=O)C3=C(C=CC(=C3)C(F)(F)F)N1C(=O)OC(C)C']",39.6750179106622
"422","['ONC(=O)C1(CCOCC1)NS(=O)(=O)C2=CC=C(OC3=CC=C(F)C=C3)C=C2']",46.3264809516868
"423","['CNCC1=C(OC2=CC=C(Cl)C(Cl)=C2)C=CC(F)=C1']",76.1689970096705
"424","['CC(C)(O)C1=CC=C(CNC(=O)C2=CC=CN=C2OC3=CC4=NON=C4C=C3)C=C1']",67.2672089796902
"425","['CC1=CC(NC(=O)C(O)=O)=CC(C)=C1OC2=CC=C(O)C3=C2CCC3']",73.0066458306389
"426","['C[C@@H](O)C1=NC(=CC=N1)N2[C@@H](C)CN(C[C@H]2C)C3=NC(C)=NC(C)=N3']",20.2373417743942
"427","['C[C@@H](OC1=CC=C(CNC(=O)C2=CC=CN=C2OC3=CC=C4OCOC4=C3)C(F)=C1)C(O)=O']",74.4928678715017
"428","['OC(CCCCCC)C/C=C/CCCCCCCOC(OCCOC(COCCOC(OCCCCCCC\\C=C\\CC(O)CCCCCC)=O)COCCOC(OCCCCCCC\\C=C\\CC(O)CCCCCC)=O)=O']",41.7725316109969
"429","['CCNC1=NC(NC(C)(C)C#N)=NC(Cl)=N1']",23.1641055889379
"430","['CSC1=NC(NC(C)(C)C)=NC(NC2CC2)=N1']",31.3858588062755
"431","['OC(=O)C1(CC1)C(=O)NC2=CC=C(Cl)C=C2Cl']",51.9301770905572
"432","['O=C(C1CCC1)C2=CC=CC=C2']",38.2538326335535
"433","['OC1CCCCCCCCCCC1']",15.8815062774338
"434","['O=C1CCCCC1']",13.3469747534493
"435","['ON=C1CCCCC1']",16.1190126133391
"436","['[C@H]1(C[C@@H](C)C[C@H](C)C1=O)[C@H](O)CC2CC(=O)NC(=O)C2']",5.01573246236637
"437","['NC1CCCCC1']",9.8386773118184
"438","['O=C(C1CCCCC1)C2=CC=CC=C2']",34.4392200628164
"439","['C12NC[C@@H](C)C[C@H]1O[C@]3(CCC4C(C[C@H]5C4CC=C6C[C@@H](O)CC[C@]56C)=C3C)[C@@H]2C']",3.69026664816142
"440","['O.ClCCN(CCCl)P1(=O)NCCCO1']",5.15033163247332
"441","['CC1(C)C(C=C(Cl)Cl)C1C(=O)OC(C#N)C2=CC=C(F)C(OC3=CC=CC=C3)=C2']",61.8981696955207
"442","['CCCCOC(=O)[C@@H](C)OC1=CC=C(OC2=C(F)C=C(C=C2)C#N)C=C1']",65.4462877075667
"443","['CC1=NC(NC2=CC=CC=C2)=NC(=C1)C3CC3']",47.0349356763494
"444","['NC1=NC(NC2CC2)=NC(N)=N1']",20.4515405349531
"445","['Cl.O1C(N2C=CC(=NC2=O)N)C(O)[C@H](O)C1CO']",15.3602021105083
"446","['NC1=CC=C(C=C1)S(=O)(=O)C2=CC=C(N)C=C2']",61.9526575494645
"447","['ClC1=CC=C(C=C1)C(C2=CC=C(Cl)C=C2)C(Cl)(Cl)Cl']",69.5466299285557
"448","['CCCCCCCCCC=O']",33.8949379899931
"449","['OC(=O)CCCCCCCCC(O)=O']",33.4695862209456
"450","['CCCCCCCCCC(O)=O']",34.4474590654546
"451","['CCN(CC)C(=O)C1=CC=CC(C)=C1']",42.462440378991
"452","['CC(=O)C1C(=O)C=C(C)OC1=O']",39.4847302993658
"453","['C12CCC(=O)[C@@]1(C)CCC3C2CC=C4C[C@@H](O)CC[C@]34C']",7.67703856417126
"454","['CCNC1=NC(N)=NC(Cl)=N1']",24.2617222498919
"455","['[O-]C(=O)C1=CC=CC=C1.CC[N+](CC)(CC(=O)NC1=C(C)C=CC=C1C)CC2=CC=CC=C2']",51.1031069702488
"456","['O=C1[N-]S(=O)(=O)C2=C1C=CC=C2.CC[N+](CC)(CC(=O)NC1=C(C)C=CC=C1C)CC2=CC=CC=C2']",58.717357027366
"457","['P(OCC(=O)[C@]1(O)[C@@]2(C(C3[C@](F)([C@@H](O)C2)[C@@]4(C(CC3)=CC(=O)C=C4)C)C[C@H]1C)C)([O-])([O-])=O.[Na+].[Na+]']",14.6562315464056
"458","['CCCCCCCCOC(=O)C1=C(C=CC=C1)C(=O)OCCCCCCCC']",52.2393818844574
"459","['CC(C)(C)OOC(C)(C)C']",5.60102421182491
"460","['CCCCC(CC)COC(=O)C1=C(C=CC=C1)C(=O)OCC(CC)CCCC']",49.0410983756719
"461","['CC(=O)CC(C)(C)O']",20.9320181749369
"462","['C=CCOC(=O)C1=C(C=CC=C1)C(=O)OCC=C']",62.398385952044
"463","['S=P(OC1=NC(=NC(=C1)C)C(C)C)(OCC)OCC']",50.4917707876331
"464","['OCNC(=O)N(CO)C1N(CO)C(=O)N(CO)C1=O']",16.5099120115006
"465","['S1C2=C(C=CC=C2)C3=C1C=CC=C3']",88.9125352011943
"466","['CCCCOC(=O)C1=CC=CC=C1C(=O)OCCCC']",54.8714857243567
"467","['CCCCOC(=O)CCCCC(=O)OCCCC']",29.1446570981152
"468","['CCCCOC(=O)CCCCCCCC(=O)OCCCC']",32.4235324859915
"469","['CCCCOC(=O)CCCCCCCCC(=O)OCCCC']",33.343632263096
"470","['COC1=C(Cl)C=CC(Cl)=C1C(O)=O']",79.7266956642003
"471","['ClC(Cl)C(=O)N(CC=C)CC=C']",26.6144708689528
"472","['OC1=CC=C(Cl)C=C1CC2=CC(Cl)=CC=C2O']",81.0419225904552
"473","['CC(OC1=C(Cl)C=C(Cl)C=C1)C(O)=O']",61.385193099145
"474","['COP(=O)(OC)OC=C(Cl)Cl']",30.0518396280178
"475","['OC(C1=CC=C(Cl)C=C1)(C2=CC=C(Cl)C=C2)C(Cl)(Cl)Cl']",75.4680180728031
"476","['CC(C)(OOC(C)(C)C1=CC=CC=C1)C2=CC=CC=C2']",43.4257536429255
"477","['C1CCC(CC1)SSC2CCCCC2']",45.0174379244924
"478","['O=C(OC1CCCCC1)C2=C(C=CC=C2)C(=O)OC3CCCCC3']",42.0324094086277
"479","['[Na+].[O-]S(=O)(=O)C(CC(=O)OC1CCCCC1)C(=O)OC2CCCCC2']",33.6682440466011
"480","['C1C=CC2C3CC(C=C3)C12']",21.9595415346144
"481","['OC[C@@H]1CC[C@@H](O1)N2C=NC3=C2N=CNC3=O']",17.6774535853561
"482","['ClC1=C(Cl)[C@]2(Cl)[C@@H]3[C@@H]4C[C@@H]([C@H]5O[C@@H]45)[C@@H]3[C@@]1(Cl)C2(Cl)Cl']",3.88324847345927
"483","['OCCNCCO']",7.08820628511187
"484","['CCOC(=O)CCC(=O)OCC']",19.5571555215571
"485","['[P+](OCC)(OCC)=O']",31.799132536419
"486","['CCOC(=O)C1=CC=CC=C1C(=O)OCC']",57.9434626437929
"487","['CCOS(=O)(=O)OCC']",17.3163370609648
"488","['OCCOCCO']",15.4485644570508
"489","['C1=CC=C(C=C1)C(=O)OCCOCCOC(=O)C2=CC=CC=C2']",51.0532191805517
"490","['COCCOCCO']",14.1971108008516
"491","['CC/C(=C(/CC)\\C1=CC=C(O)C=C1)/C2=CC=C(O)C=C2']",85.632959470758
"492","['COS([O-])(=O)=O.CN1C(=CC(C2=CC=CC=C2)=[N+]1C)C3=CC=CC=C3']",62.8645833830757
"493","['FC1=CC=CC(F)=C1C(=O)NC(=O)NC2=CC=C(Cl)C=C2']",65.466634271746
"494","['COC1=CC=C(C=C1)N2N=C(C=C2C3=CC=C(C=C3)S(C)=O)C(F)F']",69.9923342756531
"495","['C[C@H]1O[C@H](C[C@H](O)[C@@H]1O)O[C@H]2[C@@H](O)C[C@H](O[C@H]3[C@@H](O)C[C@H](O[C@H]4CC[C@@]5(C)[C@H](CC[C@@H]6[C@@H]5C[C@@H](O)[C@]7(C)[C@H](CC[C@]67O)C8=CC(=O)OC8)C4)O[C@@H]3C)O[C@@H]2C']",0.111119250997113
"496","['CCCCCCOC(=O)CCCCC(=O)OCCCCCC']",33.2791460760237
"497","['CCCCCCOC(=O)C1=C(C=CC=C1)C(=O)OCCCCCC']",53.0354051247514
"498","['OC(CCCC(C=C)=C)(C)C']",33.13645606318
"499","['CC(C)COC(=O)CCCCC(=O)OCC(C)C']",22.6097951136333
"500","['CC(C)CCCCCCCOC(=O)CCCCC(=O)OCCCCCCCC(C)C']",33.7083128258548
"501","['CC(C)CCCCCCCOP(OCCCCCCCC(C)C)OC1=CC=CC=C1']",45.039525230835
"502","['CC(C)CCCCCCOC(=O)CCCCC(=O)OCCCCCCC(C)C']",32.3400003709227
"503","['CC(C)CCCCCCOC(=O)C1CCCCC1C(=O)OCCCCCCC(C)C']",28.7100827852386
"504","['CC(C)CCCCCOC(=O)CCCCC(=O)OCCCCCC(C)C']",30.7351618409832
"505","['CC(O)CNCC(C)O']",1.77668147191368
"506","['CC(C)OC(=O)C1=CC=CC=C1C(=O)OC(C)C']",50.6826663465695
"507","['CNC(=O)CSP(=S)(OC)OC']",48.5403408708001
"508","['CC1CC(OC(C)=O)OC(C)O1']",0.733535170007315
"509","['CO[Si](C)(C)OC']",1.49102918190555
"510","['COC(=O)CCCC(=O)OC']",13.5998547293139
"511","['COC(=O)C1=CC(=CC=C1)C(=O)OC']",53.0174816036836
"512","['COP(C)(=O)OC']",3.06284937572493
"513","['COC(=O)C1=C(C=CC=C1)C(=O)OC']",57.5202206498735
"514","['COC(=O)CCC(=O)OC']",10.425071239732
"515","['COS(=O)(=O)OC']",6.74796773236937
"516","['COC(=O)C1=CC=C(C=C1)C(=O)OC']",53.1332081546087
"517","['NC=1C(=C(C=CC1)C)C.NC1=C(C=CC=C1C)C.NC1=CC(=C(C=C1)C)C.NC1=C(C=C(C=C1)C)C.NC1=C(C=CC(=C1)C)C.NC1=CC(=CC(=C1)C)C']",50.2975457312802
"518","['C[As](C)(O)=O']",3.23635500792505
"519","['CN(C)C(Cl)=O']",-8.27239997653331
"520","['C[Sn](C)(Cl)Cl']",-5.02331785002184
"521","['CC(C)(C)C(O)/C(=C\\C1=C(Cl)C=C(Cl)C=C1)/N2C=NC=N2']",64.8736557023079
"522","['O(C=1C(N(=O)=O)=CC=CC1)C(=O)/C=C/C.ON=O.C(CCCC)CCC']",47.8440150295832
"523","['CCC(C)C1=CC(=CC(=C1O)[N+]([O-])=O)[N+]([O-])=O']",75.3609558691779
"524","['CNC(NCC1CCOC1)=N[N+]([O-])=O']",11.1162770902583
"525","['CC(C)CCCCCCOC(=O)C1=CC=CC=C1C(=O)OCCCCCCC(C)C']",47.1292621423199
"526","['CCCCCOC(=O)C1=C(C=CC=C1)C(=O)OCCCCC']",53.7071347821799
"527","['O=C(OC1=CC=CC=C1)C2=CC(=CC=C2)C(=O)OC3=CC=CC=C3']",73.7180145489354
"528","['O(C1=CC=CC=C1)C2=CC=CC=C2']",64.2315864543768
"529","['OP(=O)(OC1=CC=CC=C1)OC2=CC=CC=C2']",67.6522279058958
"530","['N(C1=CC=CC=C1)C2=CC=CC=C2']",51.8922142594231
"531","['CCCOC(=O)C1=CC=C(N=C1)C(=O)OCCC']",50.3678970822744
"532","['O(C(CO)C)C(CO)C.O(CC(O)C)CC(O)C']",9.42957228738929
"533","['O(CC(OC(=O)C1=CC=CC=C1)C)CC(OC(=O)C2=CC=CC=C2)C']",48.2172779323164
"534","['CSC(=O)C1=C(N=C(C(C(=O)SC)=C1CC(C)C)C(F)(F)F)C(F)F']",65.8647634357263
"535","['CN(C)C(=O)NC1=CC(Cl)=C(Cl)C=C1']",45.1459997152938
"536","['C=1(C(=CC=CC1)C=C)C=C']",64.0019965589626
"537","['CC(C)CCC[C@@H](C)CCC[C@@H](C)CCC[C@]1(C)CCC2=C(O1)C(C)=C(C)C(OC(C)=O)=C2C']",44.5395995536018
"538","['[Na+].CCCCC(CC)COC(=O)CC(C(=O)OCC(CC)CCCC)S([O-])(=O)=O']",39.3846430579649
"539","['CCCCCCCCCCCCC1=CC=CC=C1']",46.8923276708313
"540","['CCCCCCCCCCCCC1=CC(=CC=C1)S(=O)(=O)O.C(CO)N(CCO)CCO']",41.0182683460273
"541","['S(O)(=O)(=O)C=1C(CCCCCCCCCCCC)=CC=CC1']",52.9585981570915
"542","['OC1=CC=C(C=C1)CCCCCCCCCCCC']",52.6574694446095
"543","['[Cl-].[Cl-].[Cl-].[Dy+3]']",12.5983594013284
"544","['OC(=O)/C=C/C1=CC=CC=C1']",55.0608504798832
"545","['ClC1=C(Cl)C2(Cl)C3COS(=O)OCC3C1(Cl)C2(Cl)Cl']",30.0511813825515
"546","['ClC1=C(Cl)[C@]2(Cl)[C@@H]3COS(=O)OC[C@@H]3[C@@]1(Cl)C2(Cl)Cl']",14.2621480771515
"547","['OC(=O)C1C2CCC(O2)C1C(O)=O']",14.7352078811835
"548","['CCOP(=S)(OC1=CC=C(C=C1)[N+]([O-])=O)C2=CC=CC=C2']",79.5354414598936
"549","['FC1=CC=C(C=C1)[C@@]2(CN3C=NC=N3)O[C@@H]2C4=C(Cl)C=CC=C4']",46.5665185803734
"550","['CC[C@H]1OC(=O)[C@H](C)[C@@H](O[C@H]2C[C@@](C)(OC)[C@@H](O)[C@H](C)O2)[C@H](C)[C@@H](O[C@@H]3O[C@H](C)C[C@@H]([C@H]3O)N(C)C)[C@](C)(O)C[C@@H](C)C(=O)[C@H](C)[C@@H](O)[C@]1(C)O']",-1.96059135690546
"551","['CC(C)[C@H](C(=O)O[C@H](C#N)C1=CC=CC(OC2=CC=CC=C2)=C1)C3=CC=C(Cl)C=C3']",63.6129144431348
"552","['COC1=CC=C(CC=C)C=C1']",57.6551883062298
"553","['C[C@]12CC[C@H]3[C@@H](CCC4=C3C=CC(O)=C4)[C@@H]1C[C@@H](O)[C@@H]2O']",17.3468044225455
"554","['C12CCC(=O)[C@@]1(C)CCC3C4=C(CCC23)C=C(O)C=C4']",23.9105712556989
"555","['CCOC1OC2=C(C=C(OS(C)(=O)=O)C=C2)C1(C)C']",57.1687110103102
"556","['CCOC(=O)CC1=CC=CC2=C1C=CC=C2']",59.6719769680788
"557","['CCOC(=O)C1OC1C2=CC=CC=C2']",38.3784116019118
"558","['CCC(=O)C1=CC=C(Cl)C=C1']",49.7122780373039
"559","['CCN(CCO)CCO']",13.9167638380898
"560","['CCCCCC(=O)OCC']",23.1830547482902
"561","['CCCCCCCC/C=C\\CCCCCCCC(=O)OCC']",41.7072477660049
"562","['CCOC(OCC)OCC']",9.2439098892527
"563","['CCOC(=O)CC']",9.12642510126823
"564","['CCOC(=O)CCCCCCCCC=C']",35.5330069816682
"565","['OCCO']",6.1651033997465
"566","['CCOCCOC(C)=O']",12.5929250492233
"567","['O=C(OCCOCCOCCOC(=O)C1=CC=CC=C1)C2=CC=CC=C2']",48.0094413000722
"568","['CCOC(=O)C1=CC=C(O)C=C1']",56.6777123771764
"569","['CCOC1=CC=C(C=C1)C(C)(C)COCC2=CC(OC3=CC=CC=C3)=CC=C2']",64.2204159632087
"570","['CCOC1=C(C=CC(=C1)C(C)(C)C)C2COC(=N2)C3=C(F)C=CC=C3F']",64.931758439161
"571","['COC1=C(O)C=CC(CC=C)=C1']",72.4769944114056
"572","['[K+].CCC1=CC(=CC2=C1OCO2)C3=C(N(C4=CC=CC=C4C(F)(F)F)S(=O)(=O)C5=C3C=CC=C5)C([O-])=O']",78.6512537840695
"573","['CC(C)=CCCC(C)=CCCC(C)=CCO']",41.3967398757021
"574","['[Na+].[Na+].CCN(CC1=CC(=CC=C1)S([O-])(=O)=O)C2=CC=C(C=C2)C(=C3C=CC(C=C3)=[N+](CC)CC4=CC(=CC=C4)S([O-])(=O)=O)C5=C(C=C(O)C=C5)S([O-])(=O)=O']",76.6334886883311
"575","['S([O-])(=O)(=O)C1=CC2=C(C(/N=N/C3=CC=C(S([O-])(=O)=O)C=C3)=C(O)C=C2)C=C1.[Na+].[Na+]']",81.5414849752362
"576","['CSC1=N[C@](C)(C(=O)N1NC2=CC=CC=C2)C3=CC=CC=C3']",48.0740532317103
"577","['CC1(C)C2CCC(C)(C2)C1O']",11.8940608079236
"578","['COP(=S)(OC)OC1=CC=C(C(C)=C1)[N+]([O-])=O']",75.6447230841299
"579","['CC(C)OC(=O)C(C)(C)OC1=CC=C(C=C1)C(=O)C2=CC=C(Cl)C=C2']",59.0147046554256
"580","['CCOC(=O)NCCOC1=CC=C(OC2=CC=CC=C2)C=C1']",56.6285735877192
"581","['COP(=S)(OC)OC1=CC(C)=C(SC)C=C1']",78.6891433553261
"582","['CN(C)C(=O)NC1=CC=CC=C1']",27.5365174999653
"583","['NC1=C(C(=NN1C2=C(Cl)C=C(C=C2Cl)C(F)(F)F)C#N)S(=O)C(F)(F)F']",71.1717548839692
"584","['O=C1C=C(OC2=CC=CC=C12)C3=CC=CC=C3']",70.9193035330594
"585","['[O-][N+](=O)C1=CC(=C(Cl)C(=C1NC2=C(Cl)C=C(C=N2)C(F)(F)F)[N+]([O-])=O)C(F)(F)F']",74.9445773416899
"586","['OC(CN1C=NC=N1)(CN2C=NC=N2)C3=C(F)C=C(F)C=C3']",49.6348849906242
"587","['CC(C)N(C(=O)COC1=NN=C(S1)C(F)(F)F)C2=CC=C(F)C=C2']",62.7389590946747
"588","['FC1=CC=CC(F)=C1C(=O)NC(=O)NC2=C(F)C=C(OC3=C(Cl)C=C(C=C3)C(F)(F)F)C=C2']",76.5433965339355
"589","['CCOC(=O)COC1=CC(N2N=CC(=C(C)C2=O)C(F)(F)F)=C(F)C=C1Cl']",62.4172454500537
"590","['CCN(CC1=C(Cl)C=CC=C1F)C2=C(C=C(C=C2[N+]([O-])=O)C(F)(F)F)[N+]([O-])=O']",73.1837554114383
"591","['FC1=CC2=C(C=C1N3C(=O)C4=C(CCCC4)C3=O)N(CC#C)C(=O)CO2']",56.8313339665131
"592","['CN(C)C(=O)NC1=CC=CC(=C1)C(F)(F)F']",35.4185225683671
"593","['OCCC(F)(F)C(F)(F)C(F)(F)C(F)(F)C(F)(F)C(F)(F)C(F)(F)C(F)(F)F']",88.1970857983796
"594","['CO/N=C(/C1=NOCCO1)\\C2=C(OC3=NC=NC(OC4=CC=CC=C4Cl)=C3F)C=CC=C2']",82.8592836512197
"595","['NC1=C(Cl)C(F)=NC(OCC(O)=O)=C1Cl']",71.2982298616937
"596","['CCCCCCC(C)OC(=O)COC1=NC(F)=C(Cl)C(N)=C1Cl']",57.2088869458026
"597","['C[Si](CN1C=NC=N1)(C2=CC=C(F)C=C2)C3=CC=C(F)C=C3']",57.0277633797763
"598","['CC(C)C(=O)NC1=CC(=C(C=C1)[N+]([O-])=O)C(F)(F)F']",50.9815830481243
"599","['CC(C)OC1=CC(NC(=O)C2=C(C=CC=C2)C(F)(F)F)=CC=C1']",59.0137796127936
"600","['CS(=O)(=O)NC(=O)C1=CC(OC2=CC=C(C=C2Cl)C(F)(F)F)=CC=C1[N+]([O-])=O']",74.9868493844228
"601","['ClC1=NC=CC(NC(=O)NC2=CC=CC=C2)=C1']",49.9422571941566
"602","['C=O']",-0.108266746259197
"603","['NC=O']",-19.0859952639439
"604","['CC1=C(C2=C(O1)C(NC(=O)C3=C(Cl)C=CC=C3Cl)=CC=C2)C(C)(C)O']",76.2262228148559
"605","['OC(=O)/C=C/C(O)=O']",32.6671970253285
"606","['CCCOC(=O)C1=CC(O)=C(O)C(O)=C1']",77.3366041893863
"607","['O=C1CCCO1']",5.511507202139
"608","['CCC1CCC(=O)O1']",11.1035473664742
"609","['CCCC1CCC(=O)O1']",15.017057218149
"610","['CCCCCC1CCC(=O)O1']",20.9604058307422
"611","['CC(C)=CCC/C(/C)=C/COC(C)=O']",40.4248346701022
"612","['C12CC[C@@]3(O)C[C@]1(CC3=C)[C@@H](C(O)=O)C4[C@@]5(C)[C@@H](O)C=C[C@@]24OC5=O']",8.46112044443715
"613","['CCCCCCCC(=O)OCC(CO)O']",29.9227666582205
"614","['CCCCCCCCC=CCCCCCCCC(=O)OCC(CO)O']",38.7931786854532
"615","['CCCCCCC(CC=CCCCCCCCC(=O)OCC(CO)O)O']",37.5385759479537
"616","['CCCCCCCCCCCCCCCCCC(=O)OCC(O)CO']",39.099418846196
"617","['OCC1CO1']",5.82177481097803
"618","['CCCCCCCCCC1=CC=C(OCCO)C=C1']",51.7080739172483
"619","['C12C(NC(=O)N1)NC(=O)N2']",-9.23372264931943
"620","['CCCCCCC(CCCCCCCCCCC(=O)OCC(COC(=O)C)OC(=O)C)OC(=O)C']",34.1228614965525
"621","['NC(=O)CN(CC(F)(F)F)C1=CC(=C(C=C1)C#N)C(F)(F)F']",45.2185176998285
"622","['CC1=CC=C(C=C1)S(O)(=O)=O.CCN(C(C)C)C(=O)C1=CC(OC[C@H](C)NC2=CC=NC=C2)=CC(C)=C1']",47.2725092582617
"623","['C12[C@@H]3O[C@@H]3[C@H](Cl)C1[C@@]4(Cl)C(Cl)=C(Cl)C2(Cl)C4(Cl)Cl']",14.492245324553
"624","['CCCCCCC=O']",26.5176191240715
"625","['CCCCCCC(O)=O']",28.0596083331563
"626","['CCCCCCC(=O)C1=CC=CC=C1']",45.0147344163274
"627","['CCCCCCCOC(=O)CCC']",30.4356054822893
"628","['CCCCCCCOC(=O)C1=CC=C(O)C=C1']",53.3800502044523
"629","['ClC(Cl)=C(Cl)C(Cl)=C(Cl)Cl']",66.5163345991087
"630","['ClC1=C(Cl)C(Cl)(Cl)C(Cl)=C1Cl']",75.1458670557793
"631","['CCCCC(O)(CN1C=NC=N1)C2=CC=C(Cl)C=C2Cl']",53.0541837088666
"632","['CCCCCCCCCCCCCCCC']",41.9899442386432
"633","['CCCCCCCCCCCCCCCC(O)=O']",40.6228044542965
"634","['FC(F)C(F)(F)OC1=C(Cl)C=C(NC(=O)NC(=O)C2=C(F)C=CC=C2F)C=C1Cl']",77.2748034688673
"635","['O=C(OCCCCCCOC(=O)C1=CC=CC=C1)C2=CC=CC=C2']",52.4243630750766
"636","['N#CCCCCC#N']",16.318047672692
"637","['OC(=O)CCCCC(O)=O']",25.4599367503573
"638","['O(CC(C(CC)C)C)C(=O)CCCCCC(OCC(CCC)CC)=O']",28.9466334624438
"639","['CCCCCC(O)=O']",24.812256014498
"640","['CN(C)C1=NC(=O)N(C2CCCCC2)C(=O)N1C']",9.96098194368197
"641","['CCCCCCOC(=O)C1=CC=CC=C1']",46.0177654681623
"642","['C[C@H]1[C@@H](SC(=O)N1C(=O)NC2CCCCC2)C3=CC=C(Cl)C=C3']",35.8243672548909
"643","['NS(=O)(=O)C1=CC2=C(NCNS2(=O)=O)C=C1Cl']",48.5349196398671
"644","['OC1=CC=C(O)C=C1']",60.2972729843616
"645","['COC1=CC=C(OC)C=C1']",53.6767745768379
"646","['CC(CCCC(C)(C)O)CC=O']",23.9897750241262
"647","['CC(C)(O)C(=O)NC1=CC(=C(C=C1)[N+]([O-])=O)C(F)(F)F']",50.5685208968806
"648","['CCC(C)OC(=O)N1CCCCC1CCO']",13.8989124834685
"649","['CC(C)CCCCCCC1=CC=C(C=C1)OCCOCCO']",45.1736148620926
"650","['O=C1NC(=NC1(C(C)C)C)C2=C(C=CC(=C2)C)C(OC)=O']",42.7338671315973
"651","['CC(C)C1(C)NC(=NC1=O)C2=NC=C(C)C=C2C(O)=O']",42.8954767811561
"652","['CC(C)C1(C)N=C(NC1=O)C2=NC3=C(C=CC=C3)C=C2C(O)=O']",50.8502444892804
"653","['CCC1=CN=C(C2=NC(C)(C(C)C)C(=O)N2)C(=C1)C(O)=O']",42.9359156868057
"654","['N1C=CN=C1']",0.524322454840679
"655","['OCN1C(NC(=O)NCNC(=O)NC2N(CO)C(=O)NC2=O)C(=O)NC1=O']",11.6783050016107
"656","['[As]#[In]']",-21.4240394228218
"657","['COC(=O)N(C(=O)N1CO[C@]2(CC3=C(C=CC(Cl)=C3)C2=N1)C(=O)OC)C4=CC=C(OC(F)(F)F)C=C4']",52.3311699503449
"658","['O[C@H]([C@H](CC1=CC=CC=C1)NC(=O)C2=CC3=CC(Cl)=CC=C3N2)C(=O)N4C[C@H](O)[C@H](O)C4']",36.8487759763448
"659","['[Na+].COC(=O)C1=C(C=C(I)C=C1)S(=O)(=O)[N-]C(=O)NC2=NC(OC)=NC(C)=N2']",62.7327352853825
"660","['CCC(CC1=C(I)C=C(I)C(N)=C1I)C(O)=O']",84.6272566202574
"661","['CCOP(=S)(OCC)OC1=NN(C(C)C)C(Cl)=N1']",43.6893951667615
"662","['CC1(C)[C@@H]2CC[C@@]1(C)[C@H](O)C2']",1.86317186457203
"663","['CC(=O)O[C@H]1C[C@@H]2CC[C@@]1(C)C2(C)C']",2.81368706528438
"664","['O([C@H]1[C@]2(C(C(C1)CC2)(C)C)C)C(=O)CC']",4.95372617681807
"665","['COC1=CC(C=CC)=CC=C1O']",70.1219823901601
"666","['NNC(=O)C1=CC=NC=C1']",32.8262414857448
"667","['CC(C)CCCCCCCCCCCCCCC(=O)O']",38.2608871770533
"668","['CC(C)CCCCCOC(=O)C=C']",25.8475241459985
"669","['CC(C)OC(C)=O']",4.98978971829289
"670","['CC(C)OC=O']",-2.8736980960043
"671","['CCCCCCCCCCCCCC(=O)OC(C)C']",34.58476010358
"672","['CC(C)C1=CC=C(C)C(O)=C1']",51.5195390758562
"673","['CCC(C)(CC)C1=NOC(NC(=O)C2=C(OC)C=CC=C2OC)=C1']",63.0593037636747
"674","['CO/N=C(/C(=O)OC)\\C1=C(COC2=C(C)C=CC=C2)C=CC=C1']",72.9123461537282
"675","['O[C@H]([C@@H](O)C(O)=O)C(O)=O']",20.4047351272649
"676","['CCOC(=O)C(C)OC(=O)C1=C(C=CC(OC2=C(Cl)C=C(C=C2)C(F)(F)F)=C1)[N+]([O-])=O']",70.5198863073529
"677","['[C@H]1(O[C@@H]2O[C@H](CO)[C@H](O)[C@H](O)[C@H]2O)[C@H](O)[C@@H](O)[C@H](O)O[C@@H]1CO']",-1.30713511846687
"678","['CC1(C)[C@H](/C=C(\\Cl)/C(F)(F)F)[C@@H]1C(=O)O[C@@H](C#N)C2=CC(OC3=CC=CC=C3)=CC=C2']",52.0047720472898
"679","['CC(C)=CCC[C@](C)(O)[C@H]1CCC(C)=CC1']",25.3751214940018
"680","['C12CC[C@@](O)(C#C)[C@@]1(CC)CCC3C4CCC(=O)C=C4CCC23']",13.8410393671269
"681","['CC(C)=CCCC(C)(O)C=C']",34.7493690343911
"682","['CC(C)=CCCC(C)(OC(C)=O)C=C']",35.3235498846715
"683","['CCCCC/C=C\\C/C=C\\CCCCCCCC(O)=O']",47.0624770165552
"684","['CON(C)C(=O)NC1=CC=C(Cl)C(Cl)=C1']",44.167493500874
"685","['CC1=CC(O)=CC=C1']",52.2944033327326
"686","['CC1=CC(C)=CC=C1']",43.575618203322
"687","['[Mg+2].[O-]C(=O)C1=CC=CC=C1.[O-]C(=O)C1=CC=CC=C1']",50.8150196093879
"688","['CCOC(=O)CC(SP(=S)(OC)OC)C(=O)OCC']",50.5925304549336
"689","['OC(=O)/C=C\\C(O)=O']",25.4001140465301
"690","['O=C1NNC(=O)C=C1']",2.51683366803995
"691","['OC(CC(O)=O)C(O)=O']",21.9755242156446
"692","['C(CNC(=S)[S-])NC(=S)[S-].C(CNC(=S)[S-])NC(=S)[S-].[Mn+2].[ZnH2+2]']",59.0131476096715
"693","['[Mn+2].[S-]C(=S)NCCNC([S-])=S']",58.6106075450088
"694","['CCCCC(CC)COC(=O)C1=CC=CC=C1C(O)=O']",53.5507675875844
"695","['CC(C)OC1=CC=CC(NC(=O)C2=C(C)C=CC=C2)=C1']",60.3206614736026
"696","['CC[C@@H]([C@@H](CC)C1=CC=C(O)C=C1)C2=CC=C(O)C=C2']",58.5543002218693
"697","['CS(=O)(=O)C1=CC(=C(C=C1)C(=O)C2C(=O)CCCC2=O)[N+]([O-])=O']",59.6787671746327
"698","['COCC(=O)N(C(C)C(=O)OC)C1=C(C)C=CC=C1C']",44.3511387921604
"699","['CC1(C)CCC(CC2=CC=C(Cl)C=C2)C1(O)CN3C=NC=N3']",29.7207432519253
"700","['CC(=C)C(N)=O']",5.71050071111366
"701","['CC(=C)C#N']",0.282131860501138
"702","['Cl.CCC(=O)C(CC(C)N(C)C)(C1=CC=CC=C1)C2=CC=CC=C2']",49.3852973355219
"703","['COP(N)(=O)SC']",21.1875333195285
"704","['N12C(N3C(N(C(N(C1([H])[H])C3([H])[H])([H])[H])C2([H])[H])([H])[H])([H])[H]']",-1.08652447848265
"705","['COC1=NN(CSP(=S)(OC)OC)C(=O)S1']",68.5009643616091
"706","['CN1C=CNC1=S']",21.5166604263773
"707","['CNC(=O)ON=C(C)SC']",20.6647748893636
"708","['COC1=CC=C(C=C1)C(C2=CC=C(OC)C=C2)C(Cl)(Cl)Cl']",69.4000314465773
"709","['COC1=CC=CC(C(=O)NN(C(=O)C2=CC(C)=CC(C)=C2)C(C)(C)C)=C1C']",56.6774226179595
"710","['COC(=O)C1=C(O)C(C)=C(O)C=C1C']",77.7514475397405
"711","['CCCCCCCCCC(=O)OC']",29.099395615009
"712","['CCCCCC1C(CC(=O)OC)CCC1=O']",21.049754452053
"713","['CCCCCCCCCCCC(=O)OC']",32.3116181822725
"714","['CCCCCCCC(=O)OC']",24.6867323217496
"715","['COP(=S)(OC)OC1=CC=C(C=C1)[N+]([O-])=O']",71.7612366610468
"716","['CN(C)C1=CC=C(C=C1)/N=N/C2=C(C=CC=C2)C(O)=O']",67.1923439454989
"717","['COC(=O)C1=C(O)C=CC=C1']",60.9440155564169
"718","['CC(=O)C=CC1=CC=CC=C1']",41.3274592670216
"719","['[Cl-].CN(C)C1=CC2=[S+]C3=C(C=CC(=C3)N(C)C)N=C2C=C1']",78.2313237926705
"720","['COC1=CC=C(CC=C)C=C1OC']",68.5766625902278
"721","['CCC(=O)C=CC1C(=CCCC1(C)C)C']",27.2048503528871
"722","['COC(=O)C1=CC=C(O)C=C1']",56.0827404830124
"723","['CSC1=NN=C(C(=O)N1N)C(C)(C)C']",39.7602054802757
"724","['ClC12C3(Cl)C4(Cl)C5(Cl)C(Cl)(C1(Cl)C4(Cl)Cl)C2(Cl)C(Cl)(Cl)C35Cl']",27.3785057851352
"725","['[Na+].[Na+].CCCCC1=NC2=C(C=C1)[C@@H]([C@H]([C@@H]2C3=CC=C(OC)C=C3C[C@H](C)C([O-])=O)C([O-])=O)C4=CC5=C(OCO5)C=C4']",56.6169547898382
"726","['CCN1N=C(CC2=CC=CC=C2)C=C1C3CCN(C[C@H]4C[C@@H](C[C@@H]4C5=CC=CC(F)=C5)N(C)[C@H](C(C)C)C(O)=O)CC3']",27.9834355554805
"727","['OC(=O)CCC([O-])=O.CO[C@@H]1COCC[C@@H]1[NH2+][C@@H]2CC[C@](C2)(C(C)C)C(=O)N3CCC4=C(C3)C=C(C=N4)C(F)(F)F']",18.7090466952418
"728","['CCSC(=O)N1CCCCCC1']",20.6643943753732
"729","['ClC(Cl)C(=O)N1CCOC12CCCCC2']",4.04404406363334
"730","['CNC(=O)/C=C(\\C)/OP(=O)(OC)OC']",34.2173279216919
"731","['COC(=O)C1=C(C=CC=C1)C(O)=O']",61.0182485874861
"732","['[K+].OC(=O)C1=C(C=CC=C1)C([O-])=O']",65.0356081424874
"733","['CCCCCCCCCCCCCOP(O)(O)=O']",38.3108996178852
"734","['CN(C)C(=O)NC1=CC=C(Cl)C=C1']",35.6178386394888
"735","['C1COCCN1']",-9.12925625090502
"736","['CCC(=O)NC1=CC=C(Cl)C(Cl)=C1']",53.3255732848186
"737","['FC(C(F)(F)F)C(F)(F)OC1=CC(Cl)=C(NC(=O)NC(=O)C2=C(F)C=CC=C2F)C=C1Cl']",75.2461018761964
"738","['CCCCNS(=O)(=O)C1=CC=CC=C1']",34.3625918711262
"739","['CCCCCCCCCCCC(=O)N(C)CC(O)=O']",30.3084186809792
"740","['CCNS(=O)(=O)C(F)(F)C(F)(F)C(F)(F)C(F)(F)C(F)(F)C(F)(F)C(F)(F)C(F)(F)F']",85.5376210343906
"741","['CN1CCCC1=O']",-6.08022388772103
"742","['CNC(C)=O']",-14.3594691606943
"743","['CN(N=O)C(N)=O']",-13.8599024021892
"744","['CCCN(CCC)N=O']",6.21582547730195
"745","['CCN(CC)N=O']",-7.46819021828948
"746","['CN(C)N=O']",-31.2417464964511
"747","['O=NN(C1=CC=CC=C1)C2=CC=CC=C2']",58.5580113267073
"748","['NC1=CC=C(NC2=CC=CC=C2)C=C1']",56.3109788977018
"749","['CCN(CC)CCO']",10.0026088621207
"750","['CCCCCCCCCC[N+](C)(C)[O-]']",37.8158077257765
"751","['CCCCCCCC(=O)N(C)C']",18.4676280631933
"752","['ClC(Cl)(Cl)C(NC=O)N1CCN(CC1)C(NC=O)C(Cl)(Cl)Cl']",11.9720049438308
"753","['CCCCNC(=S)NCCCC']",26.7247521334627
"754","['CCNC(=S)NCC']",18.8567648505715
"755","['C=CC(=O)NCNC(=O)C=C']",10.2267665922918
"756","['C1=CC2=CC=CC=C2C=C1']",54.5837755971933
"757","['COC1=CC(OC)=C(C=C1)S(=O)(=O)N2C(=O)[C@@](N3C[C@H](O)C[C@H]3C(=O)N(C)C)(C4=CC(Cl)=CC=C24)C5=CC=CC=C5OC']",52.4243816634037
"758","['OC(=O)C(CCC(C)C)(CC)C']",20.4274850527977
"759","['CC(C)=CCCC(C)=CCCC(C)(O)C=C']",40.4558438267468
"760","['COC1=CC(OC)=NC(NC(=O)NS(=O)(=O)C2=NC=CC=C2C(=O)N(C)C)=N1']",49.3238771289934
"761","['OC(=O)C1=CC=CN=C1']",44.6084359559357
"762","['ClC1=CC=CC(=N1)C(Cl)(Cl)Cl']",46.6647573424871
"763","['OC(=O)CN(CC(O)=O)CC(O)=O']",23.035865813568
"764","['[O-][N+](=O)C1=CC=CC=C1']",53.7750477820284
"765","['[O-][N+](=O)C1=CC=C(OC2=C(Cl)C=C(Cl)C=C2)C=C1']",83.0300775745223
"766","['CCCCCCCCC']",33.6727396881866
"767","['OC(=O)CCCCCCCC(O)=O']",31.929876268795
"768","['CCCCCCCCC(O)=O']",32.7235972901036
"769","['CC(CC1=CC(O)=C(O)C=C1)C(C)CC2=CC=C(O)C(O)=C2']",71.9144132239637
"770","['C12CC[C@@](O)(C#C)[C@@]1(C)CCC3C4CCC(=O)C=C4CCC23']",13.1887312312457
"771","['CNC1=C(Cl)C(=O)N(N=C1)C2=CC=CC(=C2)C(F)(F)F']",54.2057491622779
"772","['CC1=CC=CC=C1N=NC2=CC(C)=C(N)C=C2']",62.5730965452139
"773","['CC1=C(O)C=CC=C1']",53.2107958320076
"774","['ClC1=CC=C(C=C1)C(C2=CC=CC=C2Cl)C(Cl)(Cl)Cl']",70.4068102331889
"775","['CCCCCCCCOC1=CC(O)=C(C=C1)C(=O)C2=CC=CC=C2']",67.8040376800539
"776","['C[Si]1(C)O[Si](C)(C)O[Si](C)(C)O[Si](C)(C)O1']",17.1212711561675
"777","['CCCCCCCC=O']",29.5494802467206
"778","['CCCCCCCC(O)=O']",30.6381417077268
"779","['CCCCCCCCN1SC=CC1=O']",47.8127013524031
"780","['CC(C)(C)CC(C)(C)C1=CC(N2N=C3C=CC=CC3=N2)=C(O)C=C1']",57.6809561013421
"781","['CCCCCCCCOC(C)=O']",28.522240085674
"782","['CCCCCCCCCCOC(=O)C1=C(C=CC=C1)C(=O)OCCCCCCCC']",51.9999511099796
"783","['CCCCCCCCOC(=O)C1=CC=C(O)C=C1']",53.0689362800138
"784","['CCCCCCCC/C=C\\CCCCCCCC(O)=O']",44.3747623690679
"785","['OC(=O)C(O)=O']",9.558402515503
"786","['CNC(=O)ON=C(SC)C(=O)N(C)C']",28.2730657474924
"787","['OC1N=C(C2=CC=CC=C2)C3=CC(Cl)=CC=C3NC1=O']",61.9541577368062
"788","['CCOC1=CC(OC2=CC=C(C=C2Cl)C(F)(F)F)=CC=C1[N+]([O-])=O']",79.7529511295418
"789","['ClC(Cl)C(C1=CC=C(Cl)C=C1)C2=CC=C(Cl)C=C2']",66.4583390184943
"790","['ClC(=C(C1=CC=C(Cl)C=C1)C2=CC=C(Cl)C=C2)Cl']",81.0973726636851
"791","['CC(C)(C)[C@@H](O)[C@@H](CC1=CC=C(Cl)C=C1)N2C=NC=N2']",32.9646785986865
"792","['CCOP(=O)(OCC)OC1=CC=C(C=C1)[N+]([O-])=O']",57.9720339960073
"793","['CCOP(=S)(OCC)OC1=CC=C(C=C1)[N+]([O-])=O']",69.2554339433418
"794","['CCC(CC)NC1=C(C=C(C)C(C)=C1[N+]([O-])=O)[N+]([O-])=O']",68.0947328738665
"795","['COC1=CN=C(OC)N2N=C(NS(=O)(=O)C3=C(C=CC=C3OCC(F)F)C(F)(F)F)N=C12']",58.2061485089287
"796","['[O-][N+](=O)C1=C(Cl)C(Cl)=C(Cl)C(Cl)=C1Cl']",97.3284506026019
"797","['CCCCCCCCCCCCCCC']",41.2931230731801
"798","['[O-][N+](=O)OCC(CO[N+]([O-])=O)(CO[N+]([O-])=O)CO[N+]([O-])=O']",36.7291147139408
"799","['CCCCC=O']",17.004871051742
"800","['O=C(OCCCCCOC(=O)C1=CC=CC=C1)C2=CC=CC=C2']",52.7975073405455
"801","['CCCCC(O)=O']",20.6882049289829
"802","['CCCCCOC(C)=O']",20.1497338952466
"803","['CC1CCC2(CC1)C(CO2)C.CC1CCC(C(C1)O)C(C)C.CC1CCC(C(C1)OC(=O)C)C(C)C.CC1CCC(C(=O)C1)C(C)C.CC1CCC2=C(C1)OC=C2C.CC1CCC(=C(C)C)C(=O)C1']",14.7285795024187
"804","['OC(=O)C(F)(F)C(F)(F)C(F)(F)C(F)(F)C(F)(F)C(F)(F)C(F)(F)C(F)(F)C(F)(F)F']",94.9844450578735
"805","['OC(=O)C(F)(F)C(F)(F)C(F)(F)C(F)(F)C(F)(F)C(F)(F)F']",88.9240730851809
"806","['OC(=O)C(F)(F)C(F)(F)C(F)(F)C(F)(F)C(F)(F)F']",85.4658919603275
"807","['OC(=O)C(F)(F)C(F)(F)C(F)(F)C(F)(F)C(F)(F)C(F)(F)C(F)(F)C(F)(F)F']",93.4215560085197
"808","['NS(=O)(=O)C(F)(F)C(F)(F)C(F)(F)C(F)(F)C(F)(F)C(F)(F)C(F)(F)C(F)(F)F']",91.816530501878
"809","['OS(=O)(=O)C(F)(F)C(F)(F)C(F)(F)C(F)(F)C(F)(F)C(F)(F)C(F)(F)C(F)(F)F']",93.9958347208752
"810","['OC(=O)C(F)(F)C(F)(F)C(F)(F)C(F)(F)C(F)(F)C(F)(F)C(F)(F)F']",91.4593153393199
"811","['OC(=O)C(F)(F)C(F)(F)C(F)(F)C(F)(F)C(F)(F)C(F)(F)C(F)(F)C(F)(F)C(F)(F)C(F)(F)F']",96.2581522219283
"812","['CC1(C)C(C=C(Cl)Cl)C1C(=O)OCC2=CC(OC3=CC=CC=C3)=CC=C2']",56.4117276306923
"813","['[Na+].COC1=CC=C(/C=C/S(=O)(=O)[N-]C(=O)C2=CC=C(C)C=C2Cl)C=C1']",77.8903657623253
"814","['COC(=O)NC1=CC(OC(=O)NC2=CC=CC(C)=C2)=CC=C1']",58.1022670961031
"815","['[Na+].O=C1NC([O-])=NC(=O)C1(CC)C2=CC=CC=C2']",46.3087608087864
"816","['OC1=CC=CC=C1']",44.7344470455554
"817","['OC1=CC=C(C=C1)C2(OS(=O)(=O)C3=C2C=CC=C3)C4=CC=C(O)C=C4']",79.7830073610638
"818","['OC1=CC=C(C=C1)C2(OC(=O)C3=C2C=CC=C3)C4=CC=C(O)C=C4']",86.1335409332377
"819","['OC(=O)C1=C(C=CC=C1)C(C2=CC=C(O)C=C2)C3=CC=C(O)C=C3']",79.4444548789342
"820","['S(O)(=O)(=O)C=1C(O)=CC=CC1']",62.2792894467551
"821","['ClP(Cl)C1=CC=CC=C1']",52.8279703284022
"822","['OC1=C(C=CC=C1)C(=O)OC2=CC=CC=C2']",73.6281432676032
"823","['O=CCC1=CC=CC=C1']",42.7391041194056
"824","['CC(=O)O[Hg]C1=CC=CC=C1']",45.1542327040615
"825","['OC1=CC=C(C=C1)C(=O)OC2=CC=CC=C2']",70.3536585519357
"826","['CCOP(=S)(OCC)SCSCC']",62.3093544257252
"827","['CCOP(=S)(OCC)SCN1C(=O)OC2=CC(Cl)=CC=C12']",66.9765444019457
"828","['COP(=S)(OC)SCN1C(=O)C2=C(C=CC=C2)C1=O']",70.7693963288537
"829","['OP(O)(O)=O']",21.6918346342942
"830","['CCOP(=S)(OCC)ON=C(C#N)C1=CC=CC=C1']",59.3634216721968
"831","['O=C1NC(=O)C2=C1C=CC=C2']",58.1991516439145
"832","['NC1=C(Cl)C(Cl)=NC(C(O)=O)=C1Cl']",75.9157846307798
"833","['Cl.S1C(CC2=CC=C(OCCC3=NC=C(CC)C=C3)C=C2)C(=O)NC1=O']",56.0574581712672
"834","['CS(=O)(=O)C1=CC=C(C=C1Cl)[C@@H](C[C@H]2CCC(=O)C2)C(=O)NC3=NC=CN=C3']",45.8026170627738
"835","['CN(C)C(=O)OC1=C(C)C(C)=NC(=N1)N(C)C']",34.8607869204329
"836","['O1C(C1)C.O1CC1']",-3.00914795543474
"837","['CCCCCCCC/C=C\\CCCCCCCC(=O)OCCO']",42.0781720931718
"838","['[Si](=O)(C)C']",16.3446749045759
"839","['O(C(CO)C)CC(O)C']",9.53100769505214
"840","['[K+].[O-]Cl(=O)=O']",26.5740172019846
"841","['[K+].[O-]S(=O)(=O)C(F)(F)C(F)(F)C(F)(F)C(F)(F)F']",83.5455734359383
"842","['[K+].[O-]S(=O)(=O)C(F)(F)C(F)(F)C(F)(F)C(F)(F)C(F)(F)C(F)(F)F']",90.263814734614
"843","['[K+].[O-]S(=O)(=O)C(F)(F)C(F)(F)C(F)(F)C(F)(F)C(F)(F)C(F)(F)C(F)(F)C(F)(F)F']",94.1691216668739
"844","['[Na+].CC[C@H](C)C(=O)O[C@H]1C[C@H](O)C=C2C=C[C@H](C)[C@H](CC[C@@H](O)C[C@@H](O)CC([O-])=O)[C@@H]12']",18.0260328298204
"845","['C12C[C@@H](C#N)[C@H](C(C)=O)[C@@]1(C)CCC3C2CC=C4C[C@@H](O)CC[C@]34C']",8.30422621609627
"846","['CC12CC1(C)C(=O)N(C2=O)C3=CC(Cl)=CC(Cl)=C3']",40.912005713826
"847","['CCCSP(=O)(OCC)OC1=C(Cl)C=C(Br)C=C1']",75.2417412733403
"848","['C12CC[C@H](C(C)=O)[C@@]1(C)CCC3C2CCC4=CC(=O)CC[C@]34C']",7.24929710165785
"849","['Cl.CCCOC(=O)NCCCN(C)C']",14.0571297633279
"850","['CC(C)(C)C1=CC=C(OC2CCCCC2OS(=O)OCC#C)C=C1']",38.9493492674857
"851","['CCNP(=S)(OC)O/C(/C)=C/C(=O)OC(C)C']",45.3013789949744
"852","['CC(C)C1=CC=CC(C(C)C)=C1O']",49.8644956612276
"853","['CNC(=O)OC1=CC=CC=C1OC(C)C']",51.1911314466101
"854","['CC1COC(=O)O1']",7.09608992267277
"855","['CCCOC(=O)C1=CC=C(O)C=C1']",56.2108129634382
"856","['CC(C)(NC(=O)C1=CC(Cl)=CC(Cl)=C1)C#C']",55.1332771629288
"857","['CC1=NNC(=O)N(C1)/N=C/C2=CC=CN=C2']",33.4356286275904
"858","['OC(=O)C1=NN(C(=O)C1)C2=CC=C(C=C2)S(O)(=O)=O']",51.353296012405
"859","['CCC1=NC(N)=NC(N)=C1C2=CC=C(Cl)C=C2']",66.9479446205251
"860","['CC(COC1=CC=C(OC2=CC=CC=C2)C=C1)OC3=NC=CC=C3']",65.5542705800998
"861","['[Na+].COC1=CC(OC)=NC(SC2=C(C([O-])=O)C(Cl)=CC=C2)=N1']",81.8866330332005
"862","['OC(=O)C1=C(Cl)C=CC2=CC(Cl)=CN=C12']",77.6997413742787
"863","['C1=CC2=C(C=C1)N=CC=C2']",52.1605958066747
"864","['CC(=C)[C@@H]1CC=C(C)C(=O)C1']",17.080002883099
"865","['Cl.O1C=2C(=C(C3=C1C=C(NCC)C(=C3)C)C=4C(=CC=CC4)C(OCC)=O)C=C(\\C(=N\\CC)\\C2)C']",80.7557060900474
"866","['O=C(CCCCCCCCC1=CN=CC=C1)N2CCC(CC2)C=C(C3=CC=CC=C3)C4=CC=CC=C4']",48.3531110393148
"867","['CN1C(COC(N)=O)=NC=C1[N+]([O-])=O']",43.858301828146
"868","['CC(C)NC1=NC(Cl)=NC(N)=N1']",21.2240976524045
"869","['OC(=O)C1=C(O)C=CC=C1']",65.4863597671134
"870","['Cl.CCOC(=O)C1=CC=C(C=C1)[C@H]2CC[C@@H](CC2)NC[C@H](O)COC3=CC=C(O)C(NS(C)(=O)=O)=C3']",45.8303295249322
"871","['Cl.CC1=NC(=NO1)C2=CC3=C(CCN(CCC4CCC(CC4)NC(=O)/C=C/C5=CC=C(F)C=C5)CC3)C=C2']",44.1752516672269
"872","['S(C(CC1CC(O)=C(C(=O)C1)\\C(=N\\OCC)\\CCC)C)CC']",44.7155634920635
"873","['S=C1N([O-])C=CC=C1.[Na+]']",53.1544950694542
"874","['[Na+].CC(C)COC(=O)CC(C(=O)OCC(C)C)S([O-])(=O)=O']",33.8838292776769
"875","['[Na+].[S-]C1=NC2=CC=CC=C2S1']",90.1799616975446
"876","['[Na+].CC1=CC=CC=C1S([O-])(=O)=O']",56.4714573928839
"877","['[Na+].CC1=CC=C(C)C(=C1)S([O-])(=O)=O']",60.6391079463744
"878","['CC1=CC=C(S(=O)(=O)[O-])C=C1.[Na+]']",53.7490678613006
"879","['[Na+].CCCCCCCCC1=CC=C(C=C1)S([O-])(=O)=O']",53.5866102559958
"880","['[Na+].[N-]=[N+]=[N-]']",12.5133429536675
"881","['[Na+].[O-]Cl=O']",23.0611874888294
"882","['[Na+].[O-]C(=O)CCl']",23.1590954880635
"883","['[Na+].CCCCCCCCCCOS([O-])(=O)=O']",40.3127281787988
"884","['[Na+].O1C(=CC(=O)/C(=C(/[O-])\\C)/C1=O)C']",56.983581113074
"885","['ClN1C(=O)N(Cl)C(=O)N=C1[O-].[Na+]']",33.2747466563668
"886","['ClN1C(=O)N(Cl)C(=O)N=C1[O-].[Na+].O.O']",31.6146007459437
"887","['[Na+].CN(C)C([S-])=S']",45.5946251633266
"888","['[Na+].CCCCCCCCCCCCOS([O-])(=O)=O']",41.7021857271577
"889","['S([O-])(=O)(=O)C=1C(CCCCCCCCCCCC)=CC=CC1.[Na+]']",54.4464450364308
"890","['[Na+].CCCCC(CC)COS([O-])(=O)=O']",35.2046245013352
"891","['[Na+].[O-]C(=O)CF']",24.9653789992955
"892","['[Na+].CCCCCCCCCCCCCCCCOS([O-])(=O)=O']",43.7113539949608
"893","['[Na+].[I-]']",22.512933527873
"894","['[Na+].CC1=CC=C(C(C)=C1)S([O-])(=O)=O']",60.2696922806396
"895","['[Na+].CC(=C)C([O-])=O']",21.7824866253654
"896","['[Na+].COS([O-])(=O)=O']",27.4528590936152
"897","['[Na+].CCCCCCCCCCCCCCOS([O-])(=O)=O']",42.8101929896141
"898","['[Na+].F[B-](F)(F)F']",-4.75023564287088
"899","['[Na+].[O-]C(=O)C(Cl)(Cl)Cl']",30.8555125116371
"900","['[Na+].CCCCCCCCCCCCCOS([O-])(=O)=O']",42.2860355144757
"901","['S([O-])(=O)(=O)C1=CC(=C(C=C1)C)C.[Na+]']",57.1784195842219
"902","['CCC(C)(C)C(=O)OC1=C(C(=O)OC12CCCCC2)C3=CC=C(Cl)C=C3Cl']",49.6283801695632
"903","['C12CC[C@@]3(CCC(=O)O3)[C@@]1(C)CCC4C2[C@@H](CC5=CC(=O)CC[C@]45C)SC(C)=O']",10.2212666343263
"904","['CCCN(CC)CC1COC2(CCC(CC2)C(C)(C)C)O1']",9.48957978105669
"905","['C1CN2CCC1C(C2)C(C3=CC=CC=C3)NC(=O)C4=C(C=CC(=C4Cl)C(F)(F)F)Cl.Cl']",44.4325075539817
"906","['ClC1=C(C(=O)N[C@H]([C@H]2NCCCC2)C3=CC=CC=C3)C=CC=C1C(F)(F)F']",40.6708896888087
"907","['COC1=CC2=C(C(=O)N(COC3=CC(=O)N4C=CC=C(OCCN5CCCCC5)C4=N3)S2(=O)=O)C(=C1)C(C)C']",50.9623014857458
"908","['OCC(O)C1=CC=CC=C1']",43.2972913543457
"909","['OC[C@H]1O[C@@](CO)(O[C@H]2O[C@H](CO)[C@@H](O)[C@H](O)[C@H]2O)[C@@H](O)[C@@H]1O']",1.90580692639928
"910","['NS(O)(=O)=O']",19.5711383172753
"911","['OC(=O)CC(C(O)=O)S(O)(=O)=O']",39.3585723824636
"912","['COC1=C(C=C(C(=O)C2=CC=CC=C2)C(O)=C1)S(O)(=O)=O']",79.0663420629692
"913","['ClN1C(=O)N(Cl)C(=O)N(Cl)C1=O']",19.030176447705
"914","['C1=C(C=C(C(=C1O)O)O)C(=O)OC2=CC(=CC(=C2O)O)C(=O)OCC3C(C(C(C(O3)OC(=O)C4=CC(=C(C(=C4)OC(=O)C5=CC(=C(C(=C5)O)O)O)O)O)OC(=O)C6=CC(=C(C(=C6)OC(=O)C7=CC(=C(C(=C7)O)O)O)O)O)OC(=O)C8=CC(=C(C(=C8)OC(=O)C9=CC(=C(C(=C9)O)O)O)O)O)OC(=O)C%10=CC(=C(C(=C%10)OC(=O)C%11=CC(=C(C(=C%11)O)O)O)O)O']",98.9069800890806
"915","['CC(C)(C)C(O)(CCC1=CC=C(Cl)C=C1)CN2C=NC=N2']",36.3926033941435
"916","['CCC1=NN(C)C(C(=O)NCC2=CC=C(C=C2)C(C)(C)C)=C1Cl']",49.4599589915459
"917","['COP(=S)(OC)OC1=CC=C(SC2=CC=C(OP(=S)(OC)OC)C=C2)C=C1']",86.3865783631673
"918","['CCC(=NOC/C=C/Cl)C1=C(O)CC(CC1=O)C2CCOCC2']",31.6493795059852
"919","['CC1=C(Cl)C(=O)N(C(=O)N1)C(C)(C)C']",21.0796116791318
"920","['CCOP(=S)(OCC)SCSC(C)(C)C']",55.3255056142628
"921","['CCNC1=NC(NC(C)(C)C)=NC(Cl)=N1']",23.5350936084609
"922","['CC1=CCC(CC1)C(C)(C)O']",18.0705310980837
"923","['CC(C)=C1CCC(C)=CC1']",25.4116420896375
"924","['CCC(=O)OC(C)(C)C1CCC(C)=CC1']",20.0812938616528
"925","['CC(=O)OC(C)(C)C']",12.2310212545069
"926","['CC(C)(C)OOC(=O)C1=CC=CC=C1']",39.4224139919573
"927","['CC(C)(C)N']",-6.76064850851773
"928","['CC(C)(C)C1=CC=CC=C1']",33.2177100147455
"929","['CCCCCCC(C)(C)S']",39.6489794913756
"930","['CCC(=O)O[C@H]1CC[C@H]2[C@@H]3CCC4=CC(=O)CC[C@]4(C)[C@H]3CC[C@]12C']",4.65702585991463
"931","['OC(=O)CC1=CC(I)=C(OC2=CC(I)=C(O)C(I)=C2)C(I)=C1']",109.299486348225
"932","['FC(F)C(F)(F)OCC(CN1C=NC=N1)C2=C(Cl)C=C(Cl)C=C2']",51.6057506436078
"933","['CCN(CC)C(=S)SSC(=S)N(CC)CC']",68.0263934359253
"934","['OCC1CCCO1']",8.7519512236947
"935","['C1CCC2=C(C1)C=CC=C2']",38.8091538491452
"936","['CC(C)=CC1C(C(=O)OCN2C(=O)C3=C(CCCC3)C2=O)C1(C)C']",26.2361415536483
"937","['CCCO[Si](OCCC)(OCCC)OCCC']",21.8373812356438
"938","['O=C1N(C2CCC(=O)NC2=O)C(=O)C3=CC=CC=C13']",42.3754705168361
"939","['CN1C2=C(NC=N2)C(=O)N(C)C1=O']",20.2210059151488
"940","['N1C2=C(C=CC=C2)N=C1C3=CSC=N3']",69.95621824949
"941","['CN1COCN(CC2=CN=C(Cl)S2)C1=N[N+]([O-])=O']",42.9686940148198
"942","['COC(=O)C1=C(CC(C)C)C(C2=NCCS2)=C(N=C1C(F)F)C(F)(F)F']",61.0993702338998
"943","['O=C(NC1=CN=NS1)NC2=CC=CC=C2']",57.2709653977973
"944","['CCN(CC)C(=O)SCC1=CC=C(Cl)C=C1']",53.69367136619
"945","['NNC(=S)NN']",9.23833120425468
"946","['CSC(C)=NOC(=O)N(C)SN(C)C(=O)ON=C(C)SC']",41.5970813117507
"947","['CCOC(=O)NC(=S)NC1=C(NC(=S)NC(=O)OCC)C=CC=C1']",49.1860003994428
"948","['COC(=O)NC(=S)NC1=C(NC(=S)NC(=O)OC)C=CC=C1']",48.3203387251713
"949","['CC1=C(OCCCC(O)=O)C=CC(Cl)=C1']",55.2911270499699
"950","['CC(C)C1=CC=C(C)C=C1O']",53.4938993343383
"951","['OC(=O)CC1=CC(I)=C(OC2=CC(I)=C(O)C=C2)C(I)=C1']",102.22054402894
"952","['CC1=CC=C(C=C1)S(=O)(=O)NC(=O)NN2CCCCCC2']",28.0794847220026
"953","['N=1NN=C2C1C(=CC=C2)C']",45.6090059679314
"954","['CC1CC(C)(C)C2=C(C=C(C)C(=C2)C(C)=O)C1(C)C']",38.7294866026498
"955","['S(=O)(=O)(C1=C(C(=C(C=C1)C(=O)C=2C(=O)N(NC2)C)C)C3=NOCC3)C']",60.0098143463298
"956","['NC(=O)CN1C(=O)C=C(CCN2CCN(CC2)C3=NC=CC4=C3C=CS4)C5=C1C=C(F)C=C5']",54.9104282696731
"957","['CCCCCCCCOC(=O)C1=CC=C(C(=O)OCCCCCCCC)C(=C1)C(=O)OCCCCCCCC']",52.8042056988948
"958","['CC(=O)OCC(COC(C)=O)OC(C)=O']",20.4454435636577
"959","['CC(C)(C)C(=O)C(OC1=CC=C(Cl)C=C1)N2C=NC=N2']",43.1661127097866
"960","['CC(C)(C)C(O)C(OC1=CC=C(Cl)C=C1)N2C=NC=N2']",44.1155057769279
"961","['C12C[C@@H](O)[C@](O)(C(=O)CO)[C@@]1(C)C[C@H](O)[C@@]3(F)C2CCC4=CC(=O)C=C[C@]34C']",6.33437964081131
"962","['CCCCSP(=O)(SCCCC)SCCCC']",68.0246701886582
"963","['CCCCOP(=O)(OCCCC)OCCCC']",25.3580202330514
"964","['CCCCN(CCCC)CCCC']",25.6456756886644
"965","['COP(=O)(OC)C(O)C(Cl)(Cl)Cl']",28.4413130699795
"966","['OC(=O)C(Cl)(Cl)Cl']",22.5795901754943
"967","['OC(=O)COC1=C(Cl)C=C(Cl)C(Cl)=N1']",65.9054193874307
"968","['OC1=C(OC2=CC=C(Cl)C=C2Cl)C=CC(Cl)=C1']",88.37250274798
"969","['OCCN(CCO)CCO']",16.8706152189713
"970","['CCOC(=O)CC(O)(CC(=O)OCC)C(=O)OCC']",28.8464183237848
"971","['CCOP(=O)(OCC)OCC']",16.5823736843384
"972","['OCCOCCOCCO']",19.1632513749881
"973","['CCCCC(CC)C(=O)OCCOCCOCCOC(=O)C(CC)CCCC']",30.3286329400067
"974","['CC(=O)OCCOCCOCCOC(C)=O']",18.5010586228031
"975","['CO/N=C(/C(=O)OC)\\C1=CC=CC=C1CO/N=C(\\C)/C2=CC(=CC=C2)C(F)(F)F']",71.0751655625296
"976","['[Na+].COC1=CC(OC)=NC(NC(=O)[N-]S(=O)(=O)C2=NC=CC=C2OCC(F)(F)F)=N1']",58.1112255763439
"977","['CCCOC/C(=N\\C1=C(C=C(Cl)C=C1)C(F)(F)F)/N2C=CN=C2']",60.7470208393231
"978","['CCCN(CCC)C1=C(C=C(C=C1[N+]([O-])=O)C(F)(F)F)[N+]([O-])=O']",62.5518336858506
"979","['CC(C)CCCCCCCOC(=O)C1=CC(=C(C=C1)C(=O)OCCCCCCCC(C)C)C(=O)OCCCCCCCC(C)C']",47.4997428098557
"980","['CC(C)CCCCCCOC(=O)C1=CC(=C(C=C1)C(=O)OCCCCCCC(C)C)C(=O)OCCCCCCC(C)C']",47.3426900340188
"981","['CO[Si](OC)(OC)C1=CC=CC=C1']",42.214863270153
"982","['CCC[Si](OC)(OC)OC']",14.0216829169411
"983","['COP(=O)(OC)OC']",5.81332040243145
"984","['CN(C)C']",-6.80832210042549
"985","['CCOC(=O)C1CC(=O)C(=C(O)C2CC2)C(=O)C1']",30.4410551424285
"986","['O=P(OC1=CC=CC=C1)(OC2=CC=CC=C2)OC3=CC=CC=C3']",72.5420776118078
"987","['O(P(OC1=CC=CC=C1)OC2=CC=CC=C2)C3=CC=CC=C3']",76.3151624929701
"988","['C1=CC=C(C=C1)P(C2=CC=CC=C2)C3=CC=CC=C3']",77.279085344691
"989","['O(C(COC(CO)C)C)CC(O)C']",11.9167254458379
"990","['CC(CO)OCC(C)OCC(C)OC']",10.7818162269571
"991","['ClCC(CCl)OP(=O)(OC(CCl)CCl)OC(CCl)CCl']",31.465724100462
"992","['CCCCOCCOP(=O)(OCCOCCCC)OCCOCCCC']",26.4099981772017
"993","['ClCCOP(=O)(OCCCl)OCCCl']",22.772693371634
"994","['ClCCOP(OCCCl)OCCCl']",29.6944538902226
"995","['CC(CCl)OP(=O)(OC(C)CCl)OC(C)CCl']",21.1935253214472
"996","['BrCC(Br)COP(=O)(OCC(Br)CBr)OCC(Br)CBr']",37.9137963655473
"997","['O=C1N(CC2CO2)C(=O)N(CC3CO3)C(=O)N1CC4CO4']",7.08841185014121
"998","['P(OC=1C(=CC=CC1)C)(OC=2C(=CC=CC2)C)(OC=3C(=CC=CC3)C)=O']",77.5307581727238
"999","['CC1(C)CCC(=CC2=CC=C(Cl)C=C2)C1(O)CN3C=NC=N3']",37.8138343561665
"1000","['CC1=C(O)C(C)=C2CCC(C)(COC3=CC=C(CC4SC(=O)NC4=O)C=C3)OC2=C1C']",62.8122605225259
"1001","['COCC1=NN=C(N1C2=C(Cl)C(Cl)=CC3=C2NC(=O)C(=O)N3)C4=C[N+]([O-])=CC=C4']",67.451668603719
"1002","['S(=O)(=O)(N1CCN(CC1)CC)C2=CC(=C(OCCC)C=C2)C=3NC(=O)C4=NN(C(=C4N3)CC)CC=5N=CC=CC5']",46.0629613454081
"1003","['CSC1=CC=C(OC2=CC=C(C=C2CN(C)C)S(N)(=O)=O)C=C1C']",73.2770032077203
"1004","['CCCCCCCCCCC']",37.1769651927472
"1005","['CCOC(N)=O']",1.83157608219206
"1006","['C=CN1CCCC1=O']",7.65966613233111
"1007","['COC1=C(OC)C(=CC=C1)[C@H](O)C2CCN(CCC3=CC=C(F)C=C3)CC2']",45.6291792232961
"1008","['CC(=O)CC(C1=CC=CC=C1)C2=C(O)C3=CC=CC=C3OC2=O']",71.7307692994661
"1009","['C[C@H]1CCCC(=O)CCC/C=C/C2=C(C(O)=CC(O)=C2)C(=O)O1']",49.1763284554699
"1010","['OC(=O)CN1C(=O)N(CC2=CC=C(Br)C=C2F)C(=O)C3=C1C=C(Cl)C=C3']",60.8409662445876
"1011","['[ZnH2+2].CN(C)C([S-])=S.CN(C)C([S-])=S']",48.0028839943228