SMILES,activity
CC1(C)[C@@H]2C[C@H]1C(=C)CC2,12.3
COC(=O)C(C)OC1=CC=C(OC2=CC=C(Cl)C=C2Cl)C=C1,94.1
CCCCCCCCCCCCCC(=O)OCC(O)CO,38.1
CC(=O)O[C@@H]1C[C@@H]2CC[C@@]1(C)C2(C)C,11.8
CCCCCCCCCC=CCC1CC(=O)OC1=O,98.4
CCC/C=C/C=O,52.2
CC1=NN(CO)C(C)=C1,32.8
CC/C=C\CCOC(C)=O,14
CCCCC/C=C\CCC=O,69.6
C/C=C/C=C/CCCCCCCO,61.9
OCCOC(=O)C(C)=C.C12C3C(C(C1)CC2)C=CC3,75.5
C[C@H](CCO)CCC=C(C)C,38.8
CC/C=C\CCO,19
CC1=C(C)C(NC2=NC(SCC(O)=O)=NC(Cl)=C2)=CC=C1,94.3
ClC(Cl)C(C1=CC=C(Cl)C=C1)C2=C(Cl)C=CC=C2,28
CC1(C)N(CO)C(=O)NC1=O,3.9
COC1=CC2=C(C=C1)N(C(=O)C3=CC=C(Cl)C=C3)C(C)=C2CC(O)=O,101.7
CCO[Si](CCCNC(N)=O)(OCC)OCC,-29.5
CC(O)CN,5.5
CC1(C)N(Br)C(=O)N(Cl)C1=O,33.5
FC(F)(F)C1=CC=C(Cl)C=C1,8.9
[O-][N+](=O)C1=CC=C(Cl)C=C1,28
CCCCCCCCCCN,10.1
CCCCCCCCCCO,69.5
CCCCCCCCCCCCS,5.1
CCCCCCCCCCCCO,71.3
CCCCCCCCCCCCN1CCCC1=O,29.7
CCOCC(C)O,3
CCCCCCCCCCCCCCCCO,-22.4
CCCCCCO,10.5
COCC(C)O,7.9
CCC(C)(C)C1CCC(CC1)OC,34.2
CN1C=C(C(=O)C(=C1)C2=CC(=CC=C2)C(F)(F)F)C3=CC=CC=C3,23.8
CC1=C2C=CC=CC2=CC=C1,24.8
CCCCCCCCCCCC(=O)OCC(O)CO,52.4
OC(=O)CC1=C2C=CC=CC2=CC=C1,63
OC1=CC=CC2=CC=CC=C12,90.3
CCCCCCCCO,35.1
CCCCCC(O)C=C,14.7
CCCCCCCCN1CCCC1=O,19.5
CC(O)COC1=CC=CC=C1,9.9
O=C1C=CC(=O)N1C2=CC=CC=C2,55
NC(=O)NC1=CC=CC=C1,11.8
CCCOCC(C)O,6.4
CCCCCCCCCCCCC=C,9.6
CCCCCCCCCCCCCO,46.3
CC(C1=CC=C(C)C(C)=C1)C2=CC=C(C)C(C)=C2,41.1
C[SiH](O[Si](C)(C)C)O[Si](C)(C)C,10.6
CC(O)CN(CCN(CC(C)O)CC(C)O)CC(C)O,3.3
C1=CC2=C(N=C1)C3=C(C=CC=N3)C=C2,46.1
O=CC1=CC=CC=C1C=O,98
CC(C)CCCCCCCOC(=O)C1=CC=CC=C1C(=O)OCCCCCCCC(C)C,-5.7
O(C[C@@H]([C@H](CCC)CC)CCC)C(=O)C=1C(C(OCCCCCCCCCCCC)=O)=CC=CC1,6.1
OC1=C(O)C=CC=C1,34.4
BrCCBr,13.4
FC(F)(F)C1=CC=C(Cl)C(Cl)=C1,8.3
ClC1=C(Cl)C=CC=C1,20.8
CC1=CC=CC(=C1C)[N+]([O-])=O,56
[O-][N+](=O)C1=C(C=CC=C1)[N+]([O-])=O,60.9
C(COC1=CC=CC=C1)OC2=CC=CC=C2,23.4
O=C(CC1=CC=CC=C1)C2=CC=CC=C2,63.1
I.I.NCCN,13.4
CCCCOC(CC)O,10.2
CC(O)CO,-6.8
O=C1NC(=O)C2CC=CCC12,5.3
ClC1=CC(Cl)=C(Cl)C=C1,7.5
CC1=CC(C)=C(C)C=C1,17.8
ClC1=CC(Cl)=C(Cl)C=C1Cl,1.5
CC1=CC(C)=C(C)C=C1C,14.1
ClC(=O)C1=CC(=CC=C1)C(Cl)=O,36.8
CC(O)CCO,-5.8
C1C=CC=C1,10.9
Cl.ClC1=CC2=C(CN3CCCCCC3=N2)C(Cl)=C1,8.2
ClC1=CC(Cl)=CC=C1,6.5
[O-][N+](=O)C1=CC(=CC=C1)[N+]([O-])=O,11.1
O=C(CC(=O)C1=CC=CC=C1)C2=CC=CC=C2,71.3
CCN1CN(CC)CN(CC)C1,0.2
CC(C)C1=CC(=CC(=C1)C(C)C)C(C)C,-31.8
C[Si]1(O[Si](C)(O[Si](C)(O[Si](C)(O1)C=C)C=C)C=C)C=C,99.7
NC1=CC=C(N)C=C1,108.1
OC(=O)C1CCC(CC1)C(O)=O,20.8
NC1=CC=C(N)C2=C1C(=O)C3=CC=CC=C3C2=O,69.5
ClC1=CC=C(Cl)C=C1,-12.7
CC1=CC=C(C)C2=C1C=CC=C2,55
C\1C/C=C/CC/C=C/CC/C=C1,10.5
NCCCCCCN,-5.1
CC12CCC(CC1)C(C)(C)O2,12.9
OC(=O)CCCCCCCCC=C,92.6
CCCCCC(=O)O[C@@]1(CC[C@H]2[C@@H]3CCC4=CC(=O)CC[C@]4(C)[C@H]3CC[C@]12C)C(C)=O,29
C[C@]12CC[C@H]3[C@@H](CCC4=C3C=CC(O)=C4)[C@@H]1CC[C@H]2O,46.8
C12CC[C@@](O)(C#C)[C@@]1(C)CCC3C4=C(CCC23)C=C(O)C=C4,87.9
CC(=O)[C@@]1(O)CC[C@H]2[C@@H]3CCC4=CC(=O)CC[C@]4(C)[C@H]3CC[C@]12C,13.9
C12CC[C@H](O)[C@@]1(C)CCC3C4=CC=C(O)C=C4CCC23,55.8
CCCCOCCOCCO,8.7
CC1=C(OCC(O)=O)C=CC(Cl)=C1,79.4
CCNCCO,5.4
CC(OC1=CC(Cl)=CC=C1)C(O)=O,38.8
OCCC(F)(F)C(F)(F)C(F)(F)C(F)(F)C(F)(F)C(F)(F)F,56.8
CC(=C)C(=O)OCCC(F)(F)C(F)(F)C(F)(F)C(F)(F)C(F)(F)C(F)(F)F,9.4
CCOCCOCCOCCO,6.6
COCCOCCOCCO,6.1
OC1=CC=C(C=C1)C(=O)CBr,104.3
CCC(C)=NO,-0.8
CCCCOCCOC(C)=O,8.3
OCC#CCO,11.1
ClC=1C=C(C2=CC=CC=C2)C=CC1O,105.7
ClCC=O,8.7
ClCC(=O)C1=CC=CC=C1,26
OCCCl,10.2
CCCCC(CC)CO,8.6
CCCC(O)C(CC)CO,5.3
CCCC=C(CC)C=O,23.2
CCC1=CC=CC(C)=C1N,30.3
CCCCC(CC)C(O)=O,-8.2
CCCCC(CC)COC(C)=O,10.1
CCCCC(CC)COP(=O)(OC1=CC=CC=C1)OC2=CC=CC=C2,53.1
CCCCC(CC)COC(=O)CS,58.7
CCC1=C(O)C=CC=C1,68.1
CCCCCC(C)=O,13.4
COC1=CC=C(C(=O)C2=CC=CC=C2)C(O)=C1,98.3
CC(=O)C1=CC=CC=C1O,19.1
OCCOC(=O)C=C,17.1
CCCCCCCCSCCO,75
SC1=NC2=C(S1)C=CC=C2,101
COC1=CC=C(C)C=C1N,37.4
COCCO,23.3
COC1=C(O)C=CC=C1,52.3
CC(O)CC(C)(C)O,13.1
CC1=C(N)C=CC=C1,30.1
Cl.CC1=CC=CC=C1N,39
CCC(C)COC(=O)CC(C)C,1.6
CC(CCC#N)C#N,0.2
CC(C)C#N,4.9
NC1=CC=CC=C1[N+]([O-])=O,95.2
CCCCCCCCCCC(CO)CCCCCCCC,14
CCCC(C)=O,11.9
OCCOC1=CC=CC=C1,3.3
OCCC1=CC=CC=C1,7.4
O=C(OCCC1=CC=CC=C1)C2=CC=CC=C2,91.9
OC1=C(C=CC=C1)C2=CC=CC=C2,91.7
CCCOCCO,3
O=C1CCCN1,13.1
CCC(C)C1CCCCC1=O,9.9
CCC1=CC(=C(O)C=C1)C(C)(C)C,87.9
CC1=CC(O)=C(C=C1)C(C)(C)C,66.2
CCCCCCCCCC(C)=O,15.8
NC(=O)C(Br)(Br)C#N,25.8
OC1=C(CC2=C(O)C=CC=C2)C=CC=C1,100.9
CC1=CC(CC2=CC(C)=CC(=C2O)C(C)(C)C)=C(O)C(=C1)C(C)(C)C,52.3
CCC1=CC(CC2=C(O)C(=CC(CC)=C2)C(C)(C)C)=C(O)C(=C1)C(C)(C)C,39.3
CC(C)(C1=CC(Cl)=C(O)C(Cl)=C1)C2=CC(Cl)=C(O)C(Cl)=C2,105.2
CC1=C(C)C(O)=CC=C1,67.6
CC1=CC=CC(=C1[N+]([O-])=O)[N+]([O-])=O,58
CC(C)(C1=CC=CC=C1)C2=CC(=C(O)C=C2)C(C)(C)C3=CC=CC=C3,97.6
CC(C)NC1=NC(NC(C)C)=NC(Cl)=N1,30.1
ClC1=C(OCC([O-])=O)C=CC(Cl)=C1.[Na+],90.5
CCCCOCCOC(=O)COC1=C(Cl)C=C(Cl)C=C1,71.8
C1=CC(=C(C=C1Cl)Cl)OCC(=O)O,86.7
OC(=O)CCCOC1=CC=C(Cl)C=C1Cl,99.4
OC1=CC=C(C(=O)C2=CC=CC=C2)C(O)=C1,107
OC1=C(C=C(C=C1)[N+]([O-])=O)[N+]([O-])=O,108.4
CC1=C(C=C(C=C1)[N+]([O-])=O)[N+]([O-])=O,74.7
OC1=C(Cl)C=C(Cl)C(Cl)=C1,103.4
OC(=O)COC1=C(Cl)C=C(Cl)C(Cl)=C1,97.1
OC1=C(Br)C=C(Br)C=C1Br,105
OC1=C(Cl)C=C(Cl)C=C1Cl,100
CC1=CC(C)=C(C(O)=O)C(C)=C1,35.7
CC1=CC(C)=C(O)C(C)=C1,81.7
C=CCOC1=NC(OCC=C)=NC(OCC=C)=N1,29.3
OC1=CC(Cl)=CC=C1Cl,105
CC(C)(C)OOC(C)(C)CCC(C)(C)OOC(C)(C)C,10
CC(C)(C)C1=CC=CC(=C1O)C(C)(C)C,30
ClC1=CC=CC(Cl)=C1C#N,77.7
CCC1=CC=CC(CC)=C1N,16.2
CN(C)CCCN,11.3
CCO[Si](CCCN)(OCC)OCC,-19.3
CCC1=CC=CC(O)=C1,59.3
OC1=CC2=C(CC3=CC=CC=C23)C=C1,85.3
CC(C)C1=CC=CC(O)=C1,78.9
CC(C)CCOC(C)=O,-18.7
CC1=CC(=CC=C1)[N+]([O-])=O,30.1
COCCOCCC[Si](C)(O[Si](C)(C)C)O[Si](C)(C)C,33.6
OC(=O)C1=CC(OC2=CC=CC=C2)=CC=C1,98.8
CCCC(CC)C1=CC=CC=C1,8.8
N#CC1=CN=CC=C1,5.5
CC(C)(C)C1=CC=CC(O)=C1,81.7
CC1CC(O)CC(C)(C)C1,9.8
CC1CC(CC(C)(C)C1)OC(=O)C2=C(O)C=CC=C2,68.6
CC1=CC(=CC=C1N)C2=CC=C(N)C(C)=C2,105.7
Cl.Cl.CC1=C(N)C=CC(=C1)C2=CC(C)=C(N)C=C2,107.7
CC(C)(C1=CC(Br)=C(O)C(Br)=C1)C2=CC(Br)=C(O)C(Br)=C2,105.8
C1COC=CC1,12.7
NC1=CC(Cl)=CC(Cl)=C1,93.5
CC(CCO)CC(C)(C)C,28.5
CCCCOCCOCCOCCOCCO,5.2
CC(C)=CCCC(C)=CC=O,33.5
CCC(C)(O)CCCC(C)C,11.3
CCC(C)(CCCC(C)C)OC(C)=O,9.6
CC1=CN([C@H]2C[C@H](N=[N+]=[N-])[C@@H](CO)O2)C(=O)NC1=O,2
CC(C)(C)C1=CC=C(O)C=C1,67.1
CC(C)(C)CC(C)(C)C1=CC=C(O)C=C1,94.7
CCC(C)(C)C1=CC=C(O)C=C1,91.2
CC(=O)C=CC1=C(C)CCCC1(C)C,19.8
ClC1=CC=C(CCC(CN2C=NC=N2)(C#N)C3=CC=CC=C3)C=C1,22.8
CCC(C)C1=CC=C(O)C=C1,97.5
CCC(C)(C)C1CCC(=O)CC1,19.8
NN1C=NN=C1,4.6
NC1=CC=C(C=C1)C(O)=O,-5.9
CCOCN1C(=C(C#N)C(Br)=C1C(F)(F)F)C2=CC=C(Cl)C=C2,94.6
CCCCC1=CC=C(Cl)C=C1,15.3
CN(C)S(=O)(=O)N1C(=NC(Cl)=C1C2=CC=C(C)C=C2)C#N,103.3
ClC1=C(C(=C(O[H])C(=C1[H])[H])[H])C([H])([H])[H],85.8
ClC1=CC=C(C=C1)C(Cl)(Cl)Cl,98.8
OC1=CC=C(Cl)C=C1,55.3
OC(=O)COC1=CC=C(Cl)C=C1,34.8
NC(=O)NC1=CC=C(Cl)C=C1,19
CC(C)(C1=CC=CC=C1)C2=CC=C(O)C=C2,103.1
O=C1CCC(CC1)C2CCCCC2,53.6
CCCCCCCCCCCCN1CCOCC1,38.8
CCCCCCCCCCCCC1=CC=C(O)C=C1,100.3
CCOC1=CC=C(N)C=C1,7.8
CCC1COC(=O)O1,15.2
CCCCCCOC1=CC=C(N)C=C1,94.7
CC(=O)C1=CC=C(O)C=C1,36.7
OC(=O)C1=CC=C(O)C=C1,84.3
CC(C)C1=CC=C(O)C=C1,73.2
COC1=CC=C(C=O)C=C1,25
CC(C)CC(C)O,12
CC(C)=CC(C)=O,34.8
CC1=CC=C(C=C)C=C1,13
OC(=O)C1=CC=C(C=C1)[N+]([O-])=O,29.1
OC1=CC=C(C=C1)[N+]([O-])=O,103
O=NC1=CC=C(NC2=CC=CC=C2)C=C1,108.9
CC1=CC=C(C=C1)[N+]([O-])=O,18
CCCCCCCCCC1=CC=C(O)C=C1,89.2
CC(C)CCCCCCC1=CC=C(O)C=C1,104.2
CCCCCCCCC1=CC=C(O)C=C1,102.5
CCCCCC1=CC=C(N)C=C1,89.4
OC1=CC=C(C=C1)C2=CC=CC=C2,100.9
CCCC1CCC(=O)CC1,34.9
CC(C)(C)C1=CC=C(N)C=C1,26.7
CC(C)(C)C1=CC=C(S)C=C1,37.9
CC(C)(C)C1CCC(=O)CC1,7.2
CC(C)(C)C1=CC=C(OC(=O)C2=C(O)C=CC=C2)C=C1,45.7
CC1=CC=C(C=C1)C(C)(C)C,8.8
CC1=CC=C(C=C1)S(N)(=O)=O,12.8
C1OC1C2CCC3OC3C2,8.2
CC(CCC(O)=O)(C1=CC=C(O)C=C1)C2=CC=C(O)C=C2,43.3
CC(C)(C)C1=CC=C(C=C1)C2=CC=C(C=C2)C(C)(C)C,6.1
NC1=CC=C(CC2=CC=C(N)C=C2)C=C1,75.3
O1CCN(CC1)SSN2CCOCC2,80.8
CN(C)C1=CC=C(CC2=CC=C(C=C2)N(C)C)C=C1,46.2
CC1=C(N)C=CC(CC2=CC(C)=C(N)C=C2)=C1,96.5
NC1=CC=C(OC2=CC=C(N)C=C2)C=C1,90
OC1=CC=C(C=C1)S(=O)(=O)C2=CC=C(O)C=C2,87.7
CC(C1=CC=C(O)C=C1)(C2=CC=C(O)C=C2)C3=CC=C(O)C=C3,100.2
ClC1=C(Cl)C(=O)SS1,106.6
CC1=C(O)C(=CC(=C1)[N+]([O-])=O)[N+]([O-])=O,109.9
CCC1(C)NC(=O)NC1=O,10.6
FC1=CNC(=O)NC1=O,14.1
COC1=C(N)C=C(C=C1)[N+]([O-])=O,69
CC1(C)NC(=O)N(C1=O)C2=CC(=C(C=C2)[N+]([O-])=O)C(F)(F)F,3
CC1(C)NC(=O)NC1=O,9.7
O=C1NC(=O)C(N1)(C2=CC=CC=C2)C3=CC=CC=C3,24.1
C12CC[C@H](O)[C@@]1(C)CCC3C2CCC4CC(=O)CC[C@]34C,20.9
OC1=CC2=CC=C(SSC3=CC4=CC=C(O)C=C4C=C3)C=C2C=C1,100.1
CC1=CC(=O)NC(=S)N1,16.6
CC1=CC2=CC=CN=C2C=C1,43.1
[Na+].CCCCC(CC)CCC(CC(C)C)OS([O-])(=O)=O,103
[K+].CC1=CC(=O)[N-]S(=O)(=O)O1,24
CC(=O)NC1=CC=C(O)C=C1,-15.9
[Na+].CC1=C(OCC([O-])=O)C=CC(Cl)=C1,85.1
CCC(CC)C(C)CCOC(=O)C,12.3
CCOCN(C(=O)CCl)C1=C(CC)C=CC=C1C,51.4
CC(=O)C1=CC=CC=C1,19.5
C12C[C@@]3(CC(C(C)=O)=C1C)[C@H](C)CCC3C2(C)C,17.7
CSC(=O)C1=CC=CC2=C1SN=N2,72.2
S([O-])(=O)(=O)C=1C=C2C(C(/N=N/C=3C(=CC=CC3)C(F)(F)F)=C(N)C=C2)=C(O)C1.[Na+],103.1
OC(=O)C1=C(C=CC(OC2=CC=C(C=C2Cl)C(F)(F)F)=C1)[N+]([O-])=O,102.9
NC(=O)C=C,12.4
CCCCCCCCCCCC(=O)OCC(C)OC(=O)CCCCC(=O)O,34.3
CCC1=CC=CC(CC)=C1N(COC)C(=O)CCl,39.7
CSC(C)(C)C=NO,10.1
CNC(=O)ON=CC(C)(C)S(C)(=O)=O,7.8
CNC(=O)ON=CC(C)(C)S(C)=O,-5.7
C12CC(C=C1)C3C2[C@]4(Cl)C(Cl)=C(Cl)[C@@]3(Cl)C4(Cl)Cl,-15
O1C(C1)COCCCCCCCCCCCC,57.7
NC(=O)NC1NC(=O)NC1=O,9.5
S([O-])(=O)(=O)C=1C(=CC(\N=N\C=2C3=C(C=C(S([O-])(=O)=O)C=C3)C=CC2O)=C(OC)C1)C.[Na+].[Na+],94.8
OCC=C,5
CCCCCC(C=O)=CC1=CC=CC=C1,77.3
CC(=O)/C=C/C1C(C)=CCCC1(C)C,46.2
CC(=O)C(C)=CC1C(C)=CCCC1(C)C,41.3
[Na+].CCCCCCCCCCCCOCCOS([O-])(=O)=O,98.4
CCCC(=O)OC(C)(C)CC1=CC=CC=C1,29.9
CCNC1=NC(SC)=NC(NC(C)C)=N1,62.1
Cl.CCCCC1=C(C(=O)C2=CC(I)=C(OCCN(CC)CC)C(I)=C2)C3=C(O1)C=CC=C3,48.4
CN(C=NC1=C(C)C=C(C)C=C1)C=NC2=C(C)C=C(C)C=C2,54.1
[NH4+].NC([O-])=O,14.7
[NH4+].[S-]C#N,11.8
[NH4+].[O-]C(=O)C(F)(F)C(F)(F)C(F)(F)C(F)(F)C(F)(F)C(F)(F)C(F)(F)F,104.2
[NH4+].NS([O-])(=O)=O,26.1
S(O)(=O)(=O)C1=C(C=C(C=C1)C)C.N,25
CC(C)(C#N)C1=CC(=CC(CN2C=NC=N2)=C1)C(C)(C)C#N,9.5
OC(CCCCCC)CC=CCCCCCCCC(OCCN(CCOC(=O)CCCCCCCC=CCC(O)CCCCCC)CCOC(=O)CCCCCCCC=CCC(O)CCCCCC)=O,60.8
OC1=CC=C(C=C1)C2=CC(=O)C3=C(O2)C=C(O)C=C3O,103
CC(=O)OC1=C(C=CC=C1)C(O)=O,36.6
COC(=O)NS(=O)(=O)C1=CC=C(N)C=C1,5.4
CC(C)NCC(O)COC1=CC=C(CC(N)=O)C=C1,15.4
[Ca].[Ca+2].FC1=CC=C(C=2N(C(C(C)C)=C(C2C3=CC=CC=C3)C(=O)NC4=CC=CC=C4)CC[C@@H](O)C[C@@H](O)CC([O-])=O)C=C1.FC1=CC=C(C=2N(C(C(C)C)=C(C2C3=CC=CC=C3)C(=O)NC4=CC=CC=C4)CC[C@@H](O)C[C@@H](O)CC([O-])=O)C=C1,63
CCNC1=NC(NC(C)C)=NC(Cl)=N1,6.9
[Na+].[O-]C(=O)C1=CC=C2N(CC3=NOC(=C3)C4=CC=C(Cl)S4)C(=NC2=C1)C(=O)NC5CCN(CC5)C6CC6,46.2
COP(=O)(OC)SCN1C(=O)OC2=CC(Cl)=CN=C12,34.3
CN1C=NC(=C1SC2=NC=NC3=C2NC=N3)[N+]([O-])=O,86.8
[Cl-].CCNC1=CC=C(C(C2=CC=C(C=C2)N(CC)CC)=C3C=CC(C=C3)=[N+](CC)CC)C4=C1C=CC=C4,110.3
CNC(=O)OC1=CC=CC2=C1OC(C)(C)O2,24.2
CCCCN(CC)C1=C(C=C(C=C1[N+]([O-])=O)C(F)(F)F)[N+]([O-])=O,37.5
IC1=C(C=CC=C1)C(=O)NC2=CC=CC=C2,73.6
CCCCNC(=O)N1C(NC(=O)OC)=NC2=C1C=CC=C2,40.4
CC(C)OP(=S)(OC(C)C)SCCNS(=O)(=O)C1=CC=CC=C1,21.5
ClC(Cl)C1=CC=CC=C1,12.4
CCOC(=O)C1=CC=C(N)C=C1,37.3
OC(=O)C1=CC=CC=C1,-17.1
OC(C(=O)C1=CC=CC=C1)C2=CC=CC=C2,57.4
O=C(C1=CC=CC=C1)C2=CC=CC=C2,87
ClC(Cl)(Cl)C1=CC=CC=C1,62.4
OC1=CC=C(C=C1)C(=O)OCC2=CC=CC=C2,103.2
CC(=O)OCC1=CC=CC=C1,11.8
OCC1=CC=CC=C1,43.3
O=C(OCC1=CC=CC=C1)C2=CC=CC=C2,88.2
CCCCOC(=O)C1=C(C=CC=C1)C(=O)OCC2=CC=CC=C2,71.1
O=C(OCC1=CC=CC=C1)C=CC2=CC=CC=C2,75.4
[Cl-].[N+](CCCCCCCCCC)(CC1=CC=CC=C1)(C)C,-8.5
CCCCC(CC)COC(=O)CCCCC(=O)OCC1=CC=CC=C1,13.5
FC1=CC=C(CC2CCN(CCS(=O)C3=CC=C4NC(=O)OC4=C3)CC2)C=C1,-16.3
CC1=C(C=CC=C1COC(=O)[C@@H]2[C@H](/C=C(\Cl)/C(F)(F)F)C2(C)C)C3=CC=CC=C3,54.8
CC(C)OP(C)(=O)OC(C)C,10.9
CCCCC(CC)COC(=O)/C=C\C(=O)OCC(CC)CCCC,14.7
CCCCC(CC)COC(=O)C1=C(Br)C(Br)=C(Br)C(Br)=C1C(=O)OCC(CC)CCCC,32.4
CCCCC(CC)COC(=O)CCCCC(=O)OCC(CC)CCCC,-0.4
CC(C)(C1=CC=C(O)C=C1)C2=CC=C(O)C=C2,96
CC(C)(C1=CC=C(OCC2CO2)C=C1)C3=CC=C(OCC4CO4)C=C3,31.9
OC1=CC=C(C=C1)C(C2=CC=C(O)C=C2)(C(F)(F)F)C(F)(F)F,100.7
CCC(C)(C1=CC=C(O)C=C1)C2=CC=C(O)C=C2,95.2
OB(O)O,-4.8
ClC1=CC=C(C=C1)C2=C(NC(=O)C3=C(Cl)N=CC=C3)C=CC=C2,29.3
CCC(C)N1C(=O)NC(C)=C(Br)C1=O,22.6
OC1=C(Br)C=C(C=C1Br)C#N,101.8
CS(=O)(=O)OCCCCOS(C)(=O)=O,11.4
CCCCOCN(C(=O)CCl)C1=C(CC)C=CC=C1CC,39.2
CN1C(=O)N(C(=O)C=C1C(F)(F)F)C2=CC(C(=O)OC(C)(C)C(=O)OCC=C)=C(Cl)C=C2,40.9
CC(C)N(CC1=CC=CC=C1)C(=O)C(C)(C)C,10.1
CCCCOC(=O)C=C,4.5
CCCCOC(=O)C1=CC=CC=C1,17.1
CCCCOCC1CO1,5.5
CCSC(=O)N(CC(C)C)CC(C)C,13.3
CCCCC1=CC=CC=C1,16
CCCCC1=CC2=C(C=CC=C2S(=O)(=O)[O-])C=C1.[Na+],101.1
CCCCOC(=O)C1=CC=C(O)C=C1,100.1
CCCC=NO,7.1
[Na+].[Na+].OC1=C(N=NC2=CC=CC=C2)C3=C(C=C(C=C3C=C1)S([O-])(=O)=O)S([O-])(=O)=O,108.8
[Na+].CC1=NN(C(=O)C1N=NC2=CC=CC=C2)C3=CC=C(C=C3)S([O-])(=O)=O,108.3
[Na+].[Na+].CC1=NN(C(=O)C1N=NC2=CC=C(C=C2)S([O-])(=O)=O)C3=CC(Cl)=C(C=C3Cl)S([O-])(=O)=O,102.2
C1=CC=C2C(=C1)C(=O)C(C2=O)C3=NC4=C(C=C(C=C4C=C3)S(=O)(=O)[O-])S(=O)(=O)[O-].[Na+].[Na+],97.3
[Na+].CC1=NN(C(=O)C1/N=N/C2=CC=CC=C2)C3=CC(=CC=C3Cl)S([O-])(=O)=O,109.6
CC1=C(N)C=C(C=C1)[N+]([O-])=O,80.8
S([O-])(=O)(=O)C=1C=C2C(=C(O)C1/N=N/C3=CC=C(/N=N/C4=CC=C(S([O-])(=O)=O)C=C4)C=C3)C=CC(NC(=O)C5=CC=CC=C5)=C2.[Na+].[Na+],103.4
COC1=CC(=CC=C1N)C2=CC(OC)=C(N)C=C2,102.9
Cl.Cl.COC1=CC(=CC=C1N)C2=CC=C(N)C(OC)=C2,110.4
CCCCCCCCCCCCCCCS(=O)(=O)OC1=CC=CC=C1,6.5
[Ca+2].[O-]C(=O)C(CCCCCC)(C)C.[O-]C(=O)C(CCCCCC)(C)C,53.3
CC1(C)C2CCC(C2)C1=C,6.9
COCCOC[C@H](CC1(CCCC1)C(=O)N[C@H]2CC[C@H](CC2)C(O)=O)C(=O)OC3=CC4=C(CCC4)C=C3,4.8
O=C1CCCCCN1,-0.2
O=C1N(SC(Cl)(Cl)Cl)C(=O)C2CC=CCC12,89.1
NC(=O)N1C2=CC=CC=C2C=CC3=C1C=CC=C3,56.6
COC(=O)NC1=NC2=CC=CC=C2N1,-20.8
CCCCN(CCCC)SN(C)C(=O)OC1=C2OC(C)(C)CC2=CC=C1,67.5
CC1=C(SCCO1)C(=O)NC2=CC=CC=C2,36.7
CS(O)(=O)=O.CC(C)C1=CC=C(C=C1S(C)(=O)=O)C(=O)N=C(N)N,11.8
CC1=CC=C(C=C1)C2=CC(=NN2C3=CC=C(C=C3)S(N)(=O)=O)C(F)(F)F,56.9
CC(=O)C1=CC(=CC2=C1CCC2(C)C)C(C)(C)C,6.2
NC1=C(Cl)C(=CC(Cl)=C1)C(O)=O,93.9
CC1=CC=C(S(=O)(=O)[N-]Cl)C=C1.O.O.O.[Na+],88.9
ClC1CC2C(C1Cl)C3(Cl)C(Cl)=C(Cl)C2(Cl)C3(Cl)Cl,62.6
OC(=O)C1C(C(O)=O)C2(Cl)C(Cl)=C(Cl)C1(Cl)C2(Cl)Cl,69.6
CCOP(=S)(OCC)OC(Cl)C(Cl)(Cl)Cl,89.6
NC1=C(Cl)C(=O)N(N=C1)C2=CC=CC=C2,63.9
ClC1=CC=C(C=C1)C(C(=O)C2C(=O)C3=C(C=CC=C3)C2=O)C4=CC=CC=C4,90.4
ClC=1C=C(C=CC1)C.C=1C=C(C=CC1Cl)C,11.3
CC(C)OC(=O)NC1=CC=CC(Cl)=C1,74.2
CCOP(=S)(OCC)OC1=NC(Cl)=C(Cl)C=C1Cl,102.8
CCOP(=O)(OCC)OC1=NC(Cl)=C(Cl)C=C1Cl,99.4
COP(=S)(OC)OC1=NC(Cl)=C(Cl)C=C1Cl,99.6
COC(=O)C1=C(Cl)C(Cl)=C(C(=O)OC)C(Cl)=C1Cl,99.7
OC1=CC2=C(C(O)=C1)C(=O)C=C(O2)C3=CC=CC=C3,94.7
NC1=CC2=C3N(CCC3=C1)C(=O)[C@H](NC(=O)C4=CC=CN=C4)N=C2C5=CC=CC=C5,40.1
CC(C)[C@]12CC[C@](C)(O1)[C@@H](C2)OCC3=C(C)C=CC=C3,45.9
OC(=O)CC(O)(CC(O)=O)C(O)=O,-10.7
CCOC(=O)CC(CC(=O)OCC)(OC(C)=O)C(=O)OCC,12.1
CC(CCO)CCC=C(C)C,92.9
NC(=O)N(O)[C@H]1C[C@@H](OC2=CC=CC(OC3=CC=C(F)C=C3)=C2)C=C1,93
NC1=NC(Cl)=NC2=C1N=CN2[C@H]3C[C@H](O)[C@@H](CO)O3,6.3
C[C@@H](OC1=CC=C(OC2=NC=C(Cl)C=C2F)C=C1)C(=O)OCC#C,57.3
CCOC(=O)C(C)(C)OC1=CC=C(Cl)C=C1,42.1
OC(=O)C1=C(Cl)C=CC(Cl)=N1,30.8
OC1=C(CC2=CC=CC=C2)C=C(Cl)C=C1,105
COC(=O)C(CC1=CN=CN1)N.Cl,85.7
COC1=CC2=C(C(OC)=C1OC)C3=CC=C(OC)C(=O)C=C3[C@H](CC2)NC(C)=O,41.7
[Co].[Co].[Co].[Co].[Co].[Co].[Co].[Co].[Co].[Co].[Co].[Co].[Co].[Co].[Co].[Co].[Co].[Co],32.2
C[C@]12C[C@H](O)[C@H]3[C@@H](CCC4=CC(=O)CC[C@]34C)[C@@H]1CC[C@@H]2C(=O)CO,12.6
CN1[C@@H](CCC1=O)C2=CN=CC=C2,4.8
O[C@@H]1[C@H](CC2=CC=CC(=C2)C(O)=O)COC3=C1C=C(OCC4=NC5=C(S4)C=CC(F)=C5)C=C3,64.6
CC(CC1=CC=C(OCC(O)=O)C=C1)NCC(O)C2=CSC(=N2)C(F)(F)F,22.3
FC1=CC=C(C2(O)CCN([C@H]3[C@@H](O)C4=C(OC3)C=C(O)C=C4)CC2)C=C1,59.6
CCC1=NN(C2CCCCC2)C3=C1C=CC(=C3)[C@]4(CC[C@@H](CC4)C(O)=O)C#N,62.7
CS(O)(=O)=O.CCOC1=CC=CC(=C1)[C@]2(CC[C@H](C)CC2)N3CCN(CC3)C4=CC=CC=C4,15.5
CC(C)(O)C1=CC=C(CNC(=O)C2=CC=CN=C2OC3=CC=C(F)C=C3)C=C1,10.5
[Na+].CC(C)C1=CC=CC(C(C)C)=C1NC(=O)[N-]S(=O)(=O)C2=CC(=CO2)C(C)(C)O,37.3
ONC(=O)C1(CCCC1)N(CCC(O)=O)S(=O)(=O)C2=CC=C(OC3=CC=C(F)C=C3)C=C2,30
CC[C@@H]1C[C@H](N(CC2=CC(=CC(=C2)C(F)(F)F)C(F)(F)F)C(C)=O)C3=C(C=CC(=C3)C(F)(F)F)N1C(=O)OC(C)C,41.7
ONC(=O)C1(CCOCC1)NS(=O)(=O)C2=CC=C(OC3=CC=C(F)C=C3)C=C2,48.4
CNCC1=C(OC2=CC=C(Cl)C(Cl)=C2)C=CC(F)=C1,35.5
CC(C)(O)C1=CC=C(CNC(=O)C2=CC=CN=C2OC3=CC4=NON=C4C=C3)C=C1,5.1
CC1=CC(NC(=O)C(O)=O)=CC(C)=C1OC2=CC=C(O)C3=C2CCC3,105.4
C[C@@H](O)C1=NC(=CC=N1)N2[C@@H](C)CN(C[C@H]2C)C3=NC(C)=NC(C)=N3,0.4
C[C@@H](OC1=CC=C(CNC(=O)C2=CC=CN=C2OC3=CC=C4OCOC4=C3)C(F)=C1)C(O)=O,11.1
OC(CCCCCC)C/C=C/CCCCCCCOC(OCCOC(COCCOC(OCCCCCCC\C=C\CC(O)CCCCCC)=O)COCCOC(OCCCCCCC\C=C\CC(O)CCCCCC)=O)=O,-22
CCNC1=NC(NC(C)(C)C#N)=NC(Cl)=N1,30.7
CSC1=NC(NC(C)(C)C)=NC(NC2CC2)=N1,86
OC(=O)C1(CC1)C(=O)NC2=CC=C(Cl)C=C2Cl,96.4
O=C(C1CCC1)C2=CC=CC=C2,30.8
OC1CCCCCCCCCCC1,44.9
O=C1CCCCC1,1
ON=C1CCCCC1,11.1
[C@H]1(C[C@@H](C)C[C@H](C)C1=O)[C@H](O)CC2CC(=O)NC(=O)C2,10.8
NC1CCCCC1,11.8
O=C(C1CCCCC1)C2=CC=CC=C2,45.5
C12NC[C@@H](C)C[C@H]1O[C@]3(CCC4C(C[C@H]5C4CC=C6C[C@@H](O)CC[C@]56C)=C3C)[C@@H]2C,-3.7
O.ClCCN(CCCl)P1(=O)NCCCO1,63.3
CC1(C)C(C=C(Cl)Cl)C1C(=O)OC(C#N)C2=CC=C(F)C(OC3=CC=CC=C3)=C2,48.1
CCCCOC(=O)[C@@H](C)OC1=CC=C(OC2=C(F)C=C(C=C2)C#N)C=C1,51.1
CC1=NC(NC2=CC=CC=C2)=NC(=C1)C3CC3,91
NC1=NC(NC2CC2)=NC(N)=N1,24.2
Cl.O1C(N2C=CC(=NC2=O)N)C(O)[C@H](O)C1CO,8.7
NC1=CC=C(C=C1)S(=O)(=O)C2=CC=C(N)C=C2,25
ClC1=CC=C(C=C1)C(C2=CC=C(Cl)C=C2)C(Cl)(Cl)Cl,14.9
CCCCCCCCCC=O,94.7
OC(=O)CCCCCCCCC(O)=O,39.5
CCCCCCCCCC(O)=O,93.7
CCN(CC)C(=O)C1=CC=CC(C)=C1,51.8
CC(=O)C1C(=O)C=C(C)OC1=O,41
C12CCC(=O)[C@@]1(C)CCC3C2CC=C4C[C@@H](O)CC[C@]34C,37.5
CCNC1=NC(N)=NC(Cl)=N1,20.2
[O-]C(=O)C1=CC=CC=C1.CC[N+](CC)(CC(=O)NC1=C(C)C=CC=C1C)CC2=CC=CC=C2,12.7
O=C1[N-]S(=O)(=O)C2=C1C=CC=C2.CC[N+](CC)(CC(=O)NC1=C(C)C=CC=C1C)CC2=CC=CC=C2,21.5
P(OCC(=O)[C@]1(O)[C@@]2(C(C3[C@](F)([C@@H](O)C2)[C@@]4(C(CC3)=CC(=O)C=C4)C)C[C@H]1C)C)([O-])([O-])=O.[Na+].[Na+],7.1
CCCCCCCCOC(=O)C1=C(C=CC=C1)C(=O)OCCCCCCCC,15.1
CC(C)(C)OOC(C)(C)C,6.8
CCCCC(CC)COC(=O)C1=C(C=CC=C1)C(=O)OCC(CC)CCCC,5.6
CC(=O)CC(C)(C)O,-17
C=CCOC(=O)C1=C(C=CC=C1)C(=O)OCC=C,65.2
S=P(OC1=NC(=NC(=C1)C)C(C)C)(OCC)OCC,39.1
OCNC(=O)N(CO)C1N(CO)C(=O)N(CO)C1=O,9.7
S1C2=C(C=CC=C2)C3=C1C=CC=C3,15.7
CCCCOC(=O)C1=CC=CC=C1C(=O)OCCCC,70.8
CCCCOC(=O)CCCCC(=O)OCCCC,9.9
CCCCOC(=O)CCCCCCCC(=O)OCCCC,29.2
CCCCOC(=O)CCCCCCCCC(=O)OCCCC,-0.5
COC1=C(Cl)C=CC(Cl)=C1C(O)=O,62.8
ClC(Cl)C(=O)N(CC=C)CC=C,17.2
OC1=CC=C(Cl)C=C1CC2=CC(Cl)=CC=C2O,105.5
CC(OC1=C(Cl)C=C(Cl)C=C1)C(O)=O,81.7
COP(=O)(OC)OC=C(Cl)Cl,13.9
OC(C1=CC=C(Cl)C=C1)(C2=CC=C(Cl)C=C2)C(Cl)(Cl)Cl,64.6
CC(C)(OOC(C)(C)C1=CC=CC=C1)C2=CC=CC=C2,80.7
C1CCC(CC1)SSC2CCCCC2,22.7
O=C(OC1CCCCC1)C2=C(C=CC=C2)C(=O)OC3CCCCC3,37.8
[Na+].[O-]S(=O)(=O)C(CC(=O)OC1CCCCC1)C(=O)OC2CCCCC2,74
C1C=CC2C3CC(C=C3)C12,13.6
OC[C@@H]1CC[C@@H](O1)N2C=NC3=C2N=CNC3=O,1.7
ClC1=C(Cl)[C@]2(Cl)[C@@H]3[C@@H]4C[C@@H]([C@H]5O[C@@H]45)[C@@H]3[C@@]1(Cl)C2(Cl)Cl,25.9
OCCNCCO,14.6
CCOC(=O)CCC(=O)OCC,6.4
[P+](OCC)(OCC)=O,6.4
CCOC(=O)C1=CC=CC=C1C(=O)OCC,44.1
CCOS(=O)(=O)OCC,-4
OCCOCCO,0.4
C1=CC=C(C=C1)C(=O)OCCOCCOC(=O)C2=CC=CC=C2,29.2
COCCOCCO,10.3
CC/C(=C(/CC)\C1=CC=C(O)C=C1)/C2=CC=C(O)C=C2,103.2
COS([O-])(=O)=O.CN1C(=CC(C2=CC=CC=C2)=[N+]1C)C3=CC=CC=C3,91
FC1=CC=CC(F)=C1C(=O)NC(=O)NC2=CC=C(Cl)C=C2,-8
COC1=CC=C(C=C1)N2N=C(C=C2C3=CC=C(C=C3)S(C)=O)C(F)F,33.1
C[C@H]1O[C@H](C[C@H](O)[C@@H]1O)O[C@H]2[C@@H](O)C[C@H](O[C@H]3[C@@H](O)C[C@H](O[C@H]4CC[C@@]5(C)[C@H](CC[C@@H]6[C@@H]5C[C@@H](O)[C@]7(C)[C@H](CC[C@]67O)C8=CC(=O)OC8)C4)O[C@@H]3C)O[C@@H]2C,13.1
CCCCCCOC(=O)CCCCC(=O)OCCCCCC,1
CCCCCCOC(=O)C1=C(C=CC=C1)C(=O)OCCCCCC,17.7
OC(CCCC(C=C)=C)(C)C,28.9
CC(C)COC(=O)CCCCC(=O)OCC(C)C,63.2
CC(C)CCCCCCCOC(=O)CCCCC(=O)OCCCCCCCC(C)C,4.6
CC(C)CCCCCCCOP(OCCCCCCCC(C)C)OC1=CC=CC=C1,101.9
CC(C)CCCCCCOC(=O)CCCCC(=O)OCCCCCCC(C)C,-3.7
CC(C)CCCCCCOC(=O)C1CCCCC1C(=O)OCCCCCCC(C)C,-35.9
CC(C)CCCCCOC(=O)CCCCC(=O)OCCCCCC(C)C,21
CC(O)CNCC(C)O,11.5
CC(C)OC(=O)C1=CC=CC=C1C(=O)OC(C)C,56.5
CNC(=O)CSP(=S)(OC)OC,39.7
CC1CC(OC(C)=O)OC(C)O1,-24.1
CO[Si](C)(C)OC,3.5
COC(=O)CCCC(=O)OC,8.1
COC(=O)C1=CC(=CC=C1)C(=O)OC,40.7
COP(C)(=O)OC,13
COC(=O)C1=C(C=CC=C1)C(=O)OC,38.2
COC(=O)CCC(=O)OC,5
COS(=O)(=O)OC,11.9
COC(=O)C1=CC=C(C=C1)C(=O)OC,39.6
NC=1C(=C(C=CC1)C)C.NC1=C(C=CC=C1C)C.NC1=CC(=C(C=C1)C)C.NC1=C(C=C(C=C1)C)C.NC1=C(C=CC(=C1)C)C.NC1=CC(=CC(=C1)C)C,33.9
C[As](C)(O)=O,-1.8
CN(C)C(Cl)=O,-3.9
C[Sn](C)(Cl)Cl,-1.7
CC(C)(C)C(O)/C(=C\C1=C(Cl)C=C(Cl)C=C1)/N2C=NC=N2,82.7
O(C=1C(N(=O)=O)=CC=CC1)C(=O)/C=C/C.ON=O.C(CCCC)CCC,111.1
CCC(C)C1=CC(=CC(=C1O)[N+]([O-])=O)[N+]([O-])=O,109
CNC(NCC1CCOC1)=N[N+]([O-])=O,7.4
CC(C)CCCCCCOC(=O)C1=CC=CC=C1C(=O)OCCCCCCC(C)C,13.4
CCCCCOC(=O)C1=C(C=CC=C1)C(=O)OCCCCC,49.6
O=C(OC1=CC=CC=C1)C2=CC(=CC=C2)C(=O)OC3=CC=CC=C3,79
O(C1=CC=CC=C1)C2=CC=CC=C2,57.9
OP(=O)(OC1=CC=CC=C1)OC2=CC=CC=C2,45.8
N(C1=CC=CC=C1)C2=CC=CC=C2,83.8
CCCOC(=O)C1=CC=C(N=C1)C(=O)OCCC,33.2
O(C(CO)C)C(CO)C.O(CC(O)C)CC(O)C,4.1
COCCOCCO,-5.3
O(CC(OC(=O)C1=CC=CC=C1)C)CC(OC(=O)C2=CC=CC=C2)C,34.7
CSC(=O)C1=C(N=C(C(C(=O)SC)=C1CC(C)C)C(F)(F)F)C(F)F,44.8
CN(C)C(=O)NC1=CC(Cl)=C(Cl)C=C1,34.4
C=1(C(=CC=CC1)C=C)C=C,23.8
CC(C)CCC[C@@H](C)CCC[C@@H](C)CCC[C@]1(C)CCC2=C(O1)C(C)=C(C)C(OC(C)=O)=C2C,-3.7
[Na+].CCCCC(CC)COC(=O)CC(C(=O)OCC(CC)CCCC)S([O-])(=O)=O,104.7
CCCCCCCCCCCCC1=CC=CC=C1,-13.6
CCCCCCCCCCCCC1=CC(=CC=C1)S(=O)(=O)O.C(CO)N(CCO)CCO,101.8
S(O)(=O)(=O)C=1C(CCCCCCCCCCCC)=CC=CC1,105.3
OC1=CC=C(C=C1)CCCCCCCCCCCC,99.8
[Cl-].[Cl-].[Cl-].[Dy+3],6.3
OC(=O)/C=C/C1=CC=CC=C1,53.5
ClC1=C(Cl)C2(Cl)C3COS(=O)OCC3C1(Cl)C2(Cl)Cl,16.4
ClC1=C(Cl)[C@]2(Cl)[C@@H]3COS(=O)OC[C@@H]3[C@@]1(Cl)C2(Cl)Cl,18.9
OC(=O)C1C2CCC(O2)C1C(O)=O,-3.4
CCOP(=S)(OC1=CC=C(C=C1)[N+]([O-])=O)C2=CC=CC=C2,78.6
FC1=CC=C(C=C1)[C@@]2(CN3C=NC=N3)O[C@@H]2C4=C(Cl)C=CC=C4,62.2
CC[C@H]1OC(=O)[C@H](C)[C@@H](O[C@H]2C[C@@](C)(OC)[C@@H](O)[C@H](C)O2)[C@H](C)[C@@H](O[C@@H]3O[C@H](C)C[C@@H]([C@H]3O)N(C)C)[C@](C)(O)C[C@@H](C)C(=O)[C@H](C)[C@@H](O)[C@]1(C)O,13.4
CC(C)[C@H](C(=O)O[C@H](C#N)C1=CC=CC(OC2=CC=CC=C2)=C1)C3=CC=C(Cl)C=C3,47.1
COC1=CC=C(CC=C)C=C1,21.6
C[C@]12CC[C@H]3[C@@H](CCC4=C3C=CC(O)=C4)[C@@H]1C[C@@H](O)[C@@H]2O,29.7
C12CCC(=O)[C@@]1(C)CCC3C4=C(CCC23)C=C(O)C=C4,15.3
CCOC1OC2=C(C=C(OS(C)(=O)=O)C=C2)C1(C)C,82.6
CCOC(=O)CC1=CC=CC2=C1C=CC=C2,84
CCOC(=O)C1OC1C2=CC=CC=C2,40.1
CCC(=O)C1=CC=C(Cl)C=C1,15.6
CCN(CCO)CCO,4.5
CCCCCC(=O)OCC,1.8
CCCCCCCC/C=C\CCCCCCCC(=O)OCC,17.7
CCOC(OCC)OCC,12
CCOC(=O)CC,10.6
CCOC(=O)CCCCCCCCC=C,26.8
OCCO,4.9
CCOCCOC(C)=O,12.3
O=C(OCCOCCOCCOC(=O)C1=CC=CC=C1)C2=CC=CC=C2,26
CCOC(=O)C1=CC=C(O)C=C1,81.3
CCOC1=CC=C(C=C1)C(C)(C)COCC2=CC(OC3=CC=CC=C3)=CC=C2,51.7
CCOC1=C(C=CC(=C1)C(C)(C)C)C2COC(=N2)C3=C(F)C=CC=C3F,40.1
COC1=C(O)C=CC(CC=C)=C1,91.2
[K+].CCC1=CC(=CC2=C1OCO2)C3=C(N(C4=CC=CC=C4C(F)(F)F)S(=O)(=O)C5=C3C=CC=C5)C([O-])=O,81.3
CC(C)=CCCC(C)=CCCC(C)=CCO,90
[Na+].[Na+].CCN(CC1=CC(=CC=C1)S([O-])(=O)=O)C2=CC=C(C=C2)C(=C3C=CC(C=C3)=[N+](CC)CC4=CC(=CC=C4)S([O-])(=O)=O)C5=C(C=C(O)C=C5)S([O-])(=O)=O,56.9
S([O-])(=O)(=O)C1=CC2=C(C(/N=N/C3=CC=C(S([O-])(=O)=O)C=C3)=C(O)C=C2)C=C1.[Na+].[Na+],97.9
CSC1=N[C@](C)(C(=O)N1NC2=CC=CC=C2)C3=CC=CC=C3,35.3
CC1(C)C2CCC(C)(C2)C1O,3.6
COP(=S)(OC)OC1=CC=C(C(C)=C1)[N+]([O-])=O,98.4
CC(C)OC(=O)C(C)(C)OC1=CC=C(C=C1)C(=O)C2=CC=C(Cl)C=C2,24.8
CCOC(=O)NCCOC1=CC=C(OC2=CC=CC=C2)C=C1,83.7
COP(=S)(OC)OC1=CC(C)=C(SC)C=C1,94
CN(C)C(=O)NC1=CC=CC=C1,6.9
NC1=C(C(=NN1C2=C(Cl)C=C(C=C2Cl)C(F)(F)F)C#N)S(=O)C(F)(F)F,57.4
O=C1C=C(OC2=CC=CC=C12)C3=CC=CC=C3,95.1
[O-][N+](=O)C1=CC(=C(Cl)C(=C1NC2=C(Cl)C=C(C=N2)C(F)(F)F)[N+]([O-])=O)C(F)(F)F,108.7
OC(CN1C=NC=N1)(CN2C=NC=N2)C3=C(F)C=C(F)C=C3,8.8
CC(C)N(C(=O)COC1=NN=C(S1)C(F)(F)F)C2=CC=C(F)C=C2,66.8
FC1=CC=CC(F)=C1C(=O)NC(=O)NC2=C(F)C=C(OC3=C(Cl)C=C(C=C3)C(F)(F)F)C=C2,20
CCOC(=O)COC1=CC(N2N=CC(=C(C)C2=O)C(F)(F)F)=C(F)C=C1Cl,24.7
CCN(CC1=C(Cl)C=CC=C1F)C2=C(C=C(C=C2[N+]([O-])=O)C(F)(F)F)[N+]([O-])=O,61.1
FC1=CC2=C(C=C1N3C(=O)C4=C(CCCC4)C3=O)N(CC#C)C(=O)CO2,85.2
CN(C)C(=O)NC1=CC=CC(=C1)C(F)(F)F,54.8
OCCC(F)(F)C(F)(F)C(F)(F)C(F)(F)C(F)(F)C(F)(F)C(F)(F)C(F)(F)F,45.8
CO/N=C(/C1=NOCCO1)\C2=C(OC3=NC=NC(OC4=CC=CC=C4Cl)=C3F)C=CC=C2,88.2
NC1=C(Cl)C(F)=NC(OCC(O)=O)=C1Cl,84.5
CCCCCCC(C)OC(=O)COC1=NC(F)=C(Cl)C(N)=C1Cl,84.2
C[Si](CN1C=NC=N1)(C2=CC=C(F)C=C2)C3=CC=C(F)C=C3,52.2
CC(C)C(=O)NC1=CC(=C(C=C1)[N+]([O-])=O)C(F)(F)F,30.4
CC(C)OC1=CC(NC(=O)C2=C(C=CC=C2)C(F)(F)F)=CC=C1,75.6
CS(=O)(=O)NC(=O)C1=CC(OC2=CC=C(C=C2Cl)C(F)(F)F)=CC=C1[N+]([O-])=O,97.6
ClC1=NC=CC(NC(=O)NC2=CC=CC=C2)=C1,54.6
C=O,14.6
NC=O,2.3
CC1=C(C2=C(O1)C(NC(=O)C3=C(Cl)C=CC=C3Cl)=CC=C2)C(C)(C)O,102.1
OC(=O)/C=C/C(O)=O,6
CCCOC(=O)C1=CC(O)=C(O)C(O)=C1,104.8
O=C1CCCO1,11.3
CCC1CCC(=O)O1,54
CCCC1CCC(=O)O1,10.6
CCCCCC1CCC(=O)O1,13.3
CC(C)=CCC/C(/C)=C/COC(C)=O,24.6
C12CC[C@@]3(O)C[C@]1(CC3=C)[C@@H](C(O)=O)C4[C@@]5(C)[C@@H](O)C=C[C@@]24OC5=O,-5.4
CCCCCCCC(=O)OCC(CO)O,35
CCCCCCCCC=CCCCCCCCC(=O)OCC(CO)O,76.5
CCCCCCC(CC=CCCCCCCCC(=O)OCC(CO)O)O,85.6
CCCCCCCCCCCCCCCCCC(=O)OCC(O)CO,9.3
OCC1CO1,2.9
CCCCCCCCCC1=CC=C(OCCO)C=C1,44.3
C12C(NC(=O)N1)NC(=O)N2,6.5
CCCCCCC(CCCCCCCCCCC(=O)OCC(COC(=O)C)OC(=O)C)OC(=O)C,21.2
NC(=O)CN(CC(F)(F)F)C1=CC(=C(C=C1)C#N)C(F)(F)F,21.3
CC1=CC=C(C=C1)S(O)(=O)=O.CCN(C(C)C)C(=O)C1=CC(OC[C@H](C)NC2=CC=NC=C2)=CC(C)=C1,5.9
C12[C@@H]3O[C@@H]3[C@H](Cl)C1[C@@]4(Cl)C(Cl)=C(Cl)C2(Cl)C4(Cl)Cl,-20.2
CCCCCCC=O,56.9
CCCCCCC(O)=O,43.3
CCCCCCC(=O)C1=CC=CC=C1,41.7
CCCCCCCOC(=O)CCC,18.6
CCCCCCCOC(=O)C1=CC=C(O)C=C1,103
ClC(Cl)=C(Cl)C(Cl)=C(Cl)Cl,98.9
ClC1=C(Cl)C(Cl)(Cl)C(Cl)=C1Cl,98.4
CCCCC(O)(CN1C=NC=N1)C2=CC=C(Cl)C=C2Cl,69
CCCCCCCCCCCCCCCC,10.1
CCCCCCCCCCCCCCCC(O)=O,53.4
FC(F)C(F)(F)OC1=C(Cl)C=C(NC(=O)NC(=O)C2=C(F)C=CC=C2F)C=C1Cl,-18.9
O=C(OCCCCCCOC(=O)C1=CC=CC=C1)C2=CC=CC=C2,26.8
N#CCCCCC#N,15.9
OC(=O)CCCCC(O)=O,13.8
O(CC(C(CC)C)C)C(=O)CCCCCC(OCC(CCC)CC)=O,11.6
CCCCCC(O)=O,11.2
CN(C)C1=NC(=O)N(C2CCCCC2)C(=O)N1C,21.6
CCCCCCOC(=O)C1=CC=CC=C1,51.2
C[C@H]1[C@@H](SC(=O)N1C(=O)NC2CCCCC2)C3=CC=C(Cl)C=C3,56.4
NS(=O)(=O)C1=CC2=C(NCNS2(=O)=O)C=C1Cl,-6.7
OC1=CC=C(O)C=C1,19.9
COC1=CC=C(OC)C=C1,19.2
CC(CCCC(C)(C)O)CC=O,28.7
CC(C)(O)C(=O)NC1=CC(=C(C=C1)[N+]([O-])=O)C(F)(F)F,29.8
CCC(C)OC(=O)N1CCCCC1CCO,13.4
CC(C)CCCCCCC1=CC=C(C=C1)OCCOCCO,2.8
O=C1NC(=NC1(C(C)C)C)C2=C(C=CC(=C2)C)C(OC)=O,12.2
CC(C)C1(C)NC(=NC1=O)C2=NC=C(C)C=C2C(O)=O,12.5
CC(C)C1(C)N=C(NC1=O)C2=NC3=C(C=CC=C3)C=C2C(O)=O,14.5
CCC1=CN=C(C2=NC(C)(C(C)C)C(=O)N2)C(=C1)C(O)=O,8.2
N1C=CN=C1,3.6
OCN1C(NC(=O)NCNC(=O)NC2N(CO)C(=O)NC2=O)C(=O)NC1=O,20.5
[As]#[In],-16.2
COC(=O)N(C(=O)N1CO[C@]2(CC3=C(C=CC(Cl)=C3)C2=N1)C(=O)OC)C4=CC=C(OC(F)(F)F)C=C4,37.9
O[C@H]([C@H](CC1=CC=CC=C1)NC(=O)C2=CC3=CC(Cl)=CC=C3N2)C(=O)N4C[C@H](O)[C@H](O)C4,52.2
[Na+].COC(=O)C1=C(C=C(I)C=C1)S(=O)(=O)[N-]C(=O)NC2=NC(OC)=NC(C)=N2,96.9
CCC(CC1=C(I)C=C(I)C(N)=C1I)C(O)=O,102.5
CCOP(=S)(OCC)OC1=NN(C(C)C)C(Cl)=N1,75.6
CC1(C)[C@@H]2CC[C@@]1(C)[C@H](O)C2,-7.8
CC(=O)O[C@H]1C[C@@H]2CC[C@@]1(C)C2(C)C,12.6
O([C@H]1[C@]2(C(C(C1)CC2)(C)C)C)C(=O)CC,10.6
COC1=CC(C=CC)=CC=C1O,88.8
NNC(=O)C1=CC=NC=C1,76.8
CC(C)CCCCCCCCCCCCCCC(=O)O,103.9
CC(C)CCCCCOC(=O)C=C,19.9
CC(C)OC(C)=O,11.2
CC(C)OC=O,13
CCCCCCCCCCCCCC(=O)OC(C)C,7.8
CC(C)C1=CC=C(C)C(O)=C1,80.5
CCC(C)(CC)C1=NOC(NC(=O)C2=C(OC)C=CC=C2OC)=C1,79.6
CO/N=C(/C(=O)OC)\C1=C(COC2=C(C)C=CC=C2)C=CC=C1,94
O[C@H]([C@@H](O)C(O)=O)C(O)=O,19
CCOC(=O)C(C)OC(=O)C1=C(C=CC(OC2=C(Cl)C=C(C=C2)C(F)(F)F)=C1)[N+]([O-])=O,51.8
[C@H]1(O[C@@H]2O[C@H](CO)[C@H](O)[C@H](O)[C@H]2O)[C@H](O)[C@@H](O)[C@H](O)O[C@@H]1CO,7.2
CC1(C)[C@H](/C=C(\Cl)/C(F)(F)F)[C@@H]1C(=O)O[C@@H](C#N)C2=CC(OC3=CC=CC=C3)=CC=C2,57.4
CC(C)=CCC[C@](C)(O)[C@H]1CCC(C)=CC1,41
C12CC[C@@](O)(C#C)[C@@]1(CC)CCC3C4CCC(=O)C=C4CCC23,18
CC(C)=CCCC(C)(O)C=C,13
CC(C)=CCCC(C)(OC(C)=O)C=C,15.4
CCCCC/C=C\C/C=C\CCCCCCCC(O)=O,74.5
CON(C)C(=O)NC1=CC=C(Cl)C(Cl)=C1,60.2
CC1=CC(O)=CC=C1,30.6
CC1=CC(C)=CC=C1,34.2
[Mg+2].[O-]C(=O)C1=CC=CC=C1.[O-]C(=O)C1=CC=CC=C1,25
CCOC(=O)CC(SP(=S)(OC)OC)C(=O)OCC,75
OC(=O)/C=C\C(O)=O,11.5
O=C1NNC(=O)C=C1,11.9
OC(CC(O)=O)C(O)=O,-18.7
C(CNC(=S)[S-])NC(=S)[S-].C(CNC(=S)[S-])NC(=S)[S-].[Mn+2].[ZnH2+2],64.1
[Mn+2].[S-]C(=S)NCCNC([S-])=S,37.4
CCCCC(CC)COC(=O)C1=CC=CC=C1C(O)=O,99
CC(C)OC1=CC=CC(NC(=O)C2=C(C)C=CC=C2)=C1,59.8
CC[C@@H]([C@@H](CC)C1=CC=C(O)C=C1)C2=CC=C(O)C=C2,102
CS(=O)(=O)C1=CC(=C(C=C1)C(=O)C2C(=O)CCCC2=O)[N+]([O-])=O,75.8
COCC(=O)N(C(C)C(=O)OC)C1=C(C)C=CC=C1C,19.9
CC1(C)CCC(CC2=CC=C(Cl)C=C2)C1(O)CN3C=NC=N3,31.7
CC(=C)C(N)=O,9.2
CC(=C)C#N,3.5
Cl.CCC(=O)C(CC(C)N(C)C)(C1=CC=CC=C1)C2=CC=CC=C2,-4.6
COP(N)(=O)SC,17.4
N12C(N3C(N(C(N(C1([H])[H])C3([H])[H])([H])[H])C2([H])[H])([H])[H])([H])[H],21.7
COC1=NN(CSP(=S)(OC)OC)C(=O)S1,73.9
CN1C=CNC1=S,60.3
CNC(=O)ON=C(C)SC,19.4
COC1=CC=C(C=C1)C(C2=CC=C(OC)C=C2)C(Cl)(Cl)Cl,23.8
COC1=CC=CC(C(=O)NN(C(=O)C2=CC(C)=CC(C)=C2)C(C)(C)C)=C1C,86
COC(=O)C1=C(O)C(C)=C(O)C=C1C,96.9
CCCCCCCCCC(=O)OC,20.2
CCCCCC1C(CC(=O)OC)CCC1=O,20.9
CCCCCCCCCCCC(=O)OC,32.1
CCCCCCCC(=O)OC,15.7
COP(=S)(OC)OC1=CC=C(C=C1)[N+]([O-])=O,92.6
CN(C)C1=CC=C(C=C1)/N=N/C2=C(C=CC=C2)C(O)=O,109.1
COC(=O)C1=C(O)C=CC=C1,33.2
CC(=O)C=CC1=CC=CC=C1,27.3
[Cl-].CN(C)C1=CC2=[S+]C3=C(C=CC(=C3)N(C)C)N=C2C=C1,49.3
COC1=CC=C(CC=C)C=C1OC,59.5
CCC(=O)C=CC1C(=CCCC1(C)C)C,49.8
COC(=O)C1=CC=C(O)C=C1,51.5
CSC1=NN=C(C(=O)N1N)C(C)(C)C,10.7
ClC12C3(Cl)C4(Cl)C5(Cl)C(Cl)(C1(Cl)C4(Cl)Cl)C2(Cl)C(Cl)(Cl)C35Cl,17.6
[Na+].[Na+].CCCCC1=NC2=C(C=C1)[C@@H]([C@H]([C@@H]2C3=CC=C(OC)C=C3C[C@H](C)C([O-])=O)C([O-])=O)C4=CC5=C(OCO5)C=C4,69.3
CCN1N=C(CC2=CC=CC=C2)C=C1C3CCN(C[C@H]4C[C@@H](C[C@@H]4C5=CC=CC(F)=C5)N(C)[C@H](C(C)C)C(O)=O)CC3,9.6
OC(=O)CCC([O-])=O.CO[C@@H]1COCC[C@@H]1[NH2+][C@@H]2CC[C@](C2)(C(C)C)C(=O)N3CCC4=C(C3)C=C(C=N4)C(F)(F)F,20.9
CCSC(=O)N1CCCCCC1,11.8
ClC(Cl)C(=O)N1CCOC12CCCCC2,10.5
CNC(=O)/C=C(\C)/OP(=O)(OC)OC,8
COC(=O)C1=C(C=CC=C1)C(O)=O,16
[K+].OC(=O)C1=C(C=CC=C1)C([O-])=O,84.3
CCCCCCCCCCCCCOP(O)(O)=O,104.9
CN(C)C(=O)NC1=CC=C(Cl)C=C1,12.9
C1COCCN1,-2.4
CCC(=O)NC1=CC=C(Cl)C(Cl)=C1,58
FC(C(F)(F)F)C(F)(F)OC1=CC(Cl)=C(NC(=O)NC(=O)C2=C(F)C=CC=C2F)C=C1Cl,86.4
CCCCNS(=O)(=O)C1=CC=CC=C1,17.8
CCCCCCCCCCCC(=O)N(C)CC(O)=O,85.9
CCNS(=O)(=O)C(F)(F)C(F)(F)C(F)(F)C(F)(F)C(F)(F)C(F)(F)C(F)(F)C(F)(F)F,94.7
CN1CCCC1=O,7.9
CNC(C)=O,20.5
CN(N=O)C(N)=O,0.8
CCCN(CCC)N=O,8.9
CCN(CC)N=O,7.3
CN(C)N=O,-12.8
O=NN(C1=CC=CC=C1)C2=CC=CC=C2,86.7
NC1=CC=C(NC2=CC=CC=C2)C=C1,90.1
CCN(CC)CCO,12.7
CCCCCCCCCC[N+](C)(C)[O-],9.3
CCCCCCCC(=O)N(C)C,13
ClC(Cl)(Cl)C(NC=O)N1CCN(CC1)C(NC=O)C(Cl)(Cl)Cl,-4.8
CCCCNC(=S)NCCCC,20
CCNC(=S)NCC,5.4
C=CC(=O)NCNC(=O)C=C,50.3
C1=CC2=CC=CC=C2C=C1,34.8
COC1=CC(OC)=C(C=C1)S(=O)(=O)N2C(=O)[C@@](N3C[C@H](O)C[C@H]3C(=O)N(C)C)(C4=CC(Cl)=CC=C24)C5=CC=CC=C5OC,21.8
OC(=O)C(CCC(C)C)(CC)C,38
CC(C)=CCCC(C)=CCCC(C)(O)C=C,75.4
COC1=CC(OC)=NC(NC(=O)NS(=O)(=O)C2=NC=CC=C2C(=O)N(C)C)=N1,17.7
OC(=O)C1=CC=CN=C1,9.9
ClC1=CC=CC(=N1)C(Cl)(Cl)Cl,76
OC(=O)CN(CC(O)=O)CC(O)=O,2.5
[O-][N+](=O)C1=CC=CC=C1,56.1
[O-][N+](=O)C1=CC=C(OC2=C(Cl)C=C(Cl)C=C2)C=C1,68.4
CCCCCCCCC,3.2
OC(=O)CCCCCCCC(O)=O,20.8
CCCCCCCCC(O)=O,94
CC(CC1=CC(O)=C(O)C=C1)C(C)CC2=CC=C(O)C(O)=C2,108.6
C12CC[C@@](O)(C#C)[C@@]1(C)CCC3C4CCC(=O)C=C4CCC23,15.8
CNC1=C(Cl)C(=O)N(N=C1)C2=CC=CC(=C2)C(F)(F)F,48
CC1=CC=CC=C1N=NC2=CC(C)=C(N)C=C2,111
CC1=C(O)C=CC=C1,47.4
ClC1=CC=C(C=C1)C(C2=CC=CC=C2Cl)C(Cl)(Cl)Cl,22.5
CCCCCCCCOC1=CC(O)=C(C=C1)C(=O)C2=CC=CC=C2,92.7
C[Si]1(C)O[Si](C)(C)O[Si](C)(C)O[Si](C)(C)O1,-1.3
CCCCCCCC=O,-4.9
CCCCCCCC(O)=O,80.5
CCCCCCCCN1SC=CC1=O,40.3
CC(C)(C)CC(C)(C)C1=CC(N2N=C3C=CC=CC3=N2)=C(O)C=C1,49.2
CCCCCCCCOC(C)=O,15
CCCCCCCCCCOC(=O)C1=C(C=CC=C1)C(=O)OCCCCCCCC,28
CCCCCCCCOC(=O)C1=CC=C(O)C=C1,96.7
CCCCCCCC/C=C\CCCCCCCC(O)=O,98.2
OC(=O)C(O)=O,18.5
CNC(=O)ON=C(SC)C(=O)N(C)C,23.9
OC1N=C(C2=CC=CC=C2)C3=CC(Cl)=CC=C3NC1=O,23.5
CCOC1=CC(OC2=CC=C(C=C2Cl)C(F)(F)F)=CC=C1[N+]([O-])=O,59.8
ClC(Cl)C(C1=CC=C(Cl)C=C1)C2=CC=C(Cl)C=C2,19.9
ClC(=C(C1=CC=C(Cl)C=C1)C2=CC=C(Cl)C=C2)Cl,23.8
CC(C)(C)[C@@H](O)[C@@H](CC1=CC=C(Cl)C=C1)N2C=NC=N2,30.4
CCOP(=O)(OCC)OC1=CC=C(C=C1)[N+]([O-])=O,98.8
CCOP(=S)(OCC)OC1=CC=C(C=C1)[N+]([O-])=O,84.1
CCC(CC)NC1=C(C=C(C)C(C)=C1[N+]([O-])=O)[N+]([O-])=O,105
COC1=CN=C(OC)N2N=C(NS(=O)(=O)C3=C(C=CC=C3OCC(F)F)C(F)(F)F)N=C12,26.5
[O-][N+](=O)C1=C(Cl)C(Cl)=C(Cl)C(Cl)=C1Cl,69.7
CCCCCCCCCCCCCCC,4.7
[O-][N+](=O)OCC(CO[N+]([O-])=O)(CO[N+]([O-])=O)CO[N+]([O-])=O,-0.8
CCCCC=O,1.2
O=C(OCCCCCOC(=O)C1=CC=CC=C1)C2=CC=CC=C2,16.3
CCCCC(O)=O,26.3
CCCCCOC(C)=O,38.3
CC1CCC2(CC1)C(CO2)C.CC1CCC(C(C1)O)C(C)C.CC1CCC(C(C1)OC(=O)C)C(C)C.CC1CCC(C(=O)C1)C(C)C.CC1CCC2=C(C1)OC=C2C.CC1CCC(=C(C)C)C(=O)C1,37.8
OC(=O)C(F)(F)C(F)(F)C(F)(F)C(F)(F)C(F)(F)C(F)(F)C(F)(F)C(F)(F)C(F)(F)F,102.9
OC(=O)C(F)(F)C(F)(F)C(F)(F)C(F)(F)C(F)(F)C(F)(F)F,102.2
OC(=O)C(F)(F)C(F)(F)C(F)(F)C(F)(F)C(F)(F)F,96.4
OC(=O)C(F)(F)C(F)(F)C(F)(F)C(F)(F)C(F)(F)C(F)(F)C(F)(F)C(F)(F)F,104.7
NS(=O)(=O)C(F)(F)C(F)(F)C(F)(F)C(F)(F)C(F)(F)C(F)(F)C(F)(F)C(F)(F)F,103.1
OS(=O)(=O)C(F)(F)C(F)(F)C(F)(F)C(F)(F)C(F)(F)C(F)(F)C(F)(F)C(F)(F)F,104.9
OC(=O)C(F)(F)C(F)(F)C(F)(F)C(F)(F)C(F)(F)C(F)(F)C(F)(F)F,103.5
OC(=O)C(F)(F)C(F)(F)C(F)(F)C(F)(F)C(F)(F)C(F)(F)C(F)(F)C(F)(F)C(F)(F)C(F)(F)F,101.4
CC1(C)C(C=C(Cl)Cl)C1C(=O)OCC2=CC(OC3=CC=CC=C3)=CC=C2,30.4
[Na+].COC1=CC=C(/C=C/S(=O)(=O)[N-]C(=O)C2=CC=C(C)C=C2Cl)C=C1,88.8
COC(=O)NC1=CC(OC(=O)NC2=CC=CC(C)=C2)=CC=C1,40.7
[Na+].O=C1NC([O-])=NC(=O)C1(CC)C2=CC=CC=C2,7.1
OC1=CC=CC=C1,11.1
OC1=CC=C(C=C1)C2(OS(=O)(=O)C3=C2C=CC=C3)C4=CC=C(O)C=C4,103.1
OC1=CC=C(C=C1)C2(OC(=O)C3=C2C=CC=C3)C4=CC=C(O)C=C4,100.2
OC(=O)C1=C(C=CC=C1)C(C2=CC=C(O)C=C2)C3=CC=C(O)C=C3,97.3
S(O)(=O)(=O)C=1C(O)=CC=CC1,19.1
ClP(Cl)C1=CC=CC=C1,11.2
OC1=C(C=CC=C1)C(=O)OC2=CC=CC=C2,96
O=CCC1=CC=CC=C1,55.8
CC(=O)O[Hg]C1=CC=CC=C1,4.2
OC1=CC=C(C=C1)C(=O)OC2=CC=CC=C2,105.3
CCOP(=S)(OCC)SCSCC,79.7
CCOP(=S)(OCC)SCN1C(=O)OC2=CC(Cl)=CC=C12,40.2
COP(=S)(OC)SCN1C(=O)C2=C(C=CC=C2)C1=O,55.7
OP(O)(O)=O,14.6
CCOP(=S)(OCC)ON=C(C#N)C1=CC=CC=C1,99.2
O=C1NC(=O)C2=C1C=CC=C2,15.9
NC1=C(Cl)C(Cl)=NC(C(O)=O)=C1Cl,55.1
Cl.S1C(CC2=CC=C(OCCC3=NC=C(CC)C=C3)C=C2)C(=O)NC1=O,88.7
CS(=O)(=O)C1=CC=C(C=C1Cl)[C@@H](C[C@H]2CCC(=O)C2)C(=O)NC3=NC=CN=C3,8.9
CN(C)C(=O)OC1=C(C)C(C)=NC(=N1)N(C)C,23.3
O1C(C1)C.O1CC1,13.7
CCCCCCCC/C=C\CCCCCCCC(=O)OCCO,53.8
[Si](=O)(C)C,77.8
O(C(CO)C)CC(O)C,8.9
[K+].[O-]Cl(=O)=O,4.8
[K+].[O-]S(=O)(=O)C(F)(F)C(F)(F)C(F)(F)C(F)(F)F,99.4
[K+].[O-]S(=O)(=O)C(F)(F)C(F)(F)C(F)(F)C(F)(F)C(F)(F)C(F)(F)F,102.4
[K+].[O-]S(=O)(=O)C(F)(F)C(F)(F)C(F)(F)C(F)(F)C(F)(F)C(F)(F)C(F)(F)C(F)(F)F,104.3
[Na+].CC[C@H](C)C(=O)O[C@H]1C[C@H](O)C=C2C=C[C@H](C)[C@H](CC[C@@H](O)C[C@@H](O)CC([O-])=O)[C@@H]12,1.1
C12C[C@@H](C#N)[C@H](C(C)=O)[C@@]1(C)CCC3C2CC=C4C[C@@H](O)CC[C@]34C,-24.9
CC12CC1(C)C(=O)N(C2=O)C3=CC(Cl)=CC(Cl)=C3,54.3
CCCSP(=O)(OCC)OC1=C(Cl)C=C(Br)C=C1,97.1
C12CC[C@H](C(C)=O)[C@@]1(C)CCC3C2CCC4=CC(=O)CC[C@]34C,16.5
Cl.CCCOC(=O)NCCCN(C)C,19.7
CC(C)(C)C1=CC=C(OC2CCCCC2OS(=O)OCC#C)C=C1,50.1
CCNP(=S)(OC)O/C(/C)=C/C(=O)OC(C)C,74.6
CC(C)C1=CC=CC(C(C)C)=C1O,65.9
CNC(=O)OC1=CC=CC=C1OC(C)C,15.2
CC1COC(=O)O1,11.4
CCCOC(=O)C1=CC=C(O)C=C1,96.8
CC(C)(NC(=O)C1=CC(Cl)=CC(Cl)=C1)C#C,64.8
CC1=NNC(=O)N(C1)/N=C/C2=CC=CN=C2,3.1
OC(=O)C1=NN(C(=O)C1)C2=CC=C(C=C2)S(O)(=O)=O,36.9
CCC1=NC(N)=NC(N)=C1C2=CC=C(Cl)C=C2,43.6
CC(COC1=CC=C(OC2=CC=CC=C2)C=C1)OC3=NC=CC=C3,44.7
[Na+].COC1=CC(OC)=NC(SC2=C(C([O-])=O)C(Cl)=CC=C2)=N1,66.3
OC(=O)C1=C(Cl)C=CC2=CC(Cl)=CN=C12,18.7
C1=CC2=C(C=C1)N=CC=C2,34.3
CC(=C)[C@@H]1CC=C(C)C(=O)C1,24
Cl.O1C=2C(=C(C3=C1C=C(NCC)C(=C3)C)C=4C(=CC=CC4)C(OCC)=O)C=C(\C(=N\CC)\C2)C,91.8
O=C(CCCCCCCCC1=CN=CC=C1)N2CCC(CC2)C=C(C3=CC=CC=C3)C4=CC=CC=C4,-38.3
CN1C(COC(N)=O)=NC=C1[N+]([O-])=O,9.7
CC(C)NC1=NC(Cl)=NC(N)=N1,15.8
OC(=O)C1=C(O)C=CC=C1,55.9
Cl.CCOC(=O)C1=CC=C(C=C1)[C@H]2CC[C@@H](CC2)NC[C@H](O)COC3=CC=C(O)C(NS(C)(=O)=O)=C3,61.4
Cl.CC1=NC(=NO1)C2=CC3=C(CCN(CCC4CCC(CC4)NC(=O)/C=C/C5=CC=C(F)C=C5)CC3)C=C2,-24
S(C(CC1CC(O)=C(C(=O)C1)\C(=N\OCC)\CCC)C)CC,55.5
S=C1N([O-])C=CC=C1.[Na+],3.5
[Na+].CC(C)COC(=O)CC(C(=O)OCC(C)C)S([O-])(=O)=O,66.3
[Na+].[S-]C1=NC2=CC=CC=C2S1,96.3
[Na+].CC1=CC=CC=C1S([O-])(=O)=O,10.8
[Na+].CC1=CC=C(C)C(=C1)S([O-])(=O)=O,34.7
CC1=CC=C(S(=O)(=O)[O-])C=C1.[Na+],16.6
[Na+].CCCCCCCCC1=CC=C(C=C1)S([O-])(=O)=O,101.3
[Na+].[N-]=[N+]=[N-],6.3
[Na+].[O-]Cl=O,6
[Na+].[O-]C(=O)CCl,9.3
[Na+].CCCCCCCCCCOS([O-])(=O)=O,98.9
[Na+].O1C(=CC(=O)/C(=C(/[O-])\C)/C1=O)C,41.7
ClN1C(=O)N(Cl)C(=O)N=C1[O-].[Na+],13.8
ClN1C(=O)N(Cl)C(=O)N=C1[O-].[Na+].O.O,15.9
[Na+].CN(C)C([S-])=S,50.3
[Na+].CCCCCCCCCCCCOS([O-])(=O)=O,102.3
S([O-])(=O)(=O)C=1C(CCCCCCCCCCCC)=CC=CC1.[Na+],102.5
[Na+].CCCCC(CC)COS([O-])(=O)=O,81.3
[Na+].[O-]C(=O)CF,8.1
[Na+].CCCCCCCCCCCCCCCCOS([O-])(=O)=O,78
[Na+].[I-],9.5
[Na+].CC1=CC=C(C(C)=C1)S([O-])(=O)=O,27.8
[Na+].CC(=C)C([O-])=O,2.4
[Na+].COS([O-])(=O)=O,11.3
[Na+].CCCCCCCCCCCCCCOS([O-])(=O)=O,98.8
[Na+].F[B-](F)(F)F,8.5
[Na+].[O-]C(=O)C(Cl)(Cl)Cl,0.3
[Na+].CCCCCCCCCCCCCOS([O-])(=O)=O,104.5
S([O-])(=O)(=O)C1=CC(=C(C=C1)C)C.[Na+],19.4
CCC(C)(C)C(=O)OC1=C(C(=O)OC12CCCCC2)C3=CC=C(Cl)C=C3Cl,42.6
C12CC[C@@]3(CCC(=O)O3)[C@@]1(C)CCC4C2[C@@H](CC5=CC(=O)CC[C@]45C)SC(C)=O,-5.9
CCCN(CC)CC1COC2(CCC(CC2)C(C)(C)C)O1,16.4
ClC1=C(C(=O)N[C@H]([C@H]2NCCCC2)C3=CC=CC=C3)C=CC=C1C(F)(F)F,4.4
COC1=CC2=C(C(=O)N(COC3=CC(=O)N4C=CC=C(OCCN5CCCCC5)C4=N3)S2(=O)=O)C(=C1)C(C)C,22
OCC(O)C1=CC=CC=C1,8.5
OC[C@H]1O[C@@](CO)(O[C@H]2O[C@H](CO)[C@@H](O)[C@H](O)[C@H]2O)[C@@H](O)[C@@H]1O,8.1
NS(O)(=O)=O,47.5
OC(=O)CC(C(O)=O)S(O)(=O)=O,5.8
COC1=C(C=C(C(=O)C2=CC=CC=C2)C(O)=C1)S(O)(=O)=O,81.2
ClN1C(=O)N(Cl)C(=O)N(Cl)C1=O,27.1
C1=C(C=C(C(=C1O)O)O)C(=O)OC2=CC(=CC(=C2O)O)C(=O)OCC3C(C(C(C(O3)OC(=O)C4=CC(=C(C(=C4)OC(=O)C5=CC(=C(C(=C5)O)O)O)O)O)OC(=O)C6=CC(=C(C(=C6)OC(=O)C7=CC(=C(C(=C7)O)O)O)O)O)OC(=O)C8=CC(=C(C(=C8)OC(=O)C9=CC(=C(C(=C9)O)O)O)O)O)OC(=O)C%10=CC(=C(C(=C%10)OC(=O)C%11=CC(=C(C(=C%11)O)O)O)O)O,94
CC(C)(C)C(O)(CCC1=CC=C(Cl)C=C1)CN2C=NC=N2,25.5
CCC1=NN(C)C(C(=O)NCC2=CC=C(C=C2)C(C)(C)C)=C1Cl,24.5
COP(=S)(OC)OC1=CC=C(SC2=CC=C(OP(=S)(OC)OC)C=C2)C=C1,101.6
CCC(=NOC/C=C/Cl)C1=C(O)CC(CC1=O)C2CCOCC2,12.4
CC1=C(Cl)C(=O)N(C(=O)N1)C(C)(C)C,14.6
CCOP(=S)(OCC)SCSC(C)(C)C,75.3
CCNC1=NC(NC(C)(C)C)=NC(Cl)=N1,61
CC1=CCC(CC1)C(C)(C)O,3.6
CC(C)=C1CCC(C)=CC1,19
CCC(=O)OC(C)(C)C1CCC(C)=CC1,11.6
CC(=O)OC(C)(C)C,-0.7
CC(C)(C)OOC(=O)C1=CC=CC=C1,21.4
CC(C)(C)N,9.9
CC(C)(C)C1=CC=CC=C1,-1.2
CCCCCCC(C)(C)S,11.2
CCC(=O)O[C@H]1CC[C@H]2[C@@H]3CCC4=CC(=O)CC[C@]4(C)[C@H]3CC[C@]12C,31.3
OC(=O)CC1=CC(I)=C(OC2=CC(I)=C(O)C(I)=C2)C(I)=C1,105
FC(F)C(F)(F)OCC(CN1C=NC=N1)C2=C(Cl)C=C(Cl)C=C2,72.3
CCN(CC)C(=S)SSC(=S)N(CC)CC,55.2
OCC1CCCO1,7.8
C1CCC2=C(C1)C=CC=C2,8.9
CC(C)=CC1C(C(=O)OCN2C(=O)C3=C(CCCC3)C2=O)C1(C)C,28.1
CCCO[Si](OCCC)(OCCC)OCCC,10.3
O=C1N(C2CCC(=O)NC2=O)C(=O)C3=CC=CC=C13,-9
CN1C2=C(NC=N2)C(=O)N(C)C1=O,9.4
N1C2=C(C=CC=C2)N=C1C3=CSC=N3,21.8
CN1COCN(CC2=CN=C(Cl)S2)C1=N[N+]([O-])=O,1
COC(=O)C1=C(CC(C)C)C(C2=NCCS2)=C(N=C1C(F)F)C(F)(F)F,26.2
O=C(NC1=CN=NS1)NC2=CC=CC=C2,46.3
CCN(CC)C(=O)SCC1=CC=C(Cl)C=C1,40.6
NNC(=S)NN,34.1
CSC(C)=NOC(=O)N(C)SN(C)C(=O)ON=C(C)SC,67.1
CCOC(=O)NC(=S)NC1=C(NC(=S)NC(=O)OCC)C=CC=C1,36.9
COC(=O)NC(=S)NC1=C(NC(=S)NC(=O)OC)C=CC=C1,48.3
CC1=C(OCCCC(O)=O)C=CC(Cl)=C1,99.3
CC(C)C1=CC=C(C)C=C1O,59.3
OC(=O)CC1=CC(I)=C(OC2=CC(I)=C(O)C=C2)C(I)=C1,105
CC1=CC=C(C=C1)S(=O)(=O)NC(=O)NN2CCCCCC2,12.8
N=1NN=C2C1C(=CC=C2)C,44.2
CC1CC(C)(C)C2=C(C=C(C)C(=C2)C(C)=O)C1(C)C,29.1
S(=O)(=O)(C1=C(C(=C(C=C1)C(=O)C=2C(=O)N(NC2)C)C)C3=NOCC3)C,7.5
NC(=O)CN1C(=O)C=C(CCN2CCN(CC2)C3=NC=CC4=C3C=CS4)C5=C1C=C(F)C=C5,-4.2
CCCCCCCCOC(=O)C1=CC=C(C(=O)OCCCCCCCC)C(=C1)C(=O)OCCCCCCCC,3.3
CC(=O)OCC(COC(C)=O)OC(C)=O,4.2
CC(C)(C)C(=O)C(OC1=CC=C(Cl)C=C1)N2C=NC=N2,4.7
CC(C)(C)C(O)C(OC1=CC=C(Cl)C=C1)N2C=NC=N2,10.4
C12C[C@@H](O)[C@](O)(C(=O)CO)[C@@]1(C)C[C@H](O)[C@@]3(F)C2CCC4=CC(=O)C=C[C@]34C,2
CCCCSP(=O)(SCCCC)SCCCC,51.2
CCCCOP(=O)(OCCCC)OCCCC,1.5
CCCCN(CCCC)CCCC,38.5
COP(=O)(OC)C(O)C(Cl)(Cl)Cl,20.8
OC(=O)C(Cl)(Cl)Cl,-0.9
OC(=O)COC1=C(Cl)C=C(Cl)C(Cl)=N1,93.9
OC1=C(OC2=CC=C(Cl)C=C2Cl)C=CC(Cl)=C1,106
OCCN(CCO)CCO,5.9
CCOC(=O)CC(O)(CC(=O)OCC)C(=O)OCC,14.7
CCOP(=O)(OCC)OCC,6.6
OCCOCCOCCO,6.3
CCCCC(CC)C(=O)OCCOCCOCCOC(=O)C(CC)CCCC,7.4
CC(=O)OCCOCCOCCOC(C)=O,12.6
CO/N=C(/C(=O)OC)\C1=CC=CC=C1CO/N=C(\C)/C2=CC(=CC=C2)C(F)(F)F,65.4
[Na+].COC1=CC(OC)=NC(NC(=O)[N-]S(=O)(=O)C2=NC=CC=C2OCC(F)(F)F)=N1,30.5
CCCOC/C(=N\C1=C(C=C(Cl)C=C1)C(F)(F)F)/N2C=CN=C2,94.9
CCCN(CCC)C1=C(C=C(C=C1[N+]([O-])=O)C(F)(F)F)[N+]([O-])=O,89.2
CC(C)CCCCCCCOC(=O)C1=CC(=C(C=C1)C(=O)OCCCCCCCC(C)C)C(=O)OCCCCCCCC(C)C,43
CC(C)CCCCCCOC(=O)C1=CC(=C(C=C1)C(=O)OCCCCCCC(C)C)C(=O)OCCCCCCC(C)C,3.2
CO[Si](OC)(OC)C1=CC=CC=C1,23.4
CCC[Si](OC)(OC)OC,13.5
COP(=O)(OC)OC,3.9
CN(C)C,1.6
CCOC(=O)C1CC(=O)C(=C(O)C2CC2)C(=O)C1,14.8
O=P(OC1=CC=CC=C1)(OC2=CC=CC=C2)OC3=CC=CC=C3,79.5
O(P(OC1=CC=CC=C1)OC2=CC=CC=C2)C3=CC=CC=C3,26.9
C1=CC=C(C=C1)P(C2=CC=CC=C2)C3=CC=CC=C3,17.6
O(C(COC(CO)C)C)CC(O)C,13.4
CC(CO)OCC(C)OCC(C)OC,96.7
ClCC(CCl)OP(=O)(OC(CCl)CCl)OC(CCl)CCl,-4.5
CCCCOCCOP(=O)(OCCOCCCC)OCCOCCCC,28.5
ClCCOP(=O)(OCCCl)OCCCl,-17.6
ClCCOP(OCCCl)OCCCl,6.1
CC(CCl)OP(=O)(OC(C)CCl)OC(C)CCl,14.5
BrCC(Br)COP(=O)(OCC(Br)CBr)OCC(Br)CBr,21.4
O=C1N(CC2CO2)C(=O)N(CC3CO3)C(=O)N1CC4CO4,6.3
P(OC=1C(=CC=CC1)C)(OC=2C(=CC=CC2)C)(OC=3C(=CC=CC3)C)=O,63.7
CC1(C)CCC(=CC2=CC=C(Cl)C=C2)C1(O)CN3C=NC=N3,15.9
CC1=C(O)C(C)=C2CCC(C)(COC3=CC=C(CC4SC(=O)NC4=O)C=C3)OC2=C1C,99
COCC1=NN=C(N1C2=C(Cl)C(Cl)=CC3=C2NC(=O)C(=O)N3)C4=C[N+]([O-])=CC=C4,-0.8
S(=O)(=O)(N1CCN(CC1)CC)C2=CC(=C(OCCC)C=C2)C=3NC(=O)C4=NN(C(=C4N3)CC)CC=5N=CC=CC5,18.8
CSC1=CC=C(OC2=CC=C(C=C2CN(C)C)S(N)(=O)=O)C=C1C,15.4
CCCCCCCCCCC,4.9
CCOC(N)=O,26.9
C=CN1CCCC1=O,-17.6
COC1=C(OC)C(=CC=C1)[C@H](O)C2CCN(CCC3=CC=C(F)C=C3)CC2,-16.9
CC(=O)CC(C1=CC=CC=C1)C2=C(O)C3=CC=CC=C3OC2=O,93.2
C[C@H]1CCCC(=O)CCC/C=C/C2=C(C(O)=CC(O)=C2)C(=O)O1,28.1
OC(=O)CN1C(=O)N(CC2=CC=C(Br)C=C2F)C(=O)C3=C1C=C(Cl)C=C3,59
[ZnH2+2].CN(C)C([S-])=S.CN(C)C([S-])=S,29.9